#pragma once

#include <array>
#include <cstdint>

// Generated by GenerateGlyphAtlas.ps1: 64 original stroke glyphs (46 mirrored katakana-inspired shapes, ten digits,
// eight Latin letters and symbols) as an exact signed distance field, 24 x 48 texels per glyph in an 8 x 8 grid,
// encoded 128 + 28 * distance (positive inside). Do not edit by hand.
inline constexpr uint32_t kMatrixRainGlyphAtlasWidth = 192;
inline constexpr uint32_t kMatrixRainGlyphAtlasHeight = 384;
inline constexpr uint32_t kMatrixRainGlyphCellWidth = 24;
inline constexpr uint32_t kMatrixRainGlyphCellHeight = 48;
inline constexpr uint32_t kMatrixRainGlyphCount = 64;
// clang-format off
inline constexpr std::array<std::uint8_t, 73728> kMatrixRainGlyphAtlas{
    0x00, 0x00, 0x00, 0x00, 0x00, 0x00, 0x00, 0x00, 0x00, 0x00, 0x00, 0x00, 0x00, 0x00, 0x00, 0x00, 0x00, 0x00, 0x00, 0x00, 0x00, 0x00, 0x00, 0x00,
    0x00, 0x0C, 0x19, 0x22, 0x26, 0x25, 0x1F, 0x14, 0x06, 0x00, 0x00, 0x00, 0x00, 0x00, 0x00, 0x00, 0x00, 0x00, 0x00, 0x00, 0x00, 0x00, 0x00, 0x00,
    0x00, 0x00, 0x00, 0x00, 0x00, 0x00, 0x00, 0x12, 0x25, 0x35, 0x40, 0x47, 0x47, 0x40, 0x35, 0x25, 0x12, 0x00, 0x00, 0x00, 0x00, 0x00, 0x00, 0x00,
    0x00, 0x00, 0x00, 0x00, 0x00, 0x00, 0x00, 0x00, 0x00, 0x00, 0x00, 0x00, 0x00, 0x00, 0x00, 0x00, 0x00, 0x00, 0x00, 0x00, 0x00, 0x00, 0x00, 0x00,
    0x00, 0x00, 0x00, 0x00, 0x00, 0x10, 0x20, 0x2E, 0x37, 0x3A, 0x38, 0x30, 0x23, 0x13, 0x00, 0x00, 0x00, 0x00, 0x00, 0x00, 0x00, 0x00, 0x00, 0x00,
    0x00, 0x00, 0x00, 0x00, 0x00, 0x00, 0x00, 0x00, 0x00, 0x0A, 0x1B, 0x2A, 0x34, 0x39, 0x39, 0x33, 0x28, 0x19, 0x06, 0x00, 0x00, 0x00, 0x00, 0x00,
    0x00, 0x00, 0x00, 0x00, 0x00, 0x00, 0x00, 0x00, 0x04, 0x17, 0x26, 0x32, 0x39, 0x3A, 0x35, 0x2B, 0x1D, 0x0C, 0x00, 0x00, 0x00, 0x00, 0x00, 0x00,
    0x0C, 0x1D, 0x2B, 0x35, 0x3A, 0x3A, 0x3A, 0x3A, 0x3A, 0x3A, 0x3A, 0x3A, 0x3A, 0x3A, 0x3A, 0x3A, 0x36, 0x2D, 0x20, 0x0F, 0x00, 0x00, 0x00, 0x00,
    0x00, 0x00, 0x00, 0x00, 0x00, 0x00, 0x00, 0x00, 0x00, 0x00, 0x00, 0x00, 0x00, 0x00, 0x00, 0x00, 0x00, 0x00, 0x00, 0x00, 0x00, 0x00, 0x00, 0x00,
    0x12, 0x24, 0x32, 0x3D, 0x42, 0x40, 0x39, 0x2D, 0x1D, 0x0A, 0x00, 0x00, 0x00, 0x00, 0x00, 0x00, 0x00, 0x00, 0x00, 0x00, 0x00, 0x00, 0x00, 0x00,
    0x00, 0x00, 0x00, 0x00, 0x00, 0x00, 0x0C, 0x24, 0x39, 0x4C, 0x5A, 0x62, 0x62, 0x5A, 0x4C, 0x39, 0x24, 0x0C, 0x00, 0x00, 0x00, 0x00, 0x00, 0x00,
    0x00, 0x00, 0x00, 0x00, 0x00, 0x00, 0x00, 0x00, 0x00, 0x00, 0x00, 0x00, 0x00, 0x00, 0x00, 0x00, 0x00, 0x00, 0x00, 0x00, 0x00, 0x00, 0x00, 0x00,
    0x00, 0x00, 0x00, 0x00, 0x0E, 0x24, 0x37, 0x47, 0x52, 0x56, 0x53, 0x49, 0x3A, 0x28, 0x13, 0x00, 0x00, 0x00, 0x00, 0x00, 0x00, 0x00, 0x00, 0x00,
    0x00, 0x00, 0x00, 0x00, 0x00, 0x00, 0x00, 0x00, 0x07, 0x1D, 0x31, 0x42, 0x4F, 0x55, 0x55, 0x4D, 0x40, 0x2E, 0x1A, 0x03, 0x00, 0x00, 0x00, 0x00,
    0x00, 0x00, 0x00, 0x00, 0x00, 0x00, 0x00, 0x00, 0x17, 0x2C, 0x3E, 0x4C, 0x54, 0x56, 0x50, 0x44, 0x33, 0x20, 0x0A, 0x00, 0x00, 0x00, 0x00, 0x00,
    0x20, 0x33, 0x44, 0x50, 0x56, 0x56, 0x56, 0x56, 0x56, 0x56, 0x56, 0x56, 0x56, 0x56, 0x56, 0x56, 0x51, 0x46, 0x36, 0x23, 0x0D, 0x00, 0x00, 0x00,
    0x00, 0x00, 0x04, 0x06, 0x06, 0x06, 0x06, 0x06, 0x06, 0x06, 0x06, 0x06, 0x06, 0x06, 0x06, 0x06, 0x06, 0x06, 0x06, 0x06, 0x06, 0x04, 0x00, 0x00,
    0x25, 0x39, 0x4B, 0x57, 0x5D, 0x5C, 0x53, 0x44, 0x31, 0x1C, 0x06, 0x00, 0x00, 0x00, 0x00, 0x00, 0x00, 0x00, 0x00, 0x00, 0x00, 0x00, 0x00, 0x00,
    0x00, 0x00, 0x00, 0x00, 0x00, 0x00, 0x19, 0x32, 0x4B, 0x61, 0x73, 0x7E, 0x7E, 0x73, 0x61, 0x4B, 0x32, 0x19, 0x00, 0x00, 0x00, 0x00, 0x00, 0x00,
    0x00, 0x00, 0x00, 0x00, 0x05, 0x06, 0x06, 0x06, 0x06, 0x06, 0x06, 0x06, 0x06, 0x06, 0x06, 0x06, 0x06, 0x06, 0x06, 0x05, 0x00, 0x00, 0x00, 0x00,
    0x00, 0x00, 0x00, 0x04, 0x1D, 0x35, 0x4B, 0x5E, 0x6C, 0x72, 0x6E, 0x62, 0x4F, 0x3A, 0x22, 0x09, 0x00, 0x00, 0x00, 0x00, 0x00, 0x00, 0x00, 0x00,
    0x00, 0x00, 0x00, 0x00, 0x00, 0x00, 0x00, 0x00, 0x15, 0x2E, 0x44, 0x59, 0x68, 0x71, 0x70, 0x66, 0x56, 0x41, 0x2A, 0x11, 0x00, 0x00, 0x00, 0x00,
    0x00, 0x00, 0x00, 0x00, 0x00, 0x00, 0x00, 0x0E, 0x27, 0x3E, 0x53, 0x65, 0x70, 0x72, 0x6A, 0x5B, 0x47, 0x30, 0x18, 0x00, 0x00, 0x00, 0x00, 0x00,
    0x30, 0x47, 0x5B, 0x6A, 0x72, 0x72, 0x72, 0x72, 0x72, 0x72, 0x72, 0x72, 0x72, 0x72, 0x72, 0x72, 0x6C, 0x5E, 0x4A, 0x34, 0x1C, 0x03, 0x00, 0x00,
    0x0C, 0x18, 0x1F, 0x22, 0x22, 0x22, 0x22, 0x22, 0x22, 0x22, 0x22, 0x22, 0x22, 0x22, 0x22, 0x22, 0x22, 0x22, 0x22, 0x22, 0x22, 0x1F, 0x18, 0x0C,
    0x35, 0x4C, 0x61, 0x71, 0x79, 0x77, 0x6B, 0x59, 0x43, 0x2D, 0x17, 0x01, 0x00, 0x00, 0x00, 0x00, 0x00, 0x00, 0x00, 0x00, 0x00, 0x00, 0x00, 0x00,
    0x00, 0x00, 0x00, 0x00, 0x00, 0x06, 0x22, 0x3D, 0x57, 0x71, 0x88, 0x99, 0x99, 0x88, 0x71, 0x57, 0x3D, 0x22, 0x06, 0x00, 0x00, 0x00, 0x00, 0x00,
    0x00, 0x02, 0x10, 0x1B, 0x21, 0x22, 0x22, 0x22, 0x22, 0x22, 0x22, 0x22, 0x22, 0x22, 0x22, 0x22, 0x22, 0x22, 0x22, 0x21, 0x1B, 0x10, 0x02, 0x00,
    0x00, 0x00, 0x00, 0x0E, 0x29, 0x43, 0x5C, 0x73, 0x85, 0x8E, 0x88, 0x77, 0x61, 0x48, 0x2E, 0x13, 0x00, 0x00, 0x00, 0x00, 0x00, 0x00, 0x00, 0x00,
    0x00, 0x00, 0x00, 0x00, 0x00, 0x00, 0x00, 0x05, 0x20, 0x3A, 0x54, 0x6C, 0x80, 0x8D, 0x8B, 0x7D, 0x68, 0x50, 0x36, 0x1C, 0x01, 0x00, 0x00, 0x00,
    0x00, 0x00, 0x00, 0x00, 0x00, 0x00, 0x00, 0x19, 0x33, 0x4D, 0x65, 0x7B, 0x8A, 0x8D, 0x82, 0x6E, 0x57, 0x3E, 0x23, 0x09, 0x00, 0x00, 0x00, 0x00,
    0x3E, 0x57, 0x6E, 0x82, 0x8D, 0x8E, 0x8E, 0x8E, 0x8E, 0x8E, 0x8E, 0x8E, 0x8E, 0x8E, 0x8E, 0x8E, 0x85, 0x72, 0x5B, 0x42, 0x28, 0x0D, 0x00, 0x00,
    0x24, 0x32, 0x3B, 0x3E, 0x3E, 0x3E, 0x3E, 0x3E, 0x3E, 0x3E, 0x3E, 0x3E, 0x3E, 0x3E, 0x3E, 0x3E, 0x3E, 0x3E, 0x3E, 0x3E, 0x3E, 0x3B, 0x32, 0x24,
    0x40, 0x5A, 0x73, 0x88, 0x95, 0x91, 0x80, 0x6A, 0x54, 0x3E, 0x28, 0x12, 0x00, 0x00, 0x00, 0x00, 0x00, 0x00, 0x00, 0x00, 0x00, 0x00, 0x00, 0x00,
    0x00, 0x00, 0x00, 0x00, 0x00, 0x0A, 0x26, 0x42, 0x5D, 0x79, 0x95, 0xB0, 0xB0, 0x95, 0x79, 0x5D, 0x42, 0x26, 0x0A, 0x00, 0x00, 0x00, 0x00, 0x00,
    0x06, 0x19, 0x29, 0x35, 0x3D, 0x3E, 0x3E, 0x3E, 0x3E, 0x3E, 0x3E, 0x3E, 0x3E, 0x3E, 0x3E, 0x3E, 0x3E, 0x3E, 0x3E, 0x3D, 0x35, 0x29, 0x19, 0x06,
    0x00, 0x00, 0x00, 0x14, 0x2F, 0x4B, 0x66, 0x81, 0x9A, 0xAA, 0x9E, 0x86, 0x6C, 0x50, 0x35, 0x19, 0x00, 0x00, 0x00, 0x00, 0x00, 0x00, 0x00, 0x00,
    0x00, 0x00, 0x00, 0x00, 0x00, 0x00, 0x00, 0x0B, 0x27, 0x42, 0x5E, 0x79, 0x92, 0xA7, 0xA5, 0x8F, 0x74, 0x59, 0x3E, 0x22, 0x06, 0x00, 0x00, 0x00,
    0x00, 0x00, 0x06, 0x09, 0x07, 0x01, 0x03, 0x1F, 0x3A, 0x56, 0x71, 0x8B, 0xA2, 0xA8, 0x95, 0x7C, 0x61, 0x45, 0x2A, 0x0E, 0x00, 0x00, 0x00, 0x00,
    0x45, 0x61, 0x7C, 0x95, 0xA8, 0xAA, 0xAA, 0xAA, 0xAA, 0xAA, 0xAA, 0xAA, 0xAA, 0xAA, 0xAA, 0xAA, 0x99, 0x80, 0x65, 0x4A, 0x2F, 0x15, 0x00, 0x00,
    0x3A, 0x4B, 0x56, 0x5A, 0x5A, 0x5A, 0x5A, 0x5A, 0x5A, 0x5A, 0x5A, 0x5A, 0x5A, 0x5A, 0x5A, 0x5A, 0x5A, 0x5A, 0x5A, 0x5A, 0x5A, 0x56, 0x4B, 0x3A,
    0x47, 0x62, 0x7E, 0x99, 0xB0, 0xA8, 0x92, 0x7C, 0x66, 0x4F, 0x39, 0x23, 0x0D, 0x00, 0x00, 0x00, 0x00, 0x00, 0x00, 0x00, 0x00, 0x00, 0x00, 0x00,
    0x02, 0x0D, 0x14, 0x17, 0x17, 0x17, 0x26, 0x42, 0x5E, 0x7A, 0x96, 0xB2, 0xB2, 0x96, 0x7A, 0x5E, 0x42, 0x26, 0x17, 0x17, 0x17, 0x14, 0x0D, 0x02,
    0x18, 0x2D, 0x40, 0x4F, 0x58, 0x5A, 0x5A, 0x5A, 0x5A, 0x5A, 0x5A, 0x5A, 0x5A, 0x5A, 0x5A, 0x5A, 0x5A, 0x5A, 0x5A, 0x58, 0x4F, 0x40, 0x2D, 0x18,
    0x00, 0x00, 0x00, 0x15, 0x31, 0x4D, 0x69, 0x85, 0xA1, 0xBD, 0xA7, 0x8B, 0x6F, 0x53, 0x37, 0x1B, 0x00, 0x00, 0x00, 0x00, 0x00, 0x00, 0x00, 0x00,
    0x00, 0x00, 0x00, 0x00, 0x00, 0x00, 0x00, 0x0C, 0x28, 0x44, 0x60, 0x7C, 0x98, 0xB4, 0xB0, 0x94, 0x78, 0x5C, 0x40, 0x24, 0x08, 0x00, 0x00, 0x00,
    0x0E, 0x1A, 0x22, 0x25, 0x23, 0x1D, 0x16, 0x22, 0x3D, 0x59, 0x75, 0x91, 0xAD, 0xB7, 0x9B, 0x7F, 0x63, 0x47, 0x2B, 0x0F, 0x00, 0x00, 0x00, 0x00,
    0x47, 0x63, 0x7F, 0x9B, 0xB7, 0xBA, 0xBA, 0xBA, 0xBA, 0xBA, 0xBA, 0xBA, 0xBA, 0xBA, 0xBA, 0xBE, 0xA3, 0x88, 0x6D, 0x52, 0x37, 0x1C, 0x01, 0x00,
    0x4E, 0x62, 0x70, 0x76, 0x76, 0x76, 0x76, 0x76, 0x76, 0x76, 0x76, 0x76, 0x76, 0x76, 0x76, 0x76, 0x76, 0x76, 0x76, 0x76, 0x76, 0x70, 0x62, 0x4E,
    0x47, 0x62, 0x7E, 0x99, 0xB1, 0xB9, 0xA3, 0x8D, 0x77, 0x61, 0x4B, 0x34, 0x1E, 0x08, 0x00, 0x00, 0x00, 0x00, 0x00, 0x00, 0x00, 0x00, 0x00, 0x00,
    0x1B, 0x27, 0x30, 0x33, 0x33, 0x33, 0x33, 0x42, 0x5E, 0x7A, 0x96, 0xB2, 0xB2, 0x96, 0x7A, 0x5E, 0x42, 0x33, 0x33, 0x33, 0x33, 0x30, 0x27, 0x1B,
    0x27, 0x3F, 0x55, 0x67, 0x73, 0x76, 0x76, 0x76, 0x76, 0x76, 0x76, 0x76, 0x76, 0x76, 0x76, 0x76, 0x76, 0x76, 0x76, 0x73, 0x67, 0x55, 0x3F, 0x27,
    0x00, 0x00, 0x00, 0x15, 0x31, 0x4D, 0x69, 0x85, 0xA1, 0xBD, 0xA7, 0x8B, 0x6F, 0x53, 0x37, 0x1B, 0x00, 0x00, 0x00, 0x00, 0x00, 0x00, 0x00, 0x00,
    0x00, 0x00, 0x00, 0x00, 0x00, 0x00, 0x00, 0x0C, 0x28, 0x44, 0x60, 0x7C, 0x98, 0xB4, 0xB0, 0x94, 0x78, 0x5C, 0x40, 0x24, 0x08, 0x00, 0x00, 0x00,
    0x26, 0x34, 0x3D, 0x41, 0x3E, 0x38, 0x31, 0x2B, 0x40, 0x5C, 0x78, 0x94, 0xB0, 0xB4, 0x98, 0x7C, 0x61, 0x45, 0x29, 0x0D, 0x00, 0x00, 0x00, 0x00,
    0x47, 0x63, 0x7F, 0x9B, 0xB7, 0xAC, 0x9E, 0x9E, 0x9E, 0x9E, 0x9E, 0x9E, 0x9E, 0x9E, 0x9F, 0xBA, 0xAB, 0x90, 0x75, 0x5A, 0x3F, 0x24, 0x09, 0x00,
    0x5E, 0x76, 0x89, 0x92, 0x92, 0x92, 0x92, 0x92, 0x92, 0x92, 0x92, 0x92, 0x92, 0x92, 0x92, 0x92, 0x92, 0x92, 0x92, 0x92, 0x92, 0x89, 0x76, 0x5E,
    0x40, 0x5A, 0x73, 0x89, 0x9F, 0xB5, 0xB4, 0x9E, 0x88, 0x72, 0x5C, 0x46, 0x30, 0x1A, 0x03, 0x00, 0x00, 0x00, 0x00, 0x00, 0x00, 0x00, 0x00, 0x00,
    0x32, 0x41, 0x4B, 0x4F, 0x4F, 0x4F, 0x4F, 0x4F, 0x5E, 0x7A, 0x96, 0xB2, 0xB2, 0x96, 0x7A, 0x5E, 0x4F, 0x4F, 0x4F, 0x4F, 0x4F, 0x4B, 0x41, 0x32,
    0x33, 0x4D, 0x66, 0x7C, 0x8D, 0x92, 0x92, 0x92, 0x92, 0x92, 0x92, 0x92, 0x92, 0x92, 0x92, 0x92, 0x92, 0x92, 0x92, 0x8D, 0x7C, 0x66, 0x4D, 0x33,
    0x00, 0x00, 0x00, 0x15, 0x31, 0x4D, 0x69, 0x85, 0xA1, 0xBD, 0xA7, 0x8B, 0x6F, 0x53, 0x37, 0x1B, 0x00, 0x00, 0x00, 0x00, 0x00, 0x00, 0x00, 0x00,
    0x00, 0x00, 0x00, 0x00, 0x00, 0x00, 0x00, 0x0C, 0x28, 0x44, 0x60, 0x7C, 0x98, 0xB4, 0xB0, 0x94, 0x78, 0x5C, 0x40, 0x24, 0x08, 0x00, 0x00, 0x00,
    0x3C, 0x4D, 0x58, 0x5D, 0x5A, 0x53, 0x4D, 0x46, 0x43, 0x5F, 0x7B, 0x96, 0xB2, 0xB2, 0x96, 0x7A, 0x5E, 0x42, 0x26, 0x0A, 0x00, 0x00, 0x00, 0x00,
    0x47, 0x63, 0x7F, 0x9B, 0xB7, 0xAC, 0x90, 0x82, 0x82, 0x82, 0x82, 0x82, 0x82, 0x82, 0x98, 0xB3, 0xB2, 0x97, 0x7C, 0x61, 0x47, 0x2C, 0x11, 0x00,
    0x67, 0x83, 0x9C, 0xAE, 0xAE, 0xAE, 0xAE, 0xAE, 0xAE, 0xAE, 0xAE, 0xAE, 0xAE, 0xAE, 0xAE, 0xAE, 0xAE, 0xAE, 0xAE, 0xAE, 0xAE, 0x9C, 0x83, 0x67,
    0x35, 0x4C, 0x62, 0x78, 0x8E, 0xA4, 0xBA, 0xAF, 0x99, 0x83, 0x6D, 0x57, 0x41, 0x2B, 0x15, 0x00, 0x00, 0x00, 0x00, 0x00, 0x00, 0x00, 0x00, 0x00,
    0x47, 0x59, 0x66, 0x6B, 0x6B, 0x6B, 0x6B, 0x6B, 0x6B, 0x7A, 0x96, 0xB2, 0xB2, 0x96, 0x7A, 0x6B, 0x6B, 0x6B, 0x6B, 0x6B, 0x6B, 0x66, 0x59, 0x47,
    0x39, 0x55, 0x70, 0x8B, 0xA4, 0xAE, 0xAE, 0xAE, 0xAE, 0xAE, 0xAE, 0xAE, 0xAE, 0xAE, 0xAE, 0xAE, 0xAE, 0xAE, 0xAE, 0xA4, 0x8B, 0x70, 0x55, 0x39,
    0x00, 0x04, 0x0B, 0x15, 0x31, 0x4D, 0x69, 0x85, 0xA1, 0xBD, 0xA7, 0x8B, 0x6F, 0x53, 0x37, 0x1B, 0x0D, 0x0D, 0x0D, 0x0D, 0x0D, 0x0B, 0x04, 0x00,
    0x00, 0x00, 0x02, 0x0A, 0x0D, 0x0D, 0x0D, 0x0D, 0x28, 0x44, 0x60, 0x7C, 0x98, 0xB4, 0xB0, 0x94, 0x78, 0x5C, 0x40, 0x24, 0x0D, 0x0B, 0x04, 0x00,
    0x50, 0x64, 0x72, 0x79, 0x75, 0x6E, 0x68, 0x61, 0x5B, 0x61, 0x7D, 0x99, 0xB5, 0xAF, 0x93, 0x77, 0x5B, 0x3F, 0x23, 0x13, 0x0D, 0x06, 0x00, 0x00,
    0x47, 0x63, 0x7F, 0x9B, 0xB7, 0xAC, 0x90, 0x74, 0x66, 0x66, 0x66, 0x66, 0x66, 0x75, 0x90, 0xAB, 0xBA, 0x9F, 0x84, 0x69, 0x4E, 0x33, 0x18, 0x00,
    0x68, 0x84, 0x9F, 0xBA, 0xB5, 0xB5, 0xB5, 0xB5, 0xB5, 0xB5, 0xB5, 0xB5, 0xB5, 0xB5, 0xB5, 0xB5, 0xB5, 0xB5, 0xB5, 0xB5, 0xB5, 0x9F, 0x84, 0x68,
    0x25, 0x3B, 0x51, 0x67, 0x7D, 0x93, 0xA9, 0xBF, 0xAA, 0x94, 0x7E, 0x68, 0x52, 0x3C, 0x26, 0x10, 0x00, 0x00, 0x00, 0x00, 0x00, 0x00, 0x00, 0x00,
    0x58, 0x6E, 0x7F, 0x87, 0x87, 0x87, 0x87, 0x87, 0x87, 0x87, 0x96, 0xB2, 0xB2, 0x96, 0x87, 0x87, 0x87, 0x87, 0x87, 0x87, 0x87, 0x7F, 0x6E, 0x58,
    0x3A, 0x55, 0x71, 0x8D, 0xA8, 0xB5, 0xB5, 0xB5, 0xB5, 0xB5, 0xB5, 0xB5, 0xB5, 0xB5, 0xB5, 0xB5, 0xB5, 0xB5, 0xB5, 0xA8, 0x8D, 0x71, 0x55, 0x3A,
    0x12, 0x1E, 0x26, 0x29, 0x31, 0x4D, 0x69, 0x85, 0xA1, 0xBD, 0xA7, 0x8B, 0x6F, 0x53, 0x37, 0x29, 0x29, 0x29, 0x29, 0x29, 0x29, 0x26, 0x1E, 0x12,
    0x00, 0x0F, 0x1C, 0x25, 0x29, 0x29, 0x29, 0x29, 0x29, 0x44, 0x60, 0x7C, 0x98, 0xB4, 0xB0, 0x94, 0x78, 0x5C, 0x40, 0x29, 0x29, 0x26, 0x1E, 0x12,
    0x5F, 0x77, 0x8B, 0x95, 0x90, 0x8A, 0x83, 0x7D, 0x76, 0x70, 0x80, 0x9C, 0xB8, 0xAC, 0x90, 0x74, 0x59, 0x3D, 0x35, 0x2E, 0x28, 0x21, 0x16, 0x07,
    0x47, 0x63, 0x7F, 0x9B, 0xB7, 0xAC, 0x90, 0x74, 0x58, 0x4A, 0x4A, 0x4A, 0x52, 0x6D, 0x88, 0xA3, 0xBE, 0xA7, 0x8C, 0x71, 0x56, 0x3B, 0x20, 0x05,
    0x61, 0x7C, 0x96, 0xB1, 0xB4, 0x9A, 0x99, 0x99, 0x99, 0x99, 0x99, 0x99, 0x99, 0x99, 0x99, 0x99, 0x99, 0x99, 0x99, 0x99, 0x99, 0x8E, 0x79, 0x61,
    0x13, 0x2A, 0x40, 0x56, 0x6C, 0x82, 0x98, 0xAE, 0xBC, 0xA5, 0x8F, 0x79, 0x63, 0x4D, 0x37, 0x21, 0x0B, 0x00, 0x00, 0x00, 0x00, 0x00, 0x00, 0x00,
    0x64, 0x7E, 0x96, 0xA3, 0xA3, 0xA3, 0xA3, 0xA3, 0xA3, 0xA3, 0xA3, 0xB2, 0xB2, 0xA3, 0xA3, 0xA3, 0xA3, 0xA3, 0xA3, 0xA3, 0xA3, 0x96, 0x7E, 0x64,
    0x35, 0x4F, 0x69, 0x81, 0x93, 0x99, 0x99, 0x99, 0x99, 0x99, 0x99, 0xB2, 0xB2, 0x99, 0x99, 0x99, 0x99, 0x99, 0x99, 0x93, 0x81, 0x69, 0x4F, 0x35,
    0x2A, 0x38, 0x41, 0x45, 0x45, 0x4D, 0x69, 0x85, 0xA1, 0xBD, 0xA7, 0x8B, 0x6F, 0x53, 0x45, 0x45, 0x45, 0x45, 0x45, 0x45, 0x45, 0x41, 0x38, 0x2A,
    0x14, 0x26, 0x35, 0x40, 0x45, 0x45, 0x45, 0x45, 0x45, 0x45, 0x60, 0x7C, 0x98, 0xB4, 0xB0, 0x94, 0x78, 0x5C, 0x45, 0x45, 0x45, 0x41, 0x38, 0x2A,
    0x68, 0x83, 0x9E, 0xB0, 0xAB, 0xA5, 0x9E, 0x98, 0x91, 0x8B, 0x84, 0x9E, 0xBA, 0xA9, 0x8E, 0x72, 0x5D, 0x57, 0x50, 0x4A, 0x43, 0x3B, 0x2E, 0x1D,
    0x47, 0x63, 0x7F, 0x9B, 0xB7, 0xAC, 0x90, 0x74, 0x58, 0x3C, 0x2E, 0x30, 0x4B, 0x66, 0x81, 0x9B, 0xB6, 0xAE, 0x93, 0x79, 0x5E, 0x43, 0x28, 0x0D,
    0x58, 0x73, 0x8E, 0xA8, 0xBD, 0xA2, 0x88, 0x7E, 0x8D, 0x8F, 0x83, 0x7D, 0x7D, 0x7D, 0x7D, 0x7D, 0x7D, 0x7D, 0x7D, 0x7D, 0x7D, 0x76, 0x67, 0x52,
    0x02, 0x18, 0x2E, 0x44, 0x5B, 0x71, 0x87, 0x9D, 0xB3, 0xB7, 0xA1, 0x8B, 0x74, 0x5E, 0x48, 0x32, 0x1C, 0x06, 0x00, 0x00, 0x00, 0x00, 0x00, 0x00,
    0x69, 0x85, 0xA1, 0xBD, 0xBF, 0xBF, 0xBF, 0xBF, 0xBF, 0xBF, 0xBF, 0xBF, 0xBF, 0xBF, 0xBF, 0xBF, 0xBF, 0xBF, 0xBF, 0xBF, 0xBD, 0xA1, 0x85, 0x69,
    0x2A, 0x43, 0x59, 0x6D, 0x7A, 0x7D, 0x7D, 0x7D, 0x7D, 0x7D, 0x96, 0xB2, 0xB2, 0x96, 0x7D, 0x7D, 0x7D, 0x7D, 0x7D, 0x7A, 0x6D, 0x59, 0x43, 0x2A,
    0x3F, 0x50, 0x5C, 0x61, 0x61, 0x61, 0x69, 0x85, 0xA1, 0xBD, 0xA7, 0x8B, 0x6F, 0x61, 0x61, 0x61, 0x61, 0x61, 0x61, 0x61, 0x61, 0x5C, 0x50, 0x3F,
    0x27, 0x3C, 0x4D, 0x5A, 0x61, 0x61, 0x61, 0x61, 0x61, 0x61, 0x61, 0x7C, 0x98, 0xB4, 0xB0, 0x94, 0x78, 0x61, 0x61, 0x61, 0x61, 0x5C, 0x50, 0x3F,
    0x68, 0x84, 0x9E, 0xB3, 0xB9, 0xC0, 0xBA, 0xB3, 0xAC, 0xA6, 0x9F, 0xA1, 0xBD, 0xA7, 0x8B, 0x7F, 0x78, 0x72, 0x6B, 0x65, 0x5E, 0x54, 0x45, 0x31,
    0x47, 0x63, 0x7F, 0x9B, 0xB7, 0xAC, 0x90, 0x74, 0x58, 0x3C, 0x20, 0x28, 0x43, 0x5E, 0x79, 0x94, 0xAF, 0xB6, 0x9B, 0x80, 0x65, 0x4A, 0x2F, 0x15,
    0x50, 0x6A, 0x85, 0x9F, 0xBA, 0xAB, 0x91, 0x8E, 0xA6, 0xAA, 0x95, 0x7A, 0x61, 0x61, 0x61, 0x61, 0x61, 0x61, 0x61, 0x61, 0x61, 0x5C, 0x50, 0x3F,
    0x00, 0x07, 0x1D, 0x33, 0x49, 0x5F, 0x76, 0x8C, 0xA2, 0xB8, 0xB2, 0x9C, 0x86, 0x70, 0x59, 0x43, 0x2D, 0x17, 0x01, 0x00, 0x00, 0x00, 0x00, 0x00,
    0x69, 0x85, 0xA1, 0xBD, 0xA7, 0xA4, 0xA4, 0xA4, 0xA4, 0xA4, 0xA4, 0xA4, 0xA4, 0xA4, 0xA4, 0xA4, 0xA4, 0xA4, 0xA4, 0xA4, 0xA4, 0x97, 0x7F, 0x65,
    0x1C, 0x32, 0x45, 0x55, 0x5F, 0x61, 0x61, 0x61, 0x61, 0x7A, 0x96, 0xB2, 0xB2, 0x96, 0x7A, 0x61, 0x61, 0x61, 0x61, 0x5F, 0x55, 0x45, 0x32, 0x1C,
    0x52, 0x67, 0x76, 0x7D, 0x7D, 0x7D, 0x7D, 0x85, 0xA1, 0xBD, 0xA7, 0x8B, 0x7D, 0x7D, 0x7D, 0x7D, 0x7D, 0x7D, 0x7D, 0x7D, 0x7D, 0x76, 0x67, 0x52,
    0x36, 0x4E, 0x63, 0x74, 0x7D, 0x7D, 0x7D, 0x7D, 0x7D, 0x7D, 0x7D, 0x7D, 0x98, 0xB4, 0xB0, 0x94, 0x7D, 0x7D, 0x7D, 0x7D, 0x7D, 0x76, 0x67, 0x52,
    0x60, 0x78, 0x8D, 0x97, 0x9E, 0xA4, 0xAB, 0xB1, 0xB8, 0xBE, 0xBB, 0xB4, 0xC0, 0xA7, 0xA1, 0x9A, 0x94, 0x8D, 0x87, 0x80, 0x79, 0x6C, 0x59, 0x42,
    0x47, 0x63, 0x7F, 0x9B, 0xB7, 0xAC, 0x90, 0x74, 0x58, 0x3C, 0x20, 0x20, 0x3B, 0x56, 0x71, 0x8C, 0xA7, 0xBE, 0xA3, 0x88, 0x6D, 0x52, 0x37, 0x1C,
    0x47, 0x61, 0x7C, 0x96, 0xB1, 0xB4, 0x9A, 0x92, 0xAD, 0xB8, 0x9E, 0x83, 0x69, 0x4E, 0x45, 0x45, 0x45, 0x45, 0x45, 0x45, 0x45, 0x41, 0x38, 0x2A,
    0x00, 0x00, 0x0C, 0x22, 0x38, 0x4E, 0x64, 0x7A, 0x90, 0xA7, 0xBD, 0xAD, 0x97, 0x81, 0x6B, 0x55, 0x3F, 0x28, 0x12, 0x00, 0x00, 0x00, 0x00, 0x00,
    0x69, 0x85, 0xA1, 0xBD, 0xA7, 0x8B, 0x88, 0x88, 0x88, 0x88, 0x88, 0x88, 0x88, 0x88, 0x88, 0x88, 0x88, 0x88, 0x88, 0x88, 0x88, 0x80, 0x6F, 0x59,
    0x0A, 0x1E, 0x2F, 0x3B, 0x43, 0x45, 0x45, 0x45, 0x5E, 0x7A, 0x96, 0xB2, 0xB2, 0x96, 0x7A, 0x5E, 0x45, 0x45, 0x45, 0x43, 0x3B, 0x2F, 0x1E, 0x0A,
    0x61, 0x79, 0x8E, 0x99, 0x99, 0x99, 0x99, 0x99, 0xA1, 0xBD, 0xA7, 0x99, 0x99, 0x99, 0x99, 0x99, 0x99, 0x99, 0x99, 0x99, 0x99, 0x8E, 0x79, 0x61,
    0x41, 0x5C, 0x75, 0x8B, 0x98, 0x99, 0x99, 0x99, 0x99, 0x99, 0x99, 0x99, 0x99, 0xB4, 0xB0, 0x99, 0x99, 0x99, 0x99, 0x99, 0x99, 0x8E, 0x79, 0x61,
    0x51, 0x65, 0x74, 0x7C, 0x83, 0x89, 0x90, 0x96, 0x9D, 0xA3, 0xAA, 0xB0, 0xBD, 0xBD, 0xBC, 0xB5, 0xAF, 0xA8, 0xA2, 0x9B, 0x93, 0x80, 0x68, 0x4E,
    0x47, 0x63, 0x7F, 0x9B, 0xB7, 0xAC, 0x90, 0x74, 0x58, 0x3C, 0x20, 0x19, 0x34, 0x4F, 0x69, 0x84, 0x9F, 0xBA, 0xAB, 0x90, 0x75, 0x5A, 0x3F, 0x24,
    0x3E, 0x58, 0x73, 0x8E, 0xA8, 0xBD, 0xA2, 0x89, 0xA4, 0xBE, 0xA7, 0x8D, 0x72, 0x58, 0x3D, 0x29, 0x29, 0x29, 0x29, 0x29, 0x29, 0x26, 0x1E, 0x12,
    0x00, 0x00, 0x00, 0x11, 0x27, 0x3D, 0x53, 0x69, 0x7F, 0x95, 0xAB, 0xBE, 0xA8, 0x92, 0x7C, 0x66, 0x50, 0x3A, 0x24, 0x0D, 0x00, 0x00, 0x00, 0x00,
    0x69, 0x85, 0xA1, 0xBD, 0xA7, 0x8B, 0x6F, 0x6C, 0x6C, 0x6C, 0x6C, 0x6C, 0x6C, 0x6C, 0x6C, 0x6C, 0x6C, 0x6C, 0x6C, 0x6C, 0x6C, 0x67, 0x5A, 0x47,
    0x00, 0x08, 0x16, 0x21, 0x28, 0x29, 0x29, 0x42, 0x5E, 0x7A, 0x96, 0xB2, 0xB2, 0x96, 0x7A, 0x5E, 0x42, 0x29, 0x29, 0x28, 0x21, 0x16, 0x08, 0x00,
    0x68, 0x84, 0x9F, 0xB5, 0xB5, 0xB5, 0xB5, 0xB5, 0xB5, 0xBD, 0xB5, 0xB5, 0xB5, 0xB5, 0xB5, 0xB5, 0xB5, 0xB5, 0xB5, 0xB5, 0xB5, 0x9F, 0x84, 0x68,
    0x47, 0x63, 0x7F, 0x9A, 0xB2, 0xB5, 0xB5, 0xB5, 0xB5, 0xB5, 0xB5, 0xB5, 0xB5, 0xB5, 0xB5, 0xB5, 0xB5, 0xB5, 0xB5, 0xB5, 0xB5, 0x9F, 0x84, 0x68,
    0x3E, 0x4F, 0x5A, 0x61, 0x67, 0x6E, 0x74, 0x7B, 0x81, 0x88, 0x8E, 0xA9, 0xBB, 0xA2, 0xA8, 0xAF, 0xB6, 0xBC, 0xBD, 0xB7, 0xA7, 0x8C, 0x70, 0x54,
    0x47, 0x63, 0x7F, 0x9B, 0xB7, 0xAC, 0x90, 0x74, 0x58, 0x3C, 0x20, 0x11, 0x2C, 0x47, 0x62, 0x7D, 0x98, 0xB3, 0xB2, 0x97, 0x7C, 0x61, 0x47, 0x2C,
    0x35, 0x50, 0x6A, 0x85, 0x9F, 0xBA, 0xAB, 0x91, 0x9B, 0xB5, 0xB0, 0x96, 0x7B, 0x61, 0x46, 0x2C, 0x11, 0x0D, 0x0D, 0x0D, 0x0D, 0x0B, 0x04, 0x00,
    0x00, 0x00, 0x00, 0x00, 0x16, 0x2C, 0x42, 0x58, 0x6E, 0x84, 0x9A, 0xB0, 0xB9, 0xA3, 0x8D, 0x77, 0x61, 0x4B, 0x35, 0x1F, 0x09, 0x00, 0x00, 0x00,
    0x69, 0x85, 0xA1, 0xBD, 0xA7, 0x8B, 0x6F, 0x53, 0x50, 0x50, 0x50, 0x50, 0x50, 0x50, 0x50, 0x50, 0x50, 0x50, 0x50, 0x50, 0x50, 0x4C, 0x42, 0x33,
    0x00, 0x00, 0x00, 0x06, 0x0C, 0x0D, 0x26, 0x42, 0x5E, 0x7A, 0x96, 0xB2, 0xB2, 0x96, 0x7A, 0x5E, 0x42, 0x26, 0x0D, 0x0C, 0x06, 0x00, 0x00, 0x00,
    0x67, 0x83, 0x9C, 0xAE, 0xAE, 0xAE, 0xAE, 0xAE, 0xAE, 0xBD, 0xB1, 0xAE, 0xAE, 0xAE, 0xAE, 0xAE, 0xAE, 0xAE, 0xAE, 0xAE, 0xAE, 0x9C, 0x83, 0x67,
    0x47, 0x63, 0x7F, 0x9B, 0xB7, 0xAE, 0xAE, 0xAE, 0xAE, 0xAE, 0xAE, 0xAE, 0xAE, 0xB4, 0xB0, 0xAE, 0xAE, 0xAE, 0xAE, 0xAE, 0xAE, 0x9C, 0x83, 0x67,
    0x28, 0x36, 0x3F, 0x46, 0x4C, 0x53, 0x59, 0x60, 0x66, 0x74, 0x90, 0xAC, 0xB8, 0x9C, 0x8D, 0x94, 0x9A, 0xA1, 0xA7, 0xAE, 0xA3, 0x8A, 0x6F, 0x53,
    0x47, 0x63, 0x7F, 0x9B, 0xB7, 0xAC, 0x90, 0x74, 0x58, 0x3C, 0x20, 0x09, 0x24, 0x3F, 0x5A, 0x75, 0x90, 0xAB, 0xBA, 0x9F, 0x84, 0x69, 0x4E, 0x33,
    0x2C, 0x47, 0x61, 0x7C, 0x96, 0xB1, 0xB4, 0x9A, 0x92, 0xAC, 0xB9, 0x9F, 0x84, 0x6A, 0x4F, 0x35, 0x1A, 0x00, 0x00, 0x00, 0x00, 0x00, 0x00, 0x00,
    0x00, 0x00, 0x00, 0x00, 0x05, 0x1B, 0x31, 0x47, 0x5D, 0x73, 0x89, 0x9F, 0xB5, 0xB4, 0x9E, 0x88, 0x72, 0x5C, 0x46, 0x30, 0x1A, 0x04, 0x00, 0x00,
    0x69, 0x85, 0xA1, 0xBD, 0xA7, 0x8B, 0x6F, 0x53, 0x37, 0x34, 0x34, 0x34, 0x34, 0x34, 0x34, 0x34, 0x34, 0x34, 0x34, 0x34, 0x34, 0x31, 0x29, 0x1C,
    0x00, 0x00, 0x00, 0x00, 0x00, 0x0A, 0x26, 0x42, 0x5E, 0x7A, 0x96, 0xB2, 0xB2, 0x96, 0x7A, 0x5E, 0x42, 0x26, 0x0A, 0x00, 0x00, 0x00, 0x00, 0x00,
    0x5E, 0x76, 0x89, 0x92, 0x92, 0x92, 0x92, 0x92, 0xA1, 0xBD, 0xBE, 0xA5, 0x92, 0x92, 0x92, 0x92, 0x92, 0x92, 0x92, 0x92, 0x92, 0x89, 0x76, 0x5E,
    0x47, 0x63, 0x7F, 0x9B, 0xB7, 0xAC, 0x92, 0x92, 0x92, 0x92, 0x92, 0x92, 0x98, 0xB4, 0xB0, 0x94, 0x92, 0x92, 0x92, 0x92, 0x92, 0x89, 0x76, 0x5E,
    0x10, 0x1C, 0x24, 0x2A, 0x31, 0x37, 0x3E, 0x45, 0x5B, 0x77, 0x93, 0xAF, 0xB5, 0x99, 0x7E, 0x79, 0x7F, 0x86, 0x8C, 0x92, 0x8D, 0x7C, 0x65, 0x4C,
    0x47, 0x63, 0x7F, 0x9B, 0xB7, 0xAC, 0x90, 0x74, 0x58, 0x3C, 0x20, 0x04, 0x1D, 0x37, 0x52, 0x6D, 0x88, 0xA3, 0xBE, 0xA7, 0x8C, 0x71, 0x56, 0x3B,
    0x23, 0x3E, 0x58, 0x73, 0x8E, 0xA8, 0xBD, 0xA2, 0x89, 0xA3, 0xBE, 0xA8, 0x8D, 0x73, 0x58, 0x3E, 0x23, 0x09, 0x00, 0x00, 0x00, 0x00, 0x00, 0x00,
    0x00, 0x00, 0x00, 0x00, 0x00, 0x09, 0x25, 0x41, 0x5D, 0x78, 0x94, 0xAC, 0xAC, 0xBA, 0xB0, 0x99, 0x83, 0x6D, 0x57, 0x41, 0x2B, 0x15, 0x00, 0x00,
    0x69, 0x85, 0xA1, 0xBD, 0xA7, 0x8B, 0x6F, 0x53, 0x37, 0x1B, 0x18, 0x18, 0x18, 0x18, 0x18, 0x18, 0x18, 0x18, 0x18, 0x18, 0x18, 0x16, 0x0E, 0x03,
    0x00, 0x00, 0x00, 0x00, 0x00, 0x0A, 0x26, 0x42, 0x5E, 0x7A, 0x96, 0xB2, 0xB2, 0x96, 0x7A, 0x5E, 0x42, 0x26, 0x0A, 0x00, 0x00, 0x00, 0x00, 0x00,
    0x4E, 0x62, 0x70, 0x76, 0x76, 0x76, 0x76, 0x85, 0xA1, 0xBD, 0xB5, 0xB2, 0x99, 0x80, 0x76, 0x76, 0x76, 0x76, 0x76, 0x76, 0x76, 0x70, 0x62, 0x4E,
    0x47, 0x63, 0x7F, 0x9B, 0xB7, 0xAC, 0x90, 0x76, 0x76, 0x76, 0x76, 0x7C, 0x98, 0xB4, 0xB0, 0x94, 0x78, 0x76, 0x76, 0x76, 0x76, 0x70, 0x62, 0x4E,
    0x00, 0x06, 0x0A, 0x0F, 0x16, 0x1C, 0x26, 0x42, 0x5E, 0x79, 0x95, 0xB1, 0xB3, 0x97, 0x7B, 0x5F, 0x64, 0x6A, 0x71, 0x76, 0x73, 0x67, 0x54, 0x3E,
    0x47, 0x63, 0x7F, 0x9B, 0xB7, 0xAC, 0x90, 0x74, 0x58, 0x3C, 0x20, 0x04, 0x15, 0x30, 0x4B, 0x66, 0x81, 0x9B, 0xB6, 0xAE, 0x93, 0x79, 0x5E, 0x43,
    0x1A, 0x35, 0x50, 0x6A, 0x85, 0x9F, 0xBA, 0xAB, 0x91, 0x9A, 0xB4, 0xB1, 0x96, 0x7C, 0x61, 0x47, 0x2C, 0x12, 0x00, 0x00, 0x00, 0x00, 0x00, 0x00,
    0x00, 0x00, 0x00, 0x00, 0x00, 0x0A, 0x26, 0x42, 0x5E, 0x7A, 0x96, 0xB2, 0xB2, 0xA9, 0xBF, 0xAB, 0x95, 0x7E, 0x68, 0x52, 0x3C, 0x26, 0x10, 0x00,
    0x69, 0x85, 0xA1, 0xBD, 0xA7, 0x8B, 0x6F, 0x53, 0x37, 0x1B, 0x00, 0x00, 0x00, 0x00, 0x00, 0x00, 0x00, 0x00, 0x00, 0x00, 0x00, 0x00, 0x00, 0x00,
    0x00, 0x00, 0x00, 0x00, 0x00, 0x0A, 0x26, 0x42, 0x5E, 0x7A, 0x96, 0xB2, 0xB2, 0x96, 0x7A, 0x5E, 0x42, 0x26, 0x0A, 0x00, 0x00, 0x00, 0x00, 0x00,
    0x3A, 0x4B, 0x56, 0x5A, 0x5A, 0x5A, 0x69, 0x85, 0xA1, 0xBD, 0xA8, 0xBF, 0xA6, 0x8D, 0x74, 0x5B, 0x5A, 0x5A, 0x5A, 0x5A, 0x5A, 0x56, 0x4B, 0x3A,
    0x47, 0x63, 0x7F, 0x9B, 0xB7, 0xAC, 0x90, 0x74, 0x5A, 0x5A, 0x60, 0x7C, 0x98, 0xB4, 0xB0, 0x94, 0x78, 0x5C, 0x5A, 0x5A, 0x5A, 0x56, 0x4B, 0x3A,
    0x18, 0x21, 0x25, 0x25, 0x20, 0x1A, 0x29, 0x44, 0x60, 0x7C, 0x98, 0xB4, 0xB0, 0x94, 0x78, 0x5C, 0x49, 0x4F, 0x56, 0x5A, 0x58, 0x4E, 0x3F, 0x2C,
    0x47, 0x63, 0x7F, 0x9B, 0xB7, 0xAC, 0x90, 0x74, 0x58, 0x3C, 0x20, 0x04, 0x0D, 0x28, 0x43, 0x5E, 0x79, 0x94, 0xAF, 0xB6, 0x9B, 0x7F, 0x63, 0x47,
    0x12, 0x2C, 0x47, 0x61, 0x7C, 0x96, 0xB1, 0xB4, 0x9A, 0x91, 0xAB, 0xBA, 0x9F, 0x85, 0x6A, 0x50, 0x35, 0x1B, 0x00, 0x00, 0x00, 0x00, 0x00, 0x00,
    0x00, 0x00, 0x00, 0x00, 0x00, 0x0A, 0x26, 0x42, 0x5E, 0x7A, 0x96, 0xB2, 0xB2, 0x98, 0xAE, 0xBC, 0xA6, 0x90, 0x7A, 0x64, 0x4D, 0x37, 0x21, 0x0B,
    0x69, 0x85, 0xA1, 0xBD, 0xA7, 0x8B, 0x6F, 0x53, 0x37, 0x1B, 0x00, 0x00, 0x00, 0x00, 0x00, 0x00, 0x00, 0x00, 0x00, 0x00, 0x00, 0x00, 0x00, 0x00,
    0x00, 0x00, 0x00, 0x00, 0x00, 0x0A, 0x26, 0x42, 0x5E, 0x7A, 0x96, 0xB2, 0xB2, 0x96, 0x7A, 0x5E, 0x42, 0x26, 0x0A, 0x00, 0x00, 0x00, 0x00, 0x00,
    0x24, 0x32, 0x3B, 0x3E, 0x3E, 0x4D, 0x69, 0x85, 0xA1, 0xBD, 0xA7, 0xB4, 0xB2, 0x9A, 0x81, 0x68, 0x4F, 0x3E, 0x3E, 0x3E, 0x3E, 0x3B, 0x32, 0x24,
    0x47, 0x63, 0x7F, 0x9B, 0xB7, 0xAC, 0x90, 0x74, 0x58, 0x44, 0x60, 0x7C, 0x98, 0xB4, 0xB0, 0x94, 0x78, 0x5C, 0x40, 0x3E, 0x3E, 0x3B, 0x32, 0x24,
    0x31, 0x3C, 0x41, 0x41, 0x3B, 0x35, 0x2F, 0x47, 0x63, 0x7F, 0x9B, 0xB7, 0xAD, 0x91, 0x75, 0x5A, 0x3E, 0x34, 0x3A, 0x3E, 0x3C, 0x35, 0x28, 0x18,
    0x47, 0x63, 0x7F, 0x9B, 0xB7, 0xAC, 0x90, 0x74, 0x58, 0x3C, 0x20, 0x04, 0x05, 0x20, 0x3B, 0x56, 0x71, 0x8B, 0xA2, 0xA8, 0x95, 0x7C, 0x61, 0x45,
    0x09, 0x23, 0x3E, 0x58, 0x73, 0x8E, 0xA8, 0xBD, 0xA2, 0x88, 0xA2, 0xBD, 0xA8, 0x8E, 0x73, 0x59, 0x3E, 0x24, 0x09, 0x00, 0x00, 0x00, 0x00, 0x00,
    0x00, 0x00, 0x00, 0x00, 0x00, 0x0A, 0x26, 0x42, 0x5E, 0x7A, 0x96, 0xB2, 0xB2, 0x96, 0x9D, 0xB3, 0xB7, 0xA1, 0x8B, 0x75, 0x5F, 0x49, 0x32, 0x1C,
    0x69, 0x85, 0xA1, 0xBD, 0xA7, 0x8B, 0x6F, 0x53, 0x37, 0x1B, 0x00, 0x00, 0x00, 0x00, 0x00, 0x00, 0x00, 0x00, 0x00, 0x00, 0x00, 0x00, 0x00, 0x00,
    0x00, 0x00, 0x00, 0x00, 0x00, 0x0A, 0x26, 0x42, 0x5E, 0x7A, 0x96, 0xB2, 0xB2, 0x96, 0x7A, 0x5E, 0x42, 0x26, 0x0A, 0x00, 0x00, 0x00, 0x00, 0x00,
    0x0C, 0x18, 0x1F, 0x22, 0x31, 0x4D, 0x69, 0x85, 0xA1, 0xBD, 0xA7, 0xA8, 0xBF, 0xA6, 0x8D, 0x74, 0x5B, 0x43, 0x2A, 0x22, 0x22, 0x1F, 0x18, 0x0C,
    0x47, 0x63, 0x7F, 0x9B, 0xB7, 0xAC, 0x90, 0x74, 0x58, 0x44, 0x60, 0x7C, 0x98, 0xB4, 0xB0, 0x94, 0x78, 0x5C, 0x40, 0x24, 0x22, 0x1F, 0x18, 0x0C,
    0x49, 0x56, 0x5D, 0x5C, 0x56, 0x50, 0x4A, 0x4A, 0x66, 0x82, 0x9D, 0xB9, 0xAB, 0x8F, 0x73, 0x57, 0x3B, 0x1F, 0x1F, 0x22, 0x21, 0x1A, 0x10, 0x02,
    0x47, 0x63, 0x7F, 0x9B, 0xB7, 0xAC, 0x90, 0x74, 0x58, 0x3C, 0x22, 0x0A, 0x00, 0x19, 0x33, 0x4D, 0x65, 0x7B, 0x8A, 0x8D, 0x82, 0x6E, 0x57, 0x3E,
    0x00, 0x1A, 0x35, 0x50, 0x6A, 0x85, 0x9F, 0xBA, 0xAB, 0x91, 0x99, 0xB4, 0xB1, 0x97, 0x7C, 0x62, 0x47, 0x2D, 0x12, 0x00, 0x00, 0x00, 0x00, 0x00,
    0x00, 0x00, 0x00, 0x00, 0x00, 0x0A, 0x26, 0x42, 0x5E, 0x7A, 0x96, 0xB2, 0xB2, 0x96, 0x8B, 0xA1, 0xB7, 0xB2, 0x9C, 0x86, 0x70, 0x5A, 0x44, 0x2D,
    0x69, 0x85, 0xA1, 0xBD, 0xA7, 0x8B, 0x6F, 0x53, 0x37, 0x1B, 0x00, 0x00, 0x00, 0x00, 0x00, 0x00, 0x00, 0x00, 0x00, 0x00, 0x00, 0x00, 0x00, 0x00,
    0x00, 0x00, 0x00, 0x00, 0x00, 0x0A, 0x26, 0x42, 0x5E, 0x7A, 0x96, 0xB2, 0xB2, 0x96, 0x7A, 0x5E, 0x42, 0x26, 0x0A, 0x00, 0x00, 0x00, 0x00, 0x00,
    0x00, 0x00, 0x04, 0x15, 0x31, 0x4D, 0x69, 0x85, 0xA1, 0xBD, 0xA7, 0x9B, 0xB4, 0xB3, 0x9A, 0x81, 0x68, 0x4F, 0x36, 0x1D, 0x06, 0x04, 0x00, 0x00,
    0x47, 0x63, 0x7F, 0x9B, 0xB7, 0xAC, 0x90, 0x74, 0x58, 0x44, 0x60, 0x7C, 0x98, 0xB4, 0xB0, 0x94, 0x78, 0x5C, 0x40, 0x24, 0x08, 0x04, 0x00, 0x00,
    0x5F, 0x70, 0x79, 0x78, 0x72, 0x6C, 0x66, 0x60, 0x68, 0x84, 0xA0, 0xBC, 0xA8, 0x8C, 0x70, 0x54, 0x38, 0x24, 0x1E, 0x18, 0x12, 0x0C, 0x05, 0x00,
    0x47, 0x63, 0x7F, 0x9B, 0xB7, 0xAC, 0x90, 0x77, 0x60, 0x48, 0x31, 0x19, 0x01, 0x0E, 0x27, 0x3E, 0x53, 0x65, 0x70, 0x72, 0x6A, 0x5B, 0x47, 0x30,
    0x00, 0x12, 0x2C, 0x47, 0x61, 0x7C, 0x96, 0xB1, 0xB4, 0x99, 0x90, 0xAB, 0xBA, 0xA0, 0x85, 0x6B, 0x50, 0x36, 0x1B, 0x01, 0x00, 0x00, 0x00, 0x00,
    0x00, 0x00, 0x00, 0x00, 0x00, 0x0A, 0x26, 0x42, 0x5E, 0x7A, 0x96, 0xB2, 0xB2, 0x96, 0x7A, 0x90, 0xA6, 0xBC, 0xAD, 0x97, 0x81, 0x6B, 0x54, 0x3B,
    0x69, 0x85, 0xA1, 0xBD, 0xA7, 0x8B, 0x6F, 0x53, 0x37, 0x1B, 0x00, 0x00, 0x00, 0x00, 0x00, 0x00, 0x00, 0x00, 0x00, 0x00, 0x00, 0x00, 0x00, 0x00,
    0x00, 0x00, 0x00, 0x00, 0x00, 0x0A, 0x26, 0x42, 0x5E, 0x7A, 0x96, 0xB2, 0xB2, 0x96, 0x7A, 0x5E, 0x42, 0x26, 0x0A, 0x00, 0x00, 0x00, 0x00, 0x00,
    0x00, 0x00, 0x00, 0x15, 0x31, 0x4D, 0x69, 0x85, 0xA1, 0xBD, 0xA7, 0x8E, 0xA7, 0xC0, 0xA7, 0x8E, 0x75, 0x5C, 0x43, 0x2A, 0x11, 0x00, 0x00, 0x00,
    0x47, 0x63, 0x7F, 0x9B, 0xB7, 0xAC, 0x90, 0x74, 0x58, 0x44, 0x60, 0x7C, 0x98, 0xB4, 0xB0, 0x94, 0x78, 0x5C, 0x40, 0x24, 0x08, 0x00, 0x00, 0x00,
    0x71, 0x87, 0x95, 0x93, 0x8D, 0x87, 0x81, 0x7B, 0x75, 0x87, 0xA3, 0xBF, 0xA5, 0x89, 0x6D, 0x52, 0x45, 0x3F, 0x39, 0x33, 0x2D, 0x27, 0x1F, 0x13,
    0x47, 0x63, 0x7E, 0x9A, 0xB2, 0xB6, 0x9E, 0x86, 0x6F, 0x57, 0x40, 0x28, 0x11, 0x00, 0x17, 0x2C, 0x3E, 0x4C, 0x54, 0x56, 0x50, 0x44, 0x33, 0x20,
    0x00, 0x09, 0x23, 0x3E, 0x58, 0x73, 0x8D, 0xA5, 0xAA, 0x96, 0x87, 0xA2, 0xBC, 0xA9, 0x8E, 0x74, 0x59, 0x3F, 0x24, 0x0A, 0x00, 0x00, 0x00, 0x00,
    0x00, 0x00, 0x00, 0x00, 0x00, 0x0A, 0x26, 0x42, 0x5E, 0x7A, 0x96, 0xB2, 0xB2, 0x96, 0x7A, 0x7F, 0x95, 0xAB, 0xBE, 0xA8, 0x92, 0x7A, 0x5F, 0x44,
    0x69, 0x85, 0xA1, 0xBD, 0xA7, 0x8B, 0x6F, 0x53, 0x37, 0x1B, 0x00, 0x00, 0x00, 0x00, 0x00, 0x00, 0x00, 0x00, 0x00, 0x00, 0x00, 0x00, 0x00, 0x00,
    0x00, 0x00, 0x00, 0x00, 0x00, 0x0A, 0x26, 0x42, 0x5E, 0x7A, 0x96, 0xB2, 0xB2, 0x96, 0x7A, 0x5E, 0x42, 0x26, 0x0A, 0x00, 0x00, 0x00, 0x00, 0x00,
    0x00, 0x00, 0x00, 0x15, 0x31, 0x4D, 0x69, 0x85, 0xA1, 0xBD, 0xA7, 0x8B, 0x9A, 0xB3, 0xB4, 0x9B, 0x82, 0x69, 0x50, 0x37, 0x1E, 0x05, 0x00, 0x00,
    0x47, 0x63, 0x7F, 0x9B, 0xB7, 0xAC, 0x90, 0x74, 0x58, 0x44, 0x60, 0x7C, 0x98, 0xB4, 0xB0, 0x94, 0x78, 0x5E, 0x45, 0x2B, 0x11, 0x00, 0x00, 0x00,
    0x7C, 0x97, 0xAE, 0xAE, 0xA8, 0xA2, 0x9C, 0x96, 0x90, 0x8A, 0xA5, 0xBE, 0xA3, 0x87, 0x6D, 0x67, 0x61, 0x5B, 0x55, 0x4F, 0x49, 0x42, 0x39, 0x2B,
    0x41, 0x5B, 0x74, 0x8C, 0xA3, 0xBB, 0xAD, 0x96, 0x7E, 0x66, 0x4F, 0x37, 0x20, 0x08, 0x04, 0x17, 0x26, 0x32, 0x39, 0x3A, 0x35, 0x2B, 0x1D, 0x0C,
    0x00, 0x00, 0x1A, 0x35, 0x4F, 0x67, 0x7D, 0x8D, 0x8F, 0x83, 0x7E, 0x99, 0xB3, 0xB2, 0x98, 0x7D, 0x63, 0x48, 0x2E, 0x13, 0x00, 0x00, 0x00, 0x00,
    0x00, 0x00, 0x00, 0x00, 0x00, 0x0A, 0x26, 0x42, 0x5E, 0x7A, 0x96, 0xB2, 0xB2, 0x96, 0x7A, 0x6E, 0x84, 0x9A, 0xB0, 0xB7, 0x9B, 0x7F, 0x63, 0x47,
    0x69, 0x85, 0xA1, 0xBD, 0xA7, 0x8B, 0x6F, 0x53, 0x37, 0x1B, 0x00, 0x00, 0x00, 0x00, 0x00, 0x00, 0x00, 0x00, 0x00, 0x00, 0x00, 0x00, 0x00, 0x00,
    0x00, 0x00, 0x00, 0x00, 0x00, 0x0A, 0x26, 0x42, 0x5E, 0x7A, 0x96, 0xB2, 0xB2, 0x96, 0x7A, 0x5E, 0x42, 0x26, 0x0A, 0x00, 0x00, 0x00, 0x00, 0x00,
    0x00, 0x00, 0x00, 0x15, 0x31, 0x4D, 0x69, 0x85, 0xA1, 0xBD, 0xA7, 0x8B, 0x8D, 0xA6, 0xBF, 0xA7, 0x8E, 0x76, 0x5D, 0x44, 0x2B, 0x12, 0x00, 0x00,
    0x47, 0x63, 0x7F, 0x9B, 0xB7, 0xAC, 0x90, 0x74, 0x58, 0x43, 0x5F, 0x7B, 0x96, 0xAF, 0xB7, 0x9D, 0x83, 0x6A, 0x50, 0x36, 0x1D, 0x03, 0x00, 0x00,
    0x7C, 0x97, 0xAE, 0xB6, 0xBC, 0xBE, 0xB8, 0xB2, 0xAC, 0xA6, 0xA8, 0xBC, 0xA0, 0x8E, 0x88, 0x82, 0x7C, 0x76, 0x70, 0x6A, 0x64, 0x5D, 0x51, 0x40,
    0x36, 0x4D, 0x65, 0x7D, 0x94, 0xAC, 0xBC, 0xA5, 0x8D, 0x75, 0x5E, 0x46, 0x2F, 0x17, 0x00, 0x00, 0x0D, 0x17, 0x1D, 0x1E, 0x1A, 0x12, 0x05, 0x00,
    0x00, 0x00, 0x10, 0x29, 0x40, 0x56, 0x67, 0x72, 0x74, 0x6B, 0x75, 0x90, 0xAA, 0xBB, 0xA1, 0x86, 0x6C, 0x51, 0x37, 0x1C, 0x02, 0x00, 0x00, 0x00,
    0x00, 0x00, 0x00, 0x00, 0x00, 0x0A, 0x26, 0x42, 0x5E, 0x7A, 0x96, 0xB2, 0xB2, 0x96, 0x7A, 0x5E, 0x73, 0x89, 0x9D, 0xA2, 0x92, 0x79, 0x5F, 0x44,
    0x69, 0x85, 0xA1, 0xBD, 0xA7, 0x8B, 0x6F, 0x53, 0x37, 0x1D, 0x08, 0x00, 0x00, 0x00, 0x00, 0x00, 0x00, 0x00, 0x00, 0x00, 0x00, 0x00, 0x00, 0x00,
    0x00, 0x00, 0x00, 0x00, 0x00, 0x0A, 0x26, 0x42, 0x5E, 0x7A, 0x96, 0xB2, 0xB2, 0x96, 0x7A, 0x5E, 0x42, 0x26, 0x0A, 0x00, 0x00, 0x00, 0x00, 0x00,
    0x00, 0x00, 0x00, 0x15, 0x31, 0x4D, 0x69, 0x85, 0xA1, 0xBD, 0xA7, 0x8B, 0x81, 0x9A, 0xB3, 0xB4, 0x9B, 0x82, 0x69, 0x50, 0x37, 0x1F, 0x06, 0x00,
    0x47, 0x63, 0x7F, 0x9B, 0xB7, 0xAC, 0x90, 0x74, 0x58, 0x3D, 0x57, 0x71, 0x8B, 0xA4, 0xBE, 0xA8, 0x8E, 0x75, 0x5B, 0x41, 0x28, 0x0E, 0x00, 0x00,
    0x71, 0x87, 0x95, 0x9B, 0xA1, 0xA7, 0xAD, 0xB3, 0xB9, 0xBE, 0xBB, 0xB9, 0xAF, 0xA9, 0xA3, 0x9D, 0x97, 0x91, 0x8B, 0x85, 0x7F, 0x77, 0x68, 0x53,
    0x27, 0x3E, 0x56, 0x6E, 0x85, 0x9D, 0xB4, 0xB4, 0x9C, 0x85, 0x6D, 0x55, 0x3E, 0x26, 0x0F, 0x00, 0x00, 0x00, 0x01, 0x02, 0x00, 0x00, 0x00, 0x00,
    0x00, 0x00, 0x03, 0x19, 0x2E, 0x40, 0x4E, 0x57, 0x58, 0x52, 0x6C, 0x87, 0xA1, 0xBC, 0xAA, 0x8F, 0x75, 0x5A, 0x40, 0x25, 0x0B, 0x00, 0x00, 0x00,
    0x00, 0x00, 0x00, 0x00, 0x00, 0x0A, 0x26, 0x42, 0x5E, 0x7A, 0x96, 0xB2, 0xB2, 0x96, 0x7A, 0x5E, 0x61, 0x76, 0x84, 0x87, 0x7D, 0x6A, 0x54, 0x3B,
    0x69, 0x85, 0xA1, 0xBD, 0xA7, 0x8B, 0x6F, 0x59, 0x44, 0x2F, 0x1A, 0x05, 0x00, 0x00, 0x00, 0x00, 0x00, 0x00, 0x00, 0x00, 0x00, 0x00, 0x00, 0x00,
    0x00, 0x00, 0x00, 0x00, 0x00, 0x0A, 0x26, 0x42, 0x5E, 0x7A, 0x96, 0xB2, 0xB2, 0x96, 0x7A, 0x5E, 0x42, 0x26, 0x0A, 0x00, 0x00, 0x00, 0x00, 0x00,
    0x00, 0x00, 0x00, 0x15, 0x31, 0x4D, 0x69, 0x85, 0xA1, 0xBD, 0xA7, 0x8B, 0x74, 0x8D, 0xA6, 0xBF, 0xA8, 0x8F, 0x76, 0x5D, 0x44, 0x2B, 0x12, 0x00,
    0x47, 0x63, 0x7F, 0x9B, 0xB7, 0xAC, 0x90, 0x74, 0x58, 0x3C, 0x4C, 0x66, 0x7F, 0x99, 0xB3, 0xB3, 0x9A, 0x80, 0x66, 0x4D, 0x33, 0x19, 0x00, 0x00,
    0x5F, 0x70, 0x79, 0x7F, 0x85, 0x8B, 0x91, 0x97, 0x9D, 0xA3, 0xAD, 0xB6, 0xB5, 0xBB, 0xBF, 0xB9, 0xB3, 0xAD, 0xA7, 0xA1, 0x9B, 0x8F, 0x7A, 0x61,
    0x18, 0x2F, 0x47, 0x5E, 0x76, 0x8E, 0xA5, 0xBD, 0xAB, 0x94, 0x7C, 0x64, 0x4D, 0x35, 0x1E, 0x06, 0x00, 0x00, 0x00, 0x00, 0x00, 0x00, 0x00, 0x00,
    0x00, 0x00, 0x00, 0x07, 0x19, 0x29, 0x34, 0x3B, 0x3C, 0x49, 0x63, 0x7E, 0x98, 0xB3, 0xB3, 0x98, 0x7E, 0x63, 0x49, 0x2E, 0x14, 0x00, 0x00, 0x00,
    0x00, 0x00, 0x00, 0x00, 0x00, 0x0A, 0x26, 0x42, 0x5E, 0x7A, 0x96, 0xB2, 0xB2, 0x96, 0x7A, 0x5E, 0x4E, 0x5F, 0x69, 0x6B, 0x64, 0x56, 0x43, 0x2D,
    0x69, 0x85, 0xA1, 0xBD, 0xAB, 0x96, 0x81, 0x6C, 0x57, 0x42, 0x2C, 0x17, 0x02, 0x00, 0x00, 0x00, 0x00, 0x00, 0x00, 0x00, 0x00, 0x00, 0x00, 0x00,
    0x00, 0x00, 0x00, 0x00, 0x00, 0x0A, 0x26, 0x42, 0x5E, 0x7A, 0x96, 0xB2, 0xB2, 0x96, 0x7A, 0x5E, 0x42, 0x26, 0x0A, 0x00, 0x00, 0x00, 0x00, 0x00,
    0x00, 0x00, 0x00, 0x15, 0x31, 0x4D, 0x69, 0x85, 0xA1, 0xBD, 0xA7, 0x8B, 0x6F, 0x80, 0x99, 0xB2, 0xB5, 0x9C, 0x83, 0x6A, 0x51, 0x38, 0x1F, 0x06,
    0x47, 0x63, 0x7F, 0x9B, 0xB7, 0xAC, 0x90, 0x74, 0x58, 0x3C, 0x41, 0x5B, 0x74, 0x8E, 0xA8, 0xBE, 0xA5, 0x8B, 0x71, 0x58, 0x3E, 0x24, 0x0B, 0x00,
    0x49, 0x56, 0x5E, 0x64, 0x6A, 0x70, 0x76, 0x7C, 0x82, 0x94, 0xB0, 0xB4, 0x9A, 0xA0, 0xA6, 0xAC, 0xB2, 0xB8, 0xBE, 0xBC, 0xB6, 0xA0, 0x84, 0x69,
    0x09, 0x20, 0x38, 0x4F, 0x67, 0x7F, 0x96, 0xAE, 0xBA, 0xA3, 0x8B, 0x74, 0x5C, 0x44, 0x2D, 0x15, 0x00, 0x00, 0x00, 0x00, 0x00, 0x00, 0x00, 0x00,
    0x00, 0x00, 0x00, 0x00, 0x02, 0x10, 0x1A, 0x1F, 0x25, 0x3F, 0x5A, 0x74, 0x8F, 0xA9, 0xBC, 0xA1, 0x87, 0x6C, 0x52, 0x37, 0x1D, 0x02, 0x00, 0x00,
    0x00, 0x00, 0x00, 0x00, 0x00, 0x0A, 0x26, 0x42, 0x5E, 0x7A, 0x96, 0xB2, 0xB2, 0x96, 0x7A, 0x5E, 0x42, 0x46, 0x4E, 0x4F, 0x4A, 0x3E, 0x2E, 0x1B,
    0x65, 0x80, 0x98, 0xAD, 0xBD, 0xA8, 0x93, 0x7E, 0x69, 0x54, 0x3F, 0x2A, 0x15, 0x00, 0x00, 0x00, 0x00, 0x00, 0x00, 0x00, 0x00, 0x00, 0x00, 0x00,
    0x00, 0x00, 0x00, 0x00, 0x00, 0x0A, 0x26, 0x42, 0x5E, 0x7A, 0x96, 0xB2, 0xB2, 0x96, 0x7A, 0x5E, 0x42, 0x26, 0x0A, 0x00, 0x00, 0x00, 0x00, 0x00,
    0x00, 0x00, 0x00, 0x15, 0x31, 0x4D, 0x69, 0x85, 0xA1, 0xBD, 0xA7, 0x8B, 0x6F, 0x73, 0x8C, 0xA5, 0xBE, 0xA9, 0x90, 0x77, 0x5E, 0x45, 0x2C, 0x13,
    0x47, 0x63, 0x7F, 0x9B, 0xB7, 0xAC, 0x90, 0x74, 0x58, 0x3C, 0x36, 0x4F, 0x69, 0x83, 0x9C, 0xB6, 0xB0, 0x96, 0x7D, 0x63, 0x49, 0x30, 0x16, 0x00,
    0x31, 0x3C, 0x42, 0x48, 0x4E, 0x54, 0x5A, 0x60, 0x7B, 0x97, 0xB3, 0xB1, 0x95, 0x84, 0x8A, 0x90, 0x96, 0x9C, 0xA2, 0xA8, 0xAD, 0x9C, 0x82, 0x67,
    0x00, 0x11, 0x29, 0x40, 0x58, 0x70, 0x87, 0x9F, 0xB6, 0xB2, 0x9A, 0x83, 0x6B, 0x53, 0x3C, 0x24, 0x0D, 0x00, 0x00, 0x00, 0x00, 0x00, 0x00, 0x00,
    0x00, 0x00, 0x00, 0x00, 0x00, 0x00, 0x00, 0x03, 0x1C, 0x36, 0x51, 0x6B, 0x86, 0xA0, 0xBB, 0xAA, 0x90, 0x75, 0x5B, 0x40, 0x26, 0x0B, 0x00, 0x00,
    0x00, 0x00, 0x00, 0x00, 0x00, 0x0A, 0x26, 0x42, 0x5E, 0x7A, 0x96, 0xB2, 0xB2, 0x96, 0x7A, 0x5E, 0x42, 0x2B, 0x32, 0x33, 0x2F, 0x25, 0x18, 0x07,
    0x5A, 0x71, 0x86, 0x9B, 0xB0, 0xBB, 0xA6, 0x91, 0x7B, 0x66, 0x51, 0x3C, 0x27, 0x12, 0x00, 0x00, 0x00, 0x00, 0x00, 0x00, 0x00, 0x00, 0x00, 0x00,
    0x00, 0x00, 0x00, 0x00, 0x00, 0x0A, 0x26, 0x42, 0x5E, 0x7A, 0x96, 0xB2, 0xB2, 0x96, 0x7A, 0x5E, 0x42, 0x26, 0x0A, 0x00, 0x00, 0x00, 0x00, 0x00,
    0x00, 0x00, 0x00, 0x15, 0x31, 0x4D, 0x69, 0x85, 0xA1, 0xBD, 0xA7, 0x8B, 0x6F, 0x67, 0x80, 0x99, 0xB1, 0xB5, 0x9C, 0x83, 0x6A, 0x52, 0x39, 0x20,
    0x47, 0x63, 0x7F, 0x9B, 0xB7, 0xAC, 0x90, 0x74, 0x58, 0x3C, 0x2B, 0x44, 0x5E, 0x78, 0x91, 0xAB, 0xBB, 0xA1, 0x88, 0x6E, 0x54, 0x3B, 0x21, 0x07,
    0x18, 0x21, 0x27, 0x2D, 0x33, 0x39, 0x46, 0x62, 0x7E, 0x9A, 0xB5, 0xAE, 0x92, 0x77, 0x6F, 0x75, 0x7B, 0x81, 0x87, 0x8D, 0x91, 0x88, 0x75, 0x5D,
    0x00, 0x02, 0x1A, 0x31, 0x49, 0x60, 0x78, 0x90, 0xA7, 0xBF, 0xA9, 0x92, 0x7A, 0x63, 0x4B, 0x33, 0x1C, 0x04, 0x00, 0x00, 0x00, 0x00, 0x00, 0x00,
    0x00, 0x00, 0x00, 0x00, 0x00, 0x00, 0x00, 0x00, 0x13, 0x2D, 0x48, 0x62, 0x7D, 0x97, 0xB2, 0xB3, 0x99, 0x7E, 0x64, 0x49, 0x2F, 0x14, 0x00, 0x00,
    0x00, 0x00, 0x00, 0x00, 0x00, 0x0A, 0x26, 0x42, 0x5E, 0x7A, 0x96, 0xB2, 0xB2, 0x96, 0x7A, 0x5E, 0x42, 0x26, 0x16, 0x17, 0x13, 0x0B, 0x00, 0x00,
    0x49, 0x5E, 0x73, 0x88, 0x9D, 0xB3, 0xB8, 0xA3, 0x8E, 0x79, 0x64, 0x4F, 0x3A, 0x24, 0x0F, 0x00, 0x00, 0x00, 0x00, 0x00, 0x00, 0x00, 0x00, 0x00,
    0x00, 0x00, 0x00, 0x00, 0x00, 0x0A, 0x26, 0x42, 0x5E, 0x7A, 0x96, 0xB2, 0xB2, 0x96, 0x7A, 0x5E, 0x42, 0x26, 0x0A, 0x00, 0x00, 0x00, 0x00, 0x00,
    0x00, 0x00, 0x00, 0x15, 0x31, 0x4D, 0x69, 0x85, 0xA1, 0xBD, 0xA7, 0x8B, 0x6F, 0x5A, 0x73, 0x8C, 0xA5, 0xBE, 0xA9, 0x90, 0x77, 0x5E, 0x45, 0x2C,
    0x47, 0x63, 0x7F, 0x9B, 0xB7, 0xAC, 0x90, 0x74, 0x58, 0x3C, 0x20, 0x39, 0x53, 0x6C, 0x86, 0xA0, 0xB9, 0xAD, 0x93, 0x79, 0x60, 0x46, 0x2C, 0x13,
    0x00, 0x06, 0x0C, 0x12, 0x18, 0x2D, 0x49, 0x65, 0x80, 0x9C, 0xB8, 0xAC, 0x90, 0x74, 0x58, 0x5A, 0x60, 0x66, 0x6C, 0x72, 0x75, 0x6F, 0x61, 0x4D,
    0x00, 0x00, 0x0B, 0x22, 0x3A, 0x51, 0x69, 0x81, 0x98, 0xB0, 0xB8, 0xA1, 0x89, 0x72, 0x5A, 0x42, 0x2B, 0x13, 0x00, 0x00, 0x00, 0x00, 0x00, 0x00,
    0x00, 0x00, 0x00, 0x00, 0x00, 0x00, 0x00, 0x00, 0x0A, 0x24, 0x3F, 0x59, 0x74, 0x8E, 0xA9, 0xBC, 0xA2, 0x87, 0x6D, 0x52, 0x38, 0x1D, 0x03, 0x00,
    0x00, 0x00, 0x00, 0x00, 0x00, 0x0A, 0x26, 0x42, 0x5E, 0x7A, 0x96, 0xB2, 0xB2, 0x96, 0x7A, 0x5E, 0x42, 0x26, 0x0A, 0x00, 0x00, 0x00, 0x00, 0x00,
    0x37, 0x4C, 0x61, 0x76, 0x8B, 0xA0, 0xB5, 0xB5, 0xA0, 0x8B, 0x76, 0x61, 0x4C, 0x37, 0x22, 0x0D, 0x00, 0x00, 0x00, 0x00, 0x00, 0x00, 0x00, 0x00,
    0x00, 0x00, 0x00, 0x00, 0x00, 0x0A, 0x26, 0x42, 0x5E, 0x7A, 0x96, 0xB2, 0xB2, 0x96, 0x7A, 0x5E, 0x42, 0x26, 0x0A, 0x00, 0x00, 0x00, 0x00, 0x00,
    0x00, 0x00, 0x00, 0x15, 0x31, 0x4D, 0x69, 0x85, 0xA1, 0xBD, 0xA7, 0x8B, 0x6F, 0x53, 0x66, 0x7F, 0x98, 0xB1, 0xB6, 0x9D, 0x84, 0x6B, 0x52, 0x39,
    0x47, 0x63, 0x7F, 0x9B, 0xB7, 0xAC, 0x90, 0x74, 0x58, 0x3C, 0x20, 0x2E, 0x48, 0x61, 0x7B, 0x95, 0xAE, 0xB8, 0x9E, 0x84, 0x6B, 0x51, 0x37, 0x1E,
    0x00, 0x00, 0x00, 0x00, 0x14, 0x2F, 0x4B, 0x67, 0x83, 0x9F, 0xBB, 0xA9, 0x8D, 0x71, 0x55, 0x3E, 0x44, 0x4A, 0x50, 0x56, 0x59, 0x55, 0x4A, 0x3A,
    0x00, 0x00, 0x00, 0x13, 0x2B, 0x42, 0x5A, 0x71, 0x89, 0xA1, 0xB8, 0xB0, 0x98, 0x81, 0x69, 0x52, 0x3A, 0x22, 0x0B, 0x00, 0x00, 0x00, 0x00, 0x00,
    0x00, 0x00, 0x00, 0x00, 0x00, 0x00, 0x00, 0x00, 0x01, 0x1B, 0x36, 0x50, 0x6B, 0x85, 0xA0, 0xBA, 0xAB, 0x90, 0x76, 0x5B, 0x41, 0x26, 0x0C, 0x00,
    0x00, 0x00, 0x00, 0x00, 0x00, 0x0A, 0x26, 0x42, 0x5E, 0x7A, 0x96, 0xB2, 0xB2, 0x96, 0x7A, 0x5E, 0x42, 0x26, 0x0A, 0x00, 0x00, 0x00, 0x00, 0x00,
    0x24, 0x39, 0x4E, 0x64, 0x79, 0x8E, 0xA3, 0xB8, 0xB3, 0x9E, 0x89, 0x73, 0x5E, 0x49, 0x34, 0x1F, 0x0A, 0x00, 0x00, 0x00, 0x00, 0x00, 0x00, 0x00,
    0x00, 0x00, 0x00, 0x00, 0x00, 0x0A, 0x26, 0x42, 0x5E, 0x7A, 0x96, 0xB2, 0xB2, 0x96, 0x7A, 0x5E, 0x42, 0x26, 0x0A, 0x00, 0x00, 0x00, 0x00, 0x00,
    0x00, 0x00, 0x00, 0x15, 0x31, 0x4D, 0x69, 0x85, 0xA1, 0xBD, 0xA7, 0x8B, 0x6F, 0x53, 0x59, 0x72, 0x8B, 0xA4, 0xBD, 0xAA, 0x91, 0x78, 0x5F, 0x46,
    0x47, 0x63, 0x7F, 0x9B, 0xB7, 0xAC, 0x90, 0x74, 0x58, 0x3C, 0x20, 0x23, 0x3C, 0x56, 0x70, 0x89, 0xA3, 0xBD, 0xA9, 0x90, 0x76, 0x5C, 0x43, 0x29,
    0x00, 0x00, 0x00, 0x00, 0x16, 0x32, 0x4E, 0x6A, 0x86, 0xA2, 0xBE, 0xA6, 0x8A, 0x6F, 0x53, 0x37, 0x29, 0x2F, 0x35, 0x3B, 0x3D, 0x3A, 0x31, 0x23,
    0x00, 0x00, 0x00, 0x04, 0x1C, 0x33, 0x4B, 0x62, 0x7A, 0x92, 0xA9, 0xBF, 0xA7, 0x90, 0x78, 0x61, 0x49, 0x31, 0x1A, 0x02, 0x00, 0x00, 0x00, 0x00,
    0x00, 0x00, 0x00, 0x00, 0x00, 0x00, 0x00, 0x00, 0x00, 0x12, 0x2D, 0x47, 0x62, 0x7C, 0x97, 0xB1, 0xB4, 0x99, 0x7F, 0x64, 0x4A, 0x2F, 0x15, 0x00,
    0x00, 0x00, 0x00, 0x00, 0x00, 0x0A, 0x26, 0x42, 0x5E, 0x7A, 0x96, 0xB2, 0xB2, 0x96, 0x7A, 0x5E, 0x42, 0x26, 0x0A, 0x00, 0x00, 0x00, 0x00, 0x00,
    0x12, 0x27, 0x3C, 0x51, 0x66, 0x7B, 0x90, 0xA5, 0xBB, 0xB0, 0x9B, 0x86, 0x71, 0x5C, 0x47, 0x31, 0x1C, 0x07, 0x00, 0x00, 0x00, 0x00, 0x00, 0x00,
    0x00, 0x05, 0x0C, 0x0E, 0x0E, 0x0E, 0x26, 0x42, 0x5E, 0x7A, 0x96, 0xB2, 0xB2, 0x96, 0x7A, 0x5E, 0x42, 0x26, 0x0E, 0x0E, 0x0E, 0x0C, 0x05, 0x00,
    0x00, 0x00, 0x00, 0x15, 0x31, 0x4D, 0x69, 0x85, 0xA1, 0xBD, 0xA7, 0x8B, 0x6F, 0x53, 0x4D, 0x66, 0x7E, 0x97, 0xB0, 0xB6, 0x9D, 0x85, 0x6C, 0x53,
    0x47, 0x63, 0x7F, 0x9B, 0xB7, 0xAC, 0x90, 0x74, 0x58, 0x3C, 0x20, 0x18, 0x31, 0x4B, 0x65, 0x7E, 0x98, 0xB2, 0xB4, 0x9B, 0x81, 0x67, 0x4E, 0x34,
    0x00, 0x00, 0x00, 0x00, 0x19, 0x35, 0x51, 0x6D, 0x88, 0xA4, 0xBF, 0xA4, 0x88, 0x6C, 0x50, 0x34, 0x18, 0x14, 0x1A, 0x1F, 0x21, 0x1E, 0x17, 0x0B,
    0x00, 0x00, 0x00, 0x00, 0x0C, 0x24, 0x3C, 0x53, 0x6B, 0x82, 0x9A, 0xB2, 0xB6, 0x9F, 0x87, 0x70, 0x58, 0x41, 0x29, 0x11, 0x00, 0x00, 0x00, 0x00,
    0x00, 0x00, 0x00, 0x00, 0x00, 0x00, 0x00, 0x00, 0x00, 0x09, 0x24, 0x3E, 0x59, 0x73, 0x8E, 0xA8, 0xBD, 0xA3, 0x88, 0x6E, 0x53, 0x39, 0x1E, 0x04,
    0x00, 0x00, 0x00, 0x00, 0x00, 0x0A, 0x26, 0x42, 0x5E, 0x7A, 0x96, 0xB2, 0xB2, 0x96, 0x7A, 0x5E, 0x42, 0x26, 0x0A, 0x00, 0x00, 0x00, 0x00, 0x00,
    0x00, 0x14, 0x2A, 0x3F, 0x54, 0x69, 0x7E, 0x93, 0xA8, 0xBD, 0xAD, 0x98, 0x83, 0x6E, 0x59, 0x44, 0x2F, 0x1A, 0x05, 0x00, 0x00, 0x00, 0x00, 0x00,
    0x13, 0x1F, 0x27, 0x2A, 0x2A, 0x2A, 0x2A, 0x42, 0x5E, 0x7A, 0x96, 0xB2, 0xB2, 0x96, 0x7A, 0x5E, 0x42, 0x2A, 0x2A, 0x2A, 0x2A, 0x27, 0x1F, 0x13,
    0x00, 0x00, 0x00, 0x15, 0x31, 0x4D, 0x69, 0x85, 0xA1, 0xBD, 0xA7, 0x8B, 0x6F, 0x53, 0x40, 0x59, 0x72, 0x8B, 0xA4, 0xBD, 0xAA, 0x91, 0x78, 0x5F,
    0x47, 0x63, 0x7F, 0x9B, 0xB7, 0xAC, 0x90, 0x74, 0x58, 0x3C, 0x23, 0x0C, 0x26, 0x40, 0x59, 0x73, 0x8D, 0xA6, 0xC0, 0xA6, 0x8C, 0x73, 0x59, 0x3F,
    0x00, 0x00, 0x00, 0x00, 0x1C, 0x38, 0x53, 0x6F, 0x8B, 0xA7, 0xBD, 0xA1, 0x85, 0x69, 0x4D, 0x31, 0x16, 0x00, 0x00, 0x04, 0x05, 0x03, 0x00, 0x00,
    0x00, 0x00, 0x00, 0x00, 0x00, 0x15, 0x2D, 0x44, 0x5C, 0x73, 0x8B, 0xA3, 0xBA, 0xAE, 0x96, 0x7F, 0x67, 0x50, 0x38, 0x20, 0x09, 0x00, 0x00, 0x00,
    0x00, 0x00, 0x00, 0x00, 0x00, 0x00, 0x00, 0x00, 0x00, 0x00, 0x1B, 0x35, 0x50, 0x6A, 0x85, 0x9F, 0xBA, 0xAC, 0x91, 0x77, 0x5C, 0x42, 0x27, 0x0D,
    0x00, 0x00, 0x00, 0x00, 0x00, 0x0A, 0x26, 0x42, 0x5E, 0x7A, 0x96, 0xB2, 0xB2, 0x96, 0x7A, 0x5E, 0x42, 0x26, 0x0A, 0x00, 0x00, 0x00, 0x00, 0x00,
    0x00, 0x02, 0x17, 0x2C, 0x41, 0x56, 0x6C, 0x81, 0x96, 0xAB, 0xC0, 0xAB, 0x96, 0x80, 0x6B, 0x56, 0x41, 0x2C, 0x17, 0x02, 0x00, 0x00, 0x00, 0x00,
    0x2B, 0x39, 0x42, 0x46, 0x46, 0x46, 0x46, 0x46, 0x5E, 0x7A, 0x96, 0xB2, 0xB2, 0x96, 0x7A, 0x5E, 0x46, 0x46, 0x46, 0x46, 0x46, 0x42, 0x39, 0x2B,
    0x00, 0x00, 0x00, 0x15, 0x31, 0x4D, 0x69, 0x85, 0xA1, 0xBD, 0xA7, 0x8B, 0x6F, 0x53, 0x37, 0x4C, 0x65, 0x7E, 0x97, 0xB0, 0xB7, 0x9E, 0x83, 0x68,
    0x47, 0x63, 0x7F, 0x9B, 0xB7, 0xAC, 0x90, 0x79, 0x61, 0x4A, 0x32, 0x1A, 0x1B, 0x34, 0x4E, 0x68, 0x82, 0x9B, 0xB5, 0xB1, 0x97, 0x7E, 0x64, 0x4A,
    0x00, 0x00, 0x00, 0x02, 0x1E, 0x3A, 0x56, 0x72, 0x8E, 0xAA, 0xBA, 0x9E, 0x82, 0x66, 0x4B, 0x2F, 0x13, 0x00, 0x00, 0x00, 0x00, 0x00, 0x00, 0x00,
    0x00, 0x00, 0x00, 0x00, 0x00, 0x06, 0x1D, 0x35, 0x4D, 0x64, 0x7C, 0x93, 0xAB, 0xBD, 0xA5, 0x8E, 0x76, 0x5F, 0x47, 0x30, 0x18, 0x00, 0x00, 0x00,
    0x00, 0x00, 0x00, 0x00, 0x00, 0x00, 0x00, 0x00, 0x00, 0x00, 0x12, 0x2C, 0x47, 0x61, 0x7C, 0x96, 0xB1, 0xB5, 0x9A, 0x80, 0x65, 0x4B, 0x30, 0x16,
    0x00, 0x00, 0x00, 0x00, 0x00, 0x0A, 0x26, 0x42, 0x5E, 0x7A, 0x96, 0xB2, 0xB2, 0x96, 0x7A, 0x5E, 0x42, 0x26, 0x0A, 0x00, 0x00, 0x00, 0x00, 0x00,
    0x00, 0x00, 0x05, 0x1A, 0x2F, 0x44, 0x59, 0x6E, 0x83, 0x98, 0xAD, 0xBD, 0xA8, 0x93, 0x7E, 0x69, 0x54, 0x3F, 0x29, 0x14, 0x00, 0x00, 0x00, 0x00,
    0x40, 0x51, 0x5D, 0x62, 0x62, 0x62, 0x62, 0x62, 0x62, 0x7A, 0x96, 0xB2, 0xB2, 0x96, 0x7A, 0x62, 0x62, 0x62, 0x62, 0x62, 0x62, 0x5D, 0x51, 0x40,
    0x00, 0x00, 0x00, 0x15, 0x31, 0x4D, 0x69, 0x85, 0xA1, 0xBD, 0xA7, 0x8B, 0x6F, 0x53, 0x37, 0x3F, 0x58, 0x71, 0x8A, 0xA3, 0xB2, 0x9E, 0x83, 0x68,
    0x47, 0x62, 0x7E, 0x99, 0xB1, 0xB7, 0x9F, 0x88, 0x70, 0x59, 0x41, 0x2A, 0x12, 0x29, 0x43, 0x5D, 0x76, 0x90, 0xAA, 0xBC, 0xA3, 0x89, 0x6F, 0x56,
    0x00, 0x00, 0x00, 0x05, 0x21, 0x3D, 0x59, 0x75, 0x91, 0xAC, 0xB7, 0x9C, 0x80, 0x64, 0x48, 0x2C, 0x10, 0x00, 0x00, 0x00, 0x00, 0x00, 0x00, 0x00,
    0x00, 0x00, 0x00, 0x00, 0x00, 0x00, 0x0E, 0x26, 0x3E, 0x55, 0x6D, 0x84, 0x9C, 0xB4, 0xB5, 0x9D, 0x85, 0x6E, 0x56, 0x3F, 0x27, 0x0F, 0x00, 0x00,
    0x00, 0x00, 0x00, 0x00, 0x00, 0x00, 0x00, 0x00, 0x00, 0x00, 0x09, 0x23, 0x3E, 0x58, 0x73, 0x8D, 0xA8, 0xBE, 0xA3, 0x89, 0x6E, 0x54, 0x39, 0x1F,
    0x00, 0x00, 0x00, 0x00, 0x00, 0x0A, 0x26, 0x42, 0x5E, 0x7A, 0x96, 0xB2, 0xB2, 0x96, 0x7A, 0x5E, 0x42, 0x26, 0x0A, 0x00, 0x00, 0x00, 0x00, 0x00,
    0x00, 0x00, 0x00, 0x07, 0x1D, 0x32, 0x47, 0x5C, 0x71, 0x86, 0x9B, 0xB0, 0xBA, 0xA5, 0x90, 0x7B, 0x66, 0x51, 0x3C, 0x27, 0x12, 0x00, 0x00, 0x00,
    0x53, 0x68, 0x77, 0x7E, 0x7E, 0x7E, 0x7E, 0x7E, 0x7E, 0x7E, 0x96, 0xB2, 0xB2, 0x96, 0x7E, 0x7E, 0x7E, 0x7E, 0x7E, 0x7E, 0x7E, 0x77, 0x68, 0x53,
    0x00, 0x00, 0x00, 0x15, 0x31, 0x4D, 0x69, 0x85, 0xA1, 0xBD, 0xA7, 0x8B, 0x6F, 0x53, 0x37, 0x33, 0x4B, 0x64, 0x7C, 0x8F, 0x96, 0x8C, 0x78, 0x5F,
    0x40, 0x5A, 0x73, 0x8B, 0xA2, 0xBA, 0xAF, 0x97, 0x7F, 0x68, 0x50, 0x39, 0x21, 0x1E, 0x38, 0x51, 0x6B, 0x85, 0x9E, 0xB8, 0xAE, 0x94, 0x7B, 0x61,
    0x00, 0x00, 0x00, 0x08, 0x24, 0x40, 0x5B, 0x77, 0x93, 0xAF, 0xB5, 0x99, 0x7D, 0x61, 0x45, 0x29, 0x0E, 0x00, 0x00, 0x00, 0x00, 0x00, 0x00, 0x00,
    0x00, 0x00, 0x00, 0x00, 0x00, 0x00, 0x00, 0x17, 0x2E, 0x46, 0x5E, 0x75, 0x8D, 0xA4, 0xBC, 0xAC, 0x94, 0x7D, 0x65, 0x4E, 0x36, 0x1F, 0x07, 0x00,
    0x00, 0x00, 0x00, 0x00, 0x00, 0x00, 0x00, 0x00, 0x00, 0x00, 0x00, 0x1A, 0x34, 0x4F, 0x69, 0x84, 0x9E, 0xB9, 0xAC, 0x92, 0x77, 0x5D, 0x42, 0x28,
    0x00, 0x00, 0x00, 0x00, 0x00, 0x0A, 0x26, 0x42, 0x5E, 0x7A, 0x96, 0xB2, 0xB2, 0x96, 0x7A, 0x5E, 0x42, 0x26, 0x0A, 0x00, 0x00, 0x00, 0x00, 0x00,
    0x00, 0x00, 0x00, 0x00, 0x0A, 0x1F, 0x34, 0x49, 0x5E, 0x74, 0x89, 0x9E, 0xB3, 0xB8, 0xA3, 0x8E, 0x78, 0x63, 0x4E, 0x39, 0x24, 0x0F, 0x00, 0x00,
    0x61, 0x7A, 0x8F, 0x9A, 0x9A, 0x9A, 0x9A, 0x9A, 0x9A, 0x9A, 0x9A, 0xB2, 0xB2, 0x9A, 0x9A, 0x9A, 0x9A, 0x9A, 0x9A, 0x9A, 0x9A, 0x8F, 0x7A, 0x61,
    0x00, 0x00, 0x00, 0x15, 0x31, 0x4D, 0x69, 0x85, 0xA1, 0xBD, 0xA7, 0x8B, 0x6F, 0x53, 0x37, 0x26, 0x3E, 0x55, 0x68, 0x75, 0x7A, 0x73, 0x64, 0x50,
    0x35, 0x4C, 0x64, 0x7B, 0x93, 0xAA, 0xBE, 0xA6, 0x8F, 0x77, 0x5F, 0x48, 0x30, 0x19, 0x2D, 0x46, 0x60, 0x7A, 0x93, 0xAD, 0xB9, 0x9F, 0x84, 0x68,
    0x00, 0x00, 0x00, 0x0B, 0x26, 0x42, 0x5E, 0x7A, 0x96, 0xB2, 0xB2, 0x96, 0x7A, 0x5E, 0x43, 0x27, 0x0B, 0x00, 0x00, 0x00, 0x00, 0x00, 0x00, 0x00,
    0x00, 0x00, 0x00, 0x00, 0x00, 0x00, 0x00, 0x08, 0x1F, 0x37, 0x4F, 0x66, 0x7E, 0x95, 0xAD, 0xBB, 0xA4, 0x8C, 0x74, 0x5D, 0x45, 0x2E, 0x16, 0x00,
    0x00, 0x00, 0x00, 0x00, 0x00, 0x00, 0x00, 0x00, 0x00, 0x00, 0x00, 0x11, 0x2B, 0x46, 0x60, 0x7B, 0x95, 0xB0, 0xB5, 0x9B, 0x80, 0x66, 0x4B, 0x31,
    0x00, 0x00, 0x00, 0x00, 0x00, 0x0A, 0x26, 0x42, 0x5E, 0x7A, 0x96, 0xB2, 0xB2, 0x96, 0x7A, 0x5E, 0x42, 0x26, 0x0A, 0x00, 0x00, 0x00, 0x00, 0x00,
    0x00, 0x00, 0x00, 0x00, 0x00, 0x0D, 0x22, 0x37, 0x4C, 0x61, 0x76, 0x8B, 0xA0, 0xB6, 0xB5, 0xA0, 0x8B, 0x76, 0x61, 0x4C, 0x37, 0x20, 0x09, 0x00,
    0x69, 0x84, 0xA0, 0xB6, 0xB6, 0xB6, 0xB6, 0xB6, 0xB6, 0xB6, 0xB6, 0xB6, 0xB6, 0xB6, 0xB6, 0xB6, 0xB6, 0xB6, 0xB6, 0xB6, 0xB6, 0xA0, 0x84, 0x69,
    0x00, 0x00, 0x00, 0x15, 0x31, 0x4D, 0x69, 0x85, 0xA1, 0xBD, 0xA7, 0x8B, 0x6F, 0x53, 0x37, 0x1B, 0x2D, 0x41, 0x50, 0x5B, 0x5E, 0x59, 0x4E, 0x3D,
    0x26, 0x3D, 0x55, 0x6C, 0x84, 0x9B, 0xB3, 0xB5, 0x9E, 0x86, 0x6F, 0x57, 0x3F, 0x28, 0x21, 0x3B, 0x55, 0x6E, 0x88, 0xA1, 0xAE, 0x9C, 0x83, 0x67,
    0x00, 0x00, 0x00, 0x0D, 0x29, 0x45, 0x61, 0x7D, 0x99, 0xB4, 0xAF, 0x94, 0x78, 0x5C, 0x40, 0x24, 0x08, 0x00, 0x00, 0x00, 0x00, 0x00, 0x00, 0x00,
    0x00, 0x00, 0x00, 0x00, 0x00, 0x00, 0x00, 0x00, 0x10, 0x28, 0x40, 0x57, 0x6F, 0x86, 0x9E, 0xB5, 0xB3, 0x9B, 0x83, 0x6C, 0x54, 0x3D, 0x25, 0x0D,
    0x00, 0x00, 0x00, 0x00, 0x00, 0x00, 0x00, 0x00, 0x00, 0x00, 0x00, 0x08, 0x22, 0x3D, 0x57, 0x72, 0x8C, 0xA7, 0xBE, 0xA4, 0x89, 0x6F, 0x54, 0x3A,
    0x00, 0x00, 0x00, 0x00, 0x00, 0x0A, 0x26, 0x42, 0x5E, 0x7A, 0x96, 0xB2, 0xB2, 0x96, 0x7A, 0x5E, 0x42, 0x26, 0x0A, 0x00, 0x00, 0x00, 0x00, 0x00,
    0x00, 0x00, 0x00, 0x00, 0x00, 0x00, 0x0F, 0x25, 0x3A, 0x4F, 0x64, 0x79, 0x8E, 0xA3, 0xB8, 0xB2, 0x9D, 0x88, 0x73, 0x5E, 0x47, 0x2E, 0x15, 0x00,
    0x67, 0x82, 0x9C, 0xAD, 0xAD, 0xAD, 0xAD, 0xAD, 0xAD, 0xAD, 0xAD, 0xAD, 0xAD, 0xAD, 0xAD, 0xAD, 0xAD, 0xAD, 0xAD, 0xAD, 0xAD, 0x9C, 0x82, 0x67,
    0x00, 0x00, 0x00, 0x15, 0x31, 0x4D, 0x69, 0x85, 0xA1, 0xBD, 0xA7, 0x8B, 0x6F, 0x53, 0x37, 0x1B, 0x19, 0x2A, 0x37, 0x3F, 0x42, 0x3E, 0x35, 0x27,
    0x16, 0x2E, 0x46, 0x5D, 0x75, 0x8C, 0xA4, 0xBB, 0xAD, 0x95, 0x7E, 0x66, 0x4F, 0x36, 0x1D, 0x30, 0x4A, 0x63, 0x7A, 0x8C, 0x92, 0x89, 0x76, 0x5E,
    0x00, 0x00, 0x00, 0x10, 0x2C, 0x48, 0x63, 0x7F, 0x9B, 0xB7, 0xAD, 0x91, 0x75, 0x59, 0x3D, 0x21, 0x05, 0x00, 0x00, 0x00, 0x00, 0x00, 0x00, 0x00,
    0x00, 0x00, 0x00, 0x00, 0x00, 0x00, 0x00, 0x00, 0x01, 0x19, 0x30, 0x48, 0x60, 0x77, 0x8F, 0xA6, 0xBE, 0xAA, 0x93, 0x7B, 0x63, 0x4C, 0x33, 0x1A,
    0x00, 0x00, 0x00, 0x00, 0x00, 0x00, 0x00, 0x00, 0x00, 0x00, 0x00, 0x00, 0x19, 0x34, 0x4E, 0x69, 0x83, 0x9E, 0xB8, 0xAD, 0x92, 0x78, 0x5D, 0x43,
    0x00, 0x00, 0x00, 0x00, 0x00, 0x0A, 0x26, 0x42, 0x5E, 0x7A, 0x96, 0xB2, 0xB2, 0x96, 0x7A, 0x5E, 0x42, 0x26, 0x0A, 0x00, 0x00, 0x00, 0x00, 0x00,
    0x00, 0x00, 0x00, 0x00, 0x00, 0x00, 0x00, 0x12, 0x27, 0x3C, 0x51, 0x67, 0x7C, 0x91, 0xA6, 0xBB, 0xB0, 0x9B, 0x85, 0x6D, 0x53, 0x38, 0x1D, 0x01,
    0x5D, 0x75, 0x88, 0x91, 0x91, 0x91, 0x91, 0x91, 0x91, 0x91, 0x91, 0x91, 0x91, 0x91, 0x91, 0x91, 0x91, 0x91, 0x91, 0x91, 0x91, 0x88, 0x75, 0x5D,
    0x00, 0x00, 0x00, 0x15, 0x31, 0x4D, 0x69, 0x85, 0xA1, 0xBD, 0xA7, 0x8B, 0x6F, 0x53, 0x37, 0x1B, 0x03, 0x12, 0x1D, 0x24, 0x26, 0x23, 0x1B, 0x0F,
    0x07, 0x1F, 0x36, 0x4E, 0x65, 0x7D, 0x95, 0xAC, 0xBC, 0xA4, 0x8D, 0x75, 0x5B, 0x41, 0x25, 0x24, 0x3C, 0x52, 0x65, 0x72, 0x76, 0x70, 0x62, 0x4E,
    0x00, 0x00, 0x00, 0x13, 0x2E, 0x4A, 0x66, 0x82, 0x9E, 0xBA, 0xAA, 0x8E, 0x72, 0x56, 0x3B, 0x1F, 0x03, 0x00, 0x00, 0x00, 0x00, 0x00, 0x00, 0x00,
    0x00, 0x00, 0x00, 0x00, 0x00, 0x00, 0x00, 0x00, 0x00, 0x0A, 0x21, 0x39, 0x51, 0x68, 0x80, 0x97, 0xAF, 0xB9, 0xA2, 0x8A, 0x72, 0x58, 0x3D, 0x22,
    0x00, 0x00, 0x00, 0x00, 0x00, 0x00, 0x00, 0x00, 0x00, 0x00, 0x00, 0x00, 0x10, 0x2B, 0x45, 0x60, 0x7A, 0x95, 0xAF, 0xB6, 0x9B, 0x7F, 0x63, 0x47,
    0x00, 0x00, 0x00, 0x00, 0x00, 0x0A, 0x26, 0x42, 0x5E, 0x7A, 0x96, 0xB2, 0xB2, 0x96, 0x7A, 0x5E, 0x42, 0x26, 0x0A, 0x00, 0x00, 0x00, 0x00, 0x00,
    0x00, 0x00, 0x00, 0x00, 0x00, 0x00, 0x00, 0x00, 0x15, 0x2A, 0x3F, 0x54, 0x69, 0x7E, 0x93, 0xA8, 0xBE, 0xAB, 0x90, 0x74, 0x58, 0x3C, 0x20, 0x04,
    0x4D, 0x61, 0x6F, 0x75, 0x75, 0x75, 0x75, 0x75, 0x75, 0x75, 0x75, 0x75, 0x75, 0x75, 0x75, 0x75, 0x75, 0x75, 0x75, 0x75, 0x75, 0x6F, 0x61, 0x4D,
    0x00, 0x00, 0x00, 0x15, 0x31, 0x4D, 0x69, 0x85, 0xA1, 0xBD, 0xA7, 0x8B, 0x6F, 0x53, 0x37, 0x1B, 0x00, 0x00, 0x02, 0x08, 0x0A, 0x07, 0x01, 0x00,
    0x00, 0x10, 0x27, 0x3F, 0x56, 0x6E, 0x85, 0x9D, 0xB5, 0xB4, 0x99, 0x7D, 0x61, 0x45, 0x29, 0x15, 0x2B, 0x3E, 0x4D, 0x57, 0x5A, 0x56, 0x4B, 0x3A,
    0x00, 0x00, 0x00, 0x15, 0x31, 0x4D, 0x69, 0x85, 0xA1, 0xBC, 0xA7, 0x8B, 0x70, 0x54, 0x38, 0x1C, 0x00, 0x00, 0x00, 0x00, 0x00, 0x00, 0x00, 0x00,
    0x00, 0x00, 0x00, 0x00, 0x00, 0x00, 0x00, 0x00, 0x00, 0x00, 0x12, 0x2A, 0x41, 0x59, 0x71, 0x88, 0xA0, 0xB7, 0xB1, 0x95, 0x7A, 0x5E, 0x42, 0x26,
    0x00, 0x00, 0x00, 0x00, 0x00, 0x00, 0x00, 0x00, 0x00, 0x00, 0x00, 0x00, 0x07, 0x22, 0x3C, 0x57, 0x71, 0x8B, 0xA2, 0xA8, 0x95, 0x7C, 0x61, 0x45,
    0x00, 0x00, 0x00, 0x00, 0x00, 0x09, 0x24, 0x40, 0x5B, 0x77, 0x91, 0xA6, 0xA6, 0x91, 0x77, 0x5B, 0x40, 0x24, 0x09, 0x00, 0x00, 0x00, 0x00, 0x00,
    0x00, 0x00, 0x00, 0x00, 0x00, 0x00, 0x00, 0x00, 0x02, 0x17, 0x2D, 0x42, 0x57, 0x6C, 0x81, 0x96, 0xA8, 0xA2, 0x8B, 0x71, 0x56, 0x3A, 0x1F, 0x03,
    0x3A, 0x4A, 0x55, 0x59, 0x59, 0x59, 0x59, 0x59, 0x59, 0x59, 0x59, 0x59, 0x59, 0x59, 0x59, 0x59, 0x59, 0x59, 0x59, 0x59, 0x59, 0x55, 0x4A, 0x3A,
    0x00, 0x00, 0x00, 0x14, 0x2F, 0x4B, 0x66, 0x81, 0x9A, 0xAA, 0x9E, 0x86, 0x6C, 0x50, 0x35, 0x19, 0x00, 0x00, 0x00, 0x00, 0x00, 0x00, 0x00, 0x00,
    0x00, 0x01, 0x18, 0x30, 0x47, 0x5F, 0x76, 0x8E, 0xA4, 0xA8, 0x93, 0x7A, 0x5F, 0x43, 0x28, 0x0C, 0x17, 0x27, 0x34, 0x3C, 0x3E, 0x3B, 0x32, 0x24,
    0x00, 0x00, 0x00, 0x14, 0x2F, 0x4B, 0x66, 0x81, 0x9A, 0xAA, 0x9E, 0x86, 0x6C, 0x50, 0x35, 0x19, 0x00, 0x00, 0x00, 0x00, 0x00, 0x00, 0x00, 0x00,
    0x00, 0x00, 0x00, 0x00, 0x00, 0x00, 0x00, 0x00, 0x00, 0x00, 0x03, 0x1B, 0x32, 0x4A, 0x62, 0x79, 0x91, 0xA6, 0xA6, 0x91, 0x77, 0x5B, 0x40, 0x24,
    0x00, 0x00, 0x00, 0x00, 0x00, 0x00, 0x00, 0x00, 0x00, 0x00, 0x00, 0x00, 0x00, 0x19, 0x33, 0x4D, 0x65, 0x7B, 0x8A, 0x8D, 0x82, 0x6E, 0x57, 0x3E,
    0x00, 0x00, 0x00, 0x00, 0x00, 0x03, 0x1E, 0x38, 0x52, 0x6A, 0x7F, 0x8C, 0x8C, 0x7F, 0x6A, 0x52, 0x38, 0x1E, 0x03, 0x00, 0x00, 0x00, 0x00, 0x00,
    0x00, 0x00, 0x00, 0x00, 0x00, 0x00, 0x00, 0x00, 0x00, 0x05, 0x1A, 0x2F, 0x44, 0x59, 0x6F, 0x82, 0x8D, 0x8A, 0x7B, 0x65, 0x4D, 0x33, 0x19, 0x00,
    0x23, 0x31, 0x3A, 0x3D, 0x3D, 0x3D, 0x3D, 0x3D, 0x3D, 0x3D, 0x3D, 0x3D, 0x3D, 0x3D, 0x3D, 0x3D, 0x3D, 0x3D, 0x3D, 0x3D, 0x3D, 0x3A, 0x31, 0x23,
    0x00, 0x00, 0x00, 0x0E, 0x29, 0x43, 0x5C, 0x73, 0x85, 0x8E, 0x88, 0x77, 0x61, 0x48, 0x2E, 0x13, 0x00, 0x00, 0x00, 0x00, 0x00, 0x00, 0x00, 0x00,
    0x00, 0x00, 0x09, 0x21, 0x38, 0x50, 0x67, 0x7C, 0x8B, 0x8D, 0x81, 0x6D, 0x55, 0x3B, 0x21, 0x06, 0x00, 0x0F, 0x1A, 0x20, 0x22, 0x1F, 0x18, 0x0C,
    0x00, 0x00, 0x00, 0x0E, 0x29, 0x43, 0x5C, 0x73, 0x85, 0x8E, 0x88, 0x77, 0x61, 0x48, 0x2E, 0x13, 0x00, 0x00, 0x00, 0x00, 0x00, 0x00, 0x00, 0x00,
    0x00, 0x00, 0x00, 0x00, 0x00, 0x00, 0x00, 0x00, 0x00, 0x00, 0x00, 0x0C, 0x23, 0x3B, 0x52, 0x6A, 0x7F, 0x8C, 0x8C, 0x7F, 0x6A, 0x52, 0x38, 0x1E,
    0x00, 0x00, 0x00, 0x00, 0x00, 0x00, 0x00, 0x00, 0x00, 0x00, 0x00, 0x00, 0x00, 0x0E, 0x27, 0x3E, 0x53, 0x65, 0x70, 0x72, 0x6A, 0x5B, 0x47, 0x30,
    0x00, 0x00, 0x00, 0x00, 0x00, 0x00, 0x13, 0x2C, 0x43, 0x57, 0x67, 0x71, 0x71, 0x67, 0x57, 0x43, 0x2C, 0x13, 0x00, 0x00, 0x00, 0x00, 0x00, 0x00,
    0x00, 0x00, 0x00, 0x00, 0x00, 0x00, 0x00, 0x00, 0x00, 0x00, 0x08, 0x1D, 0x32, 0x47, 0x5B, 0x6A, 0x72, 0x70, 0x65, 0x53, 0x3E, 0x27, 0x0E, 0x00,
    0x0B, 0x17, 0x1E, 0x21, 0x21, 0x21, 0x21, 0x21, 0x21, 0x21, 0x21, 0x21, 0x21, 0x21, 0x21, 0x21, 0x21, 0x21, 0x21, 0x21, 0x21, 0x1E, 0x17, 0x0B,
    0x00, 0x00, 0x00, 0x04, 0x1D, 0x35, 0x4B, 0x5E, 0x6C, 0x72, 0x6E, 0x62, 0x4F, 0x3A, 0x22, 0x09, 0x00, 0x00, 0x00, 0x00, 0x00, 0x00, 0x00, 0x00,
    0x00, 0x00, 0x00, 0x11, 0x29, 0x40, 0x55, 0x66, 0x70, 0x71, 0x69, 0x59, 0x45, 0x2F, 0x16, 0x00, 0x00, 0x00, 0x00, 0x05, 0x06, 0x04, 0x00, 0x00,
    0x00, 0x00, 0x00, 0x04, 0x1D, 0x35, 0x4B, 0x5E, 0x6C, 0x72, 0x6E, 0x62, 0x4F, 0x3A, 0x22, 0x09, 0x00, 0x00, 0x00, 0x00, 0x00, 0x00, 0x00, 0x00,
    0x00, 0x00, 0x00, 0x00, 0x00, 0x00, 0x00, 0x00, 0x00, 0x00, 0x00, 0x00, 0x14, 0x2C, 0x43, 0x57, 0x67, 0x71, 0x71, 0x67, 0x57, 0x43, 0x2C, 0x13,
    0x00, 0x00, 0x00, 0x00, 0x00, 0x00, 0x00, 0x00, 0x00, 0x00, 0x00, 0x00, 0x00, 0x00, 0x17, 0x2C, 0x3E, 0x4C, 0x54, 0x56, 0x50, 0x44, 0x33, 0x20,
    0x00, 0x00, 0x00, 0x00, 0x00, 0x00, 0x05, 0x1B, 0x30, 0x41, 0x4E, 0x55, 0x55, 0x4E, 0x41, 0x30, 0x1B, 0x05, 0x00, 0x00, 0x00, 0x00, 0x00, 0x00,
    0x00, 0x00, 0x00, 0x00, 0x00, 0x00, 0x00, 0x00, 0x00, 0x00, 0x00, 0x0A, 0x20, 0x33, 0x44, 0x50, 0x56, 0x54, 0x4C, 0x3E, 0x2C, 0x17, 0x00, 0x00,
    0x00, 0x00, 0x03, 0x05, 0x05, 0x05, 0x05, 0x05, 0x05, 0x05, 0x05, 0x05, 0x05, 0x05, 0x05, 0x05, 0x05, 0x05, 0x05, 0x05, 0x05, 0x03, 0x00, 0x00,
    0x00, 0x00, 0x00, 0x00, 0x0E, 0x24, 0x37, 0x47, 0x52, 0x56, 0x53, 0x49, 0x3A, 0x28, 0x13, 0x00, 0x00, 0x00, 0x00, 0x00, 0x00, 0x00, 0x00, 0x00,
    0x00, 0x00, 0x00, 0x02, 0x19, 0x2D, 0x3F, 0x4D, 0x55, 0x55, 0x4F, 0x43, 0x32, 0x1E, 0x08, 0x00, 0x00, 0x00, 0x00, 0x00, 0x00, 0x00, 0x00, 0x00,
    0x00, 0x00, 0x00, 0x00, 0x0E, 0x24, 0x37, 0x47, 0x52, 0x56, 0x53, 0x49, 0x3A, 0x28, 0x13, 0x00, 0x00, 0x00, 0x00, 0x00, 0x00, 0x00, 0x00, 0x00,
    0x00, 0x00, 0x00, 0x00, 0x00, 0x00, 0x00, 0x00, 0x00, 0x00, 0x00, 0x00, 0x05, 0x1B, 0x30, 0x41, 0x4E, 0x55, 0x55, 0x4E, 0x41, 0x30, 0x1B, 0x05,
    0x00, 0x00, 0x00, 0x00, 0x00, 0x00, 0x00, 0x00, 0x00, 0x00, 0x00, 0x00, 0x00, 0x00, 0x04, 0x17, 0x26, 0x32, 0x39, 0x3A, 0x35, 0x2B, 0x1D, 0x0C,
    0x00, 0x00, 0x00, 0x00, 0x00, 0x00, 0x00, 0x08, 0x1A, 0x29, 0x34, 0x39, 0x39, 0x34, 0x29, 0x1A, 0x08, 0x00, 0x00, 0x00, 0x00, 0x00, 0x00, 0x00,
    0x00, 0x00, 0x00, 0x00, 0x00, 0x00, 0x00, 0x00, 0x00, 0x00, 0x00, 0x00, 0x0C, 0x1D, 0x2B, 0x35, 0x3A, 0x39, 0x32, 0x26, 0x17, 0x04, 0x00, 0x00,
    0x00, 0x00, 0x00, 0x00, 0x00, 0x00, 0x00, 0x00, 0x00, 0x00, 0x00, 0x00, 0x00, 0x00, 0x00, 0x00, 0x00, 0x00, 0x00, 0x00, 0x00, 0x00, 0x00, 0x00,
    0x00, 0x00, 0x00, 0x00, 0x00, 0x10, 0x20, 0x2E, 0x37, 0x3A, 0x38, 0x30, 0x23, 0x13, 0x00, 0x00, 0x00, 0x00, 0x00, 0x00, 0x00, 0x00, 0x00, 0x00,
    0x00, 0x00, 0x00, 0x00, 0x06, 0x18, 0x27, 0x33, 0x39, 0x3A, 0x35, 0x2A, 0x1C, 0x0A, 0x00, 0x00, 0x00, 0x00, 0x00, 0x00, 0x00, 0x00, 0x00, 0x00,
    0x00, 0x00, 0x00, 0x00, 0x00, 0x10, 0x20, 0x2E, 0x37, 0x3A, 0x38, 0x30, 0x23, 0x13, 0x00, 0x00, 0x00, 0x00, 0x00, 0x00, 0x00, 0x00, 0x00, 0x00,
    0x00, 0x00, 0x00, 0x00, 0x00, 0x00, 0x00, 0x00, 0x00, 0x00, 0x00, 0x00, 0x00, 0x08, 0x1A, 0x29, 0x34, 0x39, 0x39, 0x34, 0x29, 0x1A, 0x08, 0x00,
    0x00, 0x00, 0x00, 0x00, 0x00, 0x00, 0x00, 0x00, 0x00, 0x00, 0x00, 0x00, 0x0C, 0x1D, 0x2B, 0x35, 0x3A, 0x39, 0x32, 0x26, 0x17, 0x04, 0x00, 0x00,
    0x00, 0x00, 0x00, 0x00, 0x00, 0x00, 0x00, 0x00, 0x00, 0x00, 0x00, 0x00, 0x00, 0x00, 0x00, 0x00, 0x00, 0x00, 0x00, 0x00, 0x00, 0x00, 0x00, 0x00,
    0x00, 0x00, 0x00, 0x00, 0x0E, 0x1A, 0x22, 0x26, 0x24, 0x1E, 0x13, 0x04, 0x04, 0x13, 0x1E, 0x24, 0x26, 0x22, 0x1A, 0x0E, 0x00, 0x00, 0x00, 0x00,
    0x00, 0x00, 0x00, 0x00, 0x00, 0x00, 0x00, 0x00, 0x00, 0x00, 0x00, 0x00, 0x00, 0x00, 0x00, 0x00, 0x00, 0x00, 0x00, 0x00, 0x00, 0x00, 0x00, 0x00,
    0x00, 0x00, 0x00, 0x00, 0x00, 0x00, 0x00, 0x00, 0x00, 0x00, 0x00, 0x00, 0x00, 0x00, 0x00, 0x00, 0x00, 0x00, 0x00, 0x00, 0x00, 0x00, 0x00, 0x00,
    0x00, 0x00, 0x00, 0x00, 0x00, 0x00, 0x00, 0x00, 0x00, 0x00, 0x00, 0x10, 0x20, 0x2E, 0x37, 0x3A, 0x38, 0x30, 0x23, 0x13, 0x00, 0x00, 0x00, 0x00,
    0x00, 0x00, 0x00, 0x00, 0x00, 0x00, 0x00, 0x00, 0x00, 0x00, 0x00, 0x00, 0x00, 0x00, 0x00, 0x00, 0x00, 0x00, 0x00, 0x00, 0x00, 0x00, 0x00, 0x00,
    0x0C, 0x1D, 0x2B, 0x35, 0x3A, 0x3A, 0x3A, 0x3A, 0x3A, 0x3A, 0x3A, 0x3A, 0x3A, 0x3A, 0x3A, 0x3A, 0x36, 0x2D, 0x20, 0x0F, 0x00, 0x00, 0x00, 0x00,
    0x00, 0x00, 0x00, 0x00, 0x00, 0x00, 0x00, 0x00, 0x00, 0x00, 0x00, 0x0A, 0x20, 0x33, 0x44, 0x50, 0x56, 0x54, 0x4C, 0x3E, 0x2C, 0x17, 0x00, 0x00,
    0x00, 0x00, 0x00, 0x00, 0x00, 0x00, 0x00, 0x00, 0x00, 0x00, 0x00, 0x00, 0x00, 0x00, 0x00, 0x00, 0x00, 0x00, 0x00, 0x00, 0x00, 0x00, 0x00, 0x00,
    0x00, 0x00, 0x00, 0x14, 0x26, 0x34, 0x3E, 0x42, 0x40, 0x38, 0x2B, 0x1B, 0x1B, 0x2B, 0x38, 0x40, 0x42, 0x3E, 0x34, 0x26, 0x14, 0x00, 0x00, 0x00,
    0x00, 0x00, 0x00, 0x00, 0x00, 0x00, 0x00, 0x00, 0x00, 0x00, 0x00, 0x00, 0x00, 0x00, 0x00, 0x00, 0x00, 0x00, 0x00, 0x00, 0x00, 0x00, 0x00, 0x00,
    0x00, 0x00, 0x00, 0x00, 0x00, 0x00, 0x00, 0x00, 0x00, 0x00, 0x00, 0x00, 0x00, 0x00, 0x00, 0x00, 0x00, 0x00, 0x00, 0x00, 0x00, 0x00, 0x00, 0x00,
    0x00, 0x00, 0x00, 0x00, 0x00, 0x00, 0x00, 0x00, 0x00, 0x00, 0x0E, 0x24, 0x37, 0x47, 0x52, 0x56, 0x53, 0x49, 0x3A, 0x28, 0x13, 0x00, 0x00, 0x00,
    0x00, 0x00, 0x00, 0x00, 0x00, 0x00, 0x00, 0x00, 0x00, 0x00, 0x00, 0x00, 0x00, 0x00, 0x00, 0x00, 0x00, 0x00, 0x00, 0x00, 0x00, 0x00, 0x00, 0x00,
    0x20, 0x33, 0x44, 0x50, 0x56, 0x56, 0x56, 0x56, 0x56, 0x56, 0x56, 0x56, 0x56, 0x56, 0x56, 0x56, 0x51, 0x46, 0x36, 0x23, 0x0D, 0x00, 0x00, 0x00,
    0x00, 0x00, 0x00, 0x00, 0x00, 0x00, 0x00, 0x00, 0x00, 0x00, 0x00, 0x18, 0x30, 0x47, 0x5B, 0x6A, 0x72, 0x70, 0x65, 0x53, 0x3E, 0x27, 0x0E, 0x00,
    0x00, 0x00, 0x00, 0x00, 0x00, 0x00, 0x00, 0x00, 0x00, 0x00, 0x00, 0x00, 0x00, 0x00, 0x00, 0x00, 0x00, 0x00, 0x00, 0x00, 0x00, 0x00, 0x00, 0x00,
    0x00, 0x00, 0x11, 0x27, 0x3B, 0x4C, 0x58, 0x5E, 0x5B, 0x51, 0x42, 0x2F, 0x2F, 0x42, 0x51, 0x5B, 0x5E, 0x58, 0x4C, 0x3B, 0x27, 0x11, 0x00, 0x00,
    0x00, 0x00, 0x00, 0x00, 0x00, 0x00, 0x00, 0x00, 0x00, 0x00, 0x00, 0x00, 0x00, 0x00, 0x00, 0x00, 0x04, 0x0D, 0x13, 0x14, 0x10, 0x08, 0x00, 0x00,
    0x00, 0x00, 0x00, 0x00, 0x00, 0x00, 0x00, 0x00, 0x00, 0x00, 0x00, 0x00, 0x00, 0x00, 0x00, 0x00, 0x00, 0x00, 0x00, 0x00, 0x00, 0x00, 0x00, 0x00,
    0x00, 0x00, 0x00, 0x00, 0x00, 0x00, 0x00, 0x00, 0x00, 0x04, 0x1D, 0x35, 0x4B, 0x5E, 0x6C, 0x72, 0x6E, 0x62, 0x4F, 0x3A, 0x22, 0x09, 0x00, 0x00,
    0x00, 0x0A, 0x11, 0x14, 0x12, 0x0C, 0x02, 0x00, 0x00, 0x00, 0x00, 0x00, 0x00, 0x00, 0x00, 0x06, 0x0F, 0x13, 0x13, 0x0F, 0x06, 0x00, 0x00, 0x00,
    0x30, 0x47, 0x5B, 0x6A, 0x72, 0x72, 0x72, 0x72, 0x72, 0x72, 0x72, 0x72, 0x72, 0x72, 0x72, 0x72, 0x6C, 0x5E, 0x4A, 0x34, 0x1C, 0x03, 0x00, 0x00,
    0x00, 0x00, 0x00, 0x00, 0x00, 0x00, 0x00, 0x00, 0x00, 0x00, 0x09, 0x23, 0x3E, 0x57, 0x6E, 0x82, 0x8D, 0x8A, 0x7B, 0x65, 0x4D, 0x33, 0x19, 0x00,
    0x00, 0x00, 0x05, 0x08, 0x08, 0x08, 0x08, 0x08, 0x08, 0x08, 0x08, 0x08, 0x08, 0x08, 0x08, 0x08, 0x08, 0x08, 0x08, 0x08, 0x08, 0x05, 0x00, 0x00,
    0x00, 0x05, 0x1F, 0x37, 0x4F, 0x63, 0x72, 0x7A, 0x76, 0x69, 0x56, 0x40, 0x40, 0x56, 0x69, 0x76, 0x7A, 0x72, 0x63, 0x4F, 0x37, 0x1F, 0x05, 0x00,
    0x00, 0x00, 0x00, 0x00, 0x00, 0x00, 0x00, 0x00, 0x00, 0x00, 0x00, 0x00, 0x00, 0x00, 0x00, 0x0F, 0x1D, 0x28, 0x2F, 0x30, 0x2B, 0x22, 0x15, 0x04,
    0x00, 0x00, 0x05, 0x08, 0x08, 0x08, 0x08, 0x08, 0x08, 0x08, 0x08, 0x08, 0x08, 0x08, 0x08, 0x08, 0x08, 0x08, 0x08, 0x08, 0x08, 0x05, 0x00, 0x00,
    0x00, 0x00, 0x00, 0x00, 0x00, 0x00, 0x00, 0x00, 0x00, 0x0E, 0x29, 0x43, 0x5C, 0x73, 0x85, 0x8E, 0x88, 0x77, 0x61, 0x48, 0x2E, 0x13, 0x00, 0x00,
    0x18, 0x24, 0x2D, 0x30, 0x2E, 0x26, 0x1B, 0x0B, 0x00, 0x00, 0x00, 0x00, 0x00, 0x01, 0x12, 0x20, 0x2A, 0x2F, 0x2F, 0x2A, 0x20, 0x12, 0x01, 0x00,
    0x3E, 0x57, 0x6E, 0x82, 0x8D, 0x8E, 0x8E, 0x8E, 0x8E, 0x8E, 0x8E, 0x8E, 0x8E, 0x8E, 0x8E, 0x8E, 0x85, 0x72, 0x5B, 0x42, 0x28, 0x0D, 0x00, 0x00,
    0x00, 0x00, 0x06, 0x09, 0x09, 0x09, 0x09, 0x09, 0x09, 0x09, 0x0E, 0x2A, 0x45, 0x61, 0x7C, 0x95, 0xA8, 0xA2, 0x8B, 0x71, 0x56, 0x3B, 0x20, 0x05,
    0x0D, 0x19, 0x21, 0x24, 0x24, 0x24, 0x24, 0x24, 0x24, 0x24, 0x24, 0x24, 0x24, 0x24, 0x24, 0x24, 0x24, 0x24, 0x24, 0x24, 0x24, 0x21, 0x19, 0x0D,
    0x00, 0x0E, 0x29, 0x43, 0x5D, 0x76, 0x8A, 0x96, 0x90, 0x7E, 0x66, 0x4D, 0x4D, 0x66, 0x7E, 0x90, 0x96, 0x8A, 0x76, 0x5D, 0x43, 0x29, 0x0E, 0x00,
    0x00, 0x00, 0x00, 0x00, 0x00, 0x00, 0x00, 0x00, 0x00, 0x00, 0x00, 0x00, 0x00, 0x00, 0x10, 0x24, 0x35, 0x43, 0x4A, 0x4C, 0x46, 0x3B, 0x2C, 0x19,
    0x0D, 0x19, 0x21, 0x24, 0x24, 0x24, 0x24, 0x24, 0x24, 0x24, 0x24, 0x24, 0x24, 0x24, 0x24, 0x24, 0x24, 0x24, 0x24, 0x24, 0x24, 0x21, 0x19, 0x0D,
    0x00, 0x00, 0x00, 0x00, 0x00, 0x00, 0x00, 0x00, 0x00, 0x14, 0x2F, 0x4B, 0x66, 0x81, 0x9A, 0xAA, 0x9E, 0x86, 0x6C, 0x50, 0x35, 0x19, 0x00, 0x00,
    0x2F, 0x3E, 0x48, 0x4C, 0x49, 0x40, 0x32, 0x21, 0x0C, 0x00, 0x00, 0x00, 0x00, 0x15, 0x28, 0x38, 0x45, 0x4B, 0x4B, 0x45, 0x38, 0x28, 0x15, 0x00,
    0x45, 0x61, 0x7C, 0x95, 0xA8, 0xAA, 0xAA, 0xAA, 0xAA, 0xAA, 0xAA, 0xAA, 0xAA, 0xAA, 0xAA, 0xAA, 0x99, 0x80, 0x65, 0x4A, 0x2F, 0x14, 0x00, 0x00,
    0x0E, 0x1A, 0x22, 0x25, 0x25, 0x25, 0x25, 0x25, 0x25, 0x25, 0x25, 0x2B, 0x47, 0x63, 0x7F, 0x9B, 0xB6, 0xAE, 0x93, 0x78, 0x5D, 0x42, 0x26, 0x0B,
    0x25, 0x33, 0x3C, 0x40, 0x40, 0x40, 0x40, 0x40, 0x40, 0x40, 0x40, 0x40, 0x40, 0x40, 0x40, 0x40, 0x40, 0x40, 0x40, 0x40, 0x40, 0x3C, 0x33, 0x25,
    0x00, 0x12, 0x2E, 0x4A, 0x66, 0x81, 0x9C, 0xB1, 0xA5, 0x8B, 0x70, 0x54, 0x54, 0x70, 0x8B, 0xA5, 0xB1, 0x9C, 0x81, 0x66, 0x4A, 0x2E, 0x12, 0x00,
    0x00, 0x00, 0x00, 0x00, 0x00, 0x00, 0x00, 0x00, 0x00, 0x00, 0x00, 0x00, 0x00, 0x0D, 0x22, 0x38, 0x4C, 0x5C, 0x66, 0x68, 0x61, 0x53, 0x40, 0x2B,
    0x25, 0x33, 0x3C, 0x40, 0x40, 0x40, 0x40, 0x40, 0x40, 0x40, 0x40, 0x40, 0x40, 0x40, 0x40, 0x40, 0x40, 0x40, 0x40, 0x40, 0x40, 0x3C, 0x33, 0x25,
    0x00, 0x00, 0x00, 0x00, 0x00, 0x00, 0x00, 0x00, 0x00, 0x15, 0x31, 0x4D, 0x69, 0x85, 0xA1, 0xBD, 0xA7, 0x8B, 0x6F, 0x53, 0x37, 0x1B, 0x00, 0x00,
    0x44, 0x56, 0x63, 0x68, 0x64, 0x59, 0x48, 0x34, 0x1D, 0x05, 0x00, 0x00, 0x0F, 0x26, 0x3C, 0x4F, 0x5E, 0x67, 0x67, 0x5E, 0x4F, 0x3C, 0x26, 0x0F,
    0x47, 0x63, 0x7F, 0x9B, 0xB7, 0xBA, 0xBA, 0xBA, 0xBA, 0xBA, 0xBA, 0xBA, 0xBA, 0xBA, 0xBA, 0xBE, 0xA3, 0x88, 0x6D, 0x52, 0x37, 0x1C, 0x01, 0x00,
    0x26, 0x34, 0x3D, 0x41, 0x41, 0x41, 0x41, 0x41, 0x41, 0x41, 0x41, 0x41, 0x43, 0x5E, 0x79, 0x94, 0xAF, 0xB5, 0x9A, 0x7F, 0x64, 0x48, 0x2D, 0x12,
    0x3B, 0x4C, 0x57, 0x5C, 0x5C, 0x5C, 0x5C, 0x5C, 0x5C, 0x5C, 0x5C, 0x5C, 0x5C, 0x5C, 0x5C, 0x5C, 0x5C, 0x5C, 0x5C, 0x5C, 0x5C, 0x57, 0x4C, 0x3B,
    0x00, 0x13, 0x2F, 0x4B, 0x67, 0x83, 0x9F, 0xBB, 0xA9, 0x8D, 0x71, 0x55, 0x55, 0x71, 0x8D, 0xA9, 0xBB, 0x9F, 0x83, 0x67, 0x4B, 0x2F, 0x13, 0x00,
    0x00, 0x00, 0x00, 0x00, 0x00, 0x00, 0x00, 0x00, 0x00, 0x00, 0x00, 0x00, 0x09, 0x1F, 0x34, 0x4A, 0x5F, 0x73, 0x81, 0x83, 0x7A, 0x68, 0x52, 0x39,
    0x3B, 0x4C, 0x57, 0x5C, 0x5C, 0x5C, 0x5C, 0x5C, 0x5C, 0x5C, 0x5C, 0x5C, 0x5C, 0x5C, 0x5C, 0x5C, 0x5C, 0x5C, 0x5C, 0x5C, 0x5C, 0x57, 0x4C, 0x3B,
    0x00, 0x00, 0x00, 0x00, 0x00, 0x00, 0x00, 0x00, 0x00, 0x15, 0x31, 0x4D, 0x69, 0x85, 0xA1, 0xBD, 0xA7, 0x8B, 0x6F, 0x53, 0x37, 0x1B, 0x00, 0x00,
    0x56, 0x6C, 0x7C, 0x84, 0x7F, 0x70, 0x5B, 0x43, 0x2A, 0x11, 0x00, 0x00, 0x1B, 0x34, 0x4D, 0x64, 0x77, 0x82, 0x82, 0x77, 0x64, 0x4D, 0x34, 0x1B,
    0x47, 0x63, 0x7F, 0x9B, 0xB7, 0xAC, 0x9E, 0x9E, 0x9E, 0x9E, 0x9E, 0x9E, 0x9E, 0x9E, 0xA0, 0xBB, 0xAA, 0x8F, 0x74, 0x59, 0x3E, 0x23, 0x08, 0x00,
    0x3C, 0x4D, 0x58, 0x5D, 0x5D, 0x5D, 0x5D, 0x5D, 0x5D, 0x5D, 0x5D, 0x5D, 0x5D, 0x5D, 0x72, 0x8D, 0xA9, 0xBC, 0xA1, 0x86, 0x6A, 0x4F, 0x34, 0x19,
    0x4F, 0x63, 0x71, 0x78, 0x78, 0x78, 0x78, 0x78, 0x78, 0x78, 0x78, 0x78, 0x78, 0x78, 0x78, 0x78, 0x78, 0x78, 0x78, 0x78, 0x78, 0x71, 0x63, 0x4F,
    0x00, 0x13, 0x2F, 0x4B, 0x67, 0x83, 0x9F, 0xBB, 0xA9, 0x8D, 0x71, 0x55, 0x55, 0x71, 0x8D, 0xA9, 0xBB, 0x9F, 0x83, 0x67, 0x4B, 0x2F, 0x13, 0x00,
    0x00, 0x00, 0x00, 0x00, 0x00, 0x00, 0x00, 0x00, 0x00, 0x00, 0x00, 0x06, 0x1B, 0x31, 0x46, 0x5C, 0x71, 0x87, 0x9A, 0x9F, 0x8F, 0x78, 0x5E, 0x43,
    0x4F, 0x63, 0x71, 0x78, 0x78, 0x78, 0x78, 0x78, 0x78, 0x78, 0x78, 0x78, 0x78, 0x78, 0x78, 0x78, 0x78, 0x78, 0x78, 0x78, 0x78, 0x71, 0x63, 0x4F,
    0x00, 0x02, 0x0D, 0x16, 0x19, 0x18, 0x13, 0x0B, 0x02, 0x15, 0x31, 0x4D, 0x69, 0x85, 0xA1, 0xBD, 0xA7, 0x8B, 0x6F, 0x53, 0x37, 0x1B, 0x00, 0x00,
    0x63, 0x7D, 0x93, 0xA0, 0x97, 0x82, 0x69, 0x4F, 0x36, 0x1C, 0x03, 0x0A, 0x24, 0x3F, 0x59, 0x73, 0x8B, 0x9D, 0x9D, 0x8B, 0x73, 0x59, 0x3E, 0x23,
    0x47, 0x63, 0x7F, 0x9B, 0xB7, 0xAC, 0x90, 0x82, 0x82, 0x82, 0x82, 0x82, 0x82, 0x82, 0x98, 0xB3, 0xB2, 0x97, 0x7C, 0x61, 0x46, 0x2B, 0x10, 0x00,
    0x50, 0x64, 0x72, 0x79, 0x79, 0x79, 0x79, 0x79, 0x79, 0x79, 0x79, 0x79, 0x79, 0x79, 0x79, 0x87, 0xA2, 0xBD, 0xA8, 0x8C, 0x71, 0x56, 0x3B, 0x20,
    0x5E, 0x76, 0x8A, 0x94, 0x94, 0x94, 0x94, 0x94, 0x94, 0x94, 0x94, 0x94, 0x94, 0x94, 0x94, 0x94, 0x94, 0x94, 0x94, 0x94, 0x94, 0x8A, 0x76, 0x5E,
    0x00, 0x13, 0x2F, 0x4B, 0x67, 0x83, 0x9F, 0xBB, 0xA9, 0x8D, 0x71, 0x55, 0x55, 0x71, 0x8D, 0xA9, 0xBB, 0x9F, 0x83, 0x67, 0x4B, 0x2F, 0x13, 0x00,
    0x00, 0x00, 0x00, 0x00, 0x00, 0x00, 0x00, 0x00, 0x00, 0x00, 0x02, 0x18, 0x2D, 0x43, 0x58, 0x6E, 0x83, 0x99, 0xAE, 0xB7, 0x9B, 0x7F, 0x63, 0x47,
    0x5E, 0x76, 0x8A, 0x94, 0x94, 0x94, 0x94, 0x94, 0x94, 0x94, 0x94, 0x94, 0x94, 0x94, 0x94, 0x94, 0x94, 0x94, 0x94, 0x94, 0x94, 0x8A, 0x76, 0x5E,
    0x08, 0x19, 0x27, 0x31, 0x35, 0x34, 0x2E, 0x25, 0x1D, 0x15, 0x31, 0x4D, 0x69, 0x85, 0xA1, 0xBD, 0xA7, 0x8B, 0x6F, 0x53, 0x37, 0x1B, 0x00, 0x00,
    0x69, 0x85, 0xA1, 0xBB, 0xA7, 0x8E, 0x74, 0x5B, 0x41, 0x28, 0x0F, 0x14, 0x2E, 0x48, 0x63, 0x7D, 0x97, 0xB1, 0xB1, 0x96, 0x7A, 0x5E, 0x42, 0x26,
    0x47, 0x63, 0x7F, 0x9B, 0xB7, 0xAC, 0x90, 0x74, 0x66, 0x66, 0x66, 0x66, 0x66, 0x76, 0x91, 0xAC, 0xB9, 0x9E, 0x83, 0x68, 0x4D, 0x32, 0x17, 0x00,
    0x5F, 0x77, 0x8B, 0x95, 0x95, 0x95, 0x95, 0x95, 0x95, 0x95, 0x95, 0x95, 0x95, 0x95, 0x95, 0x95, 0x9B, 0xB6, 0xAE, 0x93, 0x78, 0x5D, 0x42, 0x26,
    0x68, 0x83, 0x9D, 0xAF, 0xB0, 0xB0, 0xB0, 0xB0, 0xB0, 0xB0, 0xB0, 0xB0, 0xB0, 0xB0, 0xB0, 0xB0, 0xB0, 0xB0, 0xB0, 0xB0, 0xAF, 0x9D, 0x83, 0x68,
    0x12, 0x1E, 0x2F, 0x4B, 0x67, 0x83, 0x9F, 0xBB, 0xA9, 0x8D, 0x71, 0x55, 0x55, 0x71, 0x8D, 0xA9, 0xBB, 0x9F, 0x83, 0x67, 0x4B, 0x2F, 0x1E, 0x12,
    0x00, 0x00, 0x00, 0x00, 0x00, 0x00, 0x00, 0x00, 0x00, 0x00, 0x14, 0x2A, 0x3F, 0x55, 0x6A, 0x80, 0x95, 0xAB, 0xBF, 0xAA, 0x94, 0x7B, 0x60, 0x45,
    0x68, 0x83, 0x9D, 0xAF, 0xB0, 0xB0, 0xB0, 0xB0, 0xB0, 0xB0, 0xB0, 0xB0, 0xB0, 0xB0, 0xB0, 0xB0, 0xB0, 0xB0, 0xB0, 0xB0, 0xAF, 0x9D, 0x83, 0x68,
    0x1D, 0x30, 0x40, 0x4C, 0x51, 0x50, 0x48, 0x40, 0x38, 0x30, 0x31, 0x4D, 0x69, 0x85, 0xA1, 0xBD, 0xA7, 0x8B, 0x6F, 0x53, 0x37, 0x1B, 0x00, 0x00,
    0x66, 0x80, 0x9A, 0xB3, 0xB3, 0x99, 0x80, 0x67, 0x4D, 0x34, 0x1A, 0x1E, 0x38, 0x52, 0x6D, 0x87, 0xA1, 0xBB, 0xAA, 0x90, 0x76, 0x5B, 0x40, 0x24,
    0x47, 0x63, 0x7F, 0x9B, 0xB7, 0xAC, 0x90, 0x74, 0x58, 0x4A, 0x4A, 0x4A, 0x53, 0x6E, 0x89, 0xA4, 0xBF, 0xA5, 0x8B, 0x70, 0x55, 0x3A, 0x1F, 0x04,
    0x68, 0x83, 0x9E, 0xB0, 0xB1, 0xB1, 0xB1, 0xB1, 0xB1, 0xB1, 0xB1, 0xB1, 0xB1, 0xB1, 0xB1, 0xB1, 0xB1, 0xAF, 0xB5, 0x9A, 0x7F, 0x64, 0x48, 0x2D,
    0x69, 0x85, 0xA1, 0xBD, 0xB4, 0xB4, 0xB4, 0xB4, 0xB4, 0xB4, 0xB4, 0xB4, 0xB4, 0xB4, 0xB4, 0xB4, 0xB4, 0xB4, 0xB4, 0xB4, 0xB4, 0x9F, 0x84, 0x68,
    0x2A, 0x38, 0x41, 0x4B, 0x67, 0x83, 0x9F, 0xBB, 0xA9, 0x8D, 0x71, 0x55, 0x55, 0x71, 0x8D, 0xA9, 0xBB, 0x9F, 0x83, 0x67, 0x4B, 0x41, 0x38, 0x2A,
    0x00, 0x00, 0x00, 0x00, 0x00, 0x00, 0x00, 0x00, 0x00, 0x10, 0x26, 0x3C, 0x51, 0x67, 0x7C, 0x92, 0xA7, 0xBD, 0xAE, 0x98, 0x83, 0x6D, 0x56, 0x3D,
    0x68, 0x84, 0x9F, 0xB8, 0xB4, 0xB4, 0xB4, 0xB4, 0xB4, 0xB4, 0xB4, 0xB4, 0xB4, 0xB4, 0xB4, 0xB4, 0xB4, 0xB4, 0xB4, 0xB4, 0xB4, 0x9F, 0x84, 0x68,
    0x2E, 0x44, 0x57, 0x66, 0x6D, 0x6B, 0x63, 0x5B, 0x53, 0x4A, 0x42, 0x4D, 0x69, 0x85, 0xA1, 0xBD, 0xA7, 0x8B, 0x6F, 0x53, 0x37, 0x1B, 0x00, 0x00,
    0x5B, 0x75, 0x8E, 0xA8, 0xBF, 0xA5, 0x8C, 0x72, 0x59, 0x3F, 0x26, 0x28, 0x42, 0x5C, 0x76, 0x91, 0xAB, 0xBB, 0xA0, 0x86, 0x6C, 0x52, 0x38, 0x1D,
    0x47, 0x63, 0x7F, 0x9B, 0xB7, 0xAC, 0x90, 0x74, 0x58, 0x3C, 0x2E, 0x31, 0x4C, 0x67, 0x82, 0x9D, 0xB8, 0xAD, 0x92, 0x77, 0x5C, 0x41, 0x26, 0x0B,
    0x68, 0x84, 0x9E, 0xB3, 0xB3, 0xB3, 0xB3, 0xB3, 0xB3, 0xBD, 0xB3, 0xB3, 0xB3, 0xB3, 0xB3, 0xB3, 0xB3, 0xA9, 0xBC, 0xA1, 0x86, 0x6A, 0x4F, 0x34,
    0x69, 0x85, 0xA1, 0xBD, 0xA7, 0x98, 0x98, 0x98, 0x98, 0x98, 0x98, 0x98, 0x98, 0x98, 0x98, 0x98, 0x98, 0x98, 0x98, 0x98, 0x98, 0x8E, 0x79, 0x60,
    0x3F, 0x50, 0x5C, 0x61, 0x67, 0x83, 0x9F, 0xBB, 0xA9, 0x8D, 0x71, 0x61, 0x61, 0x71, 0x8D, 0xA9, 0xBB, 0x9F, 0x83, 0x67, 0x61, 0x5C, 0x50, 0x3F,
    0x00, 0x00, 0x01, 0x03, 0x01, 0x00, 0x00, 0x00, 0x08, 0x20, 0x38, 0x4D, 0x63, 0x78, 0x8E, 0xA4, 0xB9, 0xB1, 0x9C, 0x86, 0x71, 0x5B, 0x46, 0x2F,
    0x60, 0x7A, 0x93, 0xAC, 0xBA, 0xA1, 0x98, 0x98, 0x98, 0x98, 0x98, 0x98, 0x98, 0x98, 0x98, 0x98, 0x98, 0x98, 0x98, 0x98, 0x98, 0x8E, 0x79, 0x60,
    0x3C, 0x55, 0x6C, 0x7E, 0x89, 0x86, 0x7E, 0x76, 0x6D, 0x65, 0x5D, 0x55, 0x69, 0x85, 0xA1, 0xBD, 0xA7, 0x8B, 0x6F, 0x53, 0x37, 0x1B, 0x00, 0x00,
    0x50, 0x69, 0x83, 0x9C, 0xB5, 0xB1, 0x97, 0x7E, 0x64, 0x4B, 0x32, 0x32, 0x4C, 0x66, 0x80, 0x9A, 0xB5, 0xB1, 0x97, 0x7C, 0x62, 0x48, 0x2E, 0x14,
    0x47, 0x63, 0x7F, 0x9B, 0xB7, 0xAC, 0x90, 0x74, 0x58, 0x3C, 0x20, 0x29, 0x44, 0x5F, 0x7A, 0x95, 0xB0, 0xB4, 0x99, 0x7E, 0x63, 0x48, 0x2D, 0x12,
    0x60, 0x78, 0x8D, 0x97, 0x97, 0x97, 0x97, 0x97, 0xA1, 0xBD, 0xA7, 0x97, 0x97, 0x97, 0x97, 0x97, 0x97, 0xA2, 0xBD, 0xA8, 0x8C, 0x71, 0x56, 0x3B,
    0x69, 0x85, 0xA1, 0xBD, 0xA7, 0x8B, 0x7C, 0x7C, 0x7C, 0x7C, 0x7C, 0x7C, 0x7C, 0x7C, 0x7C, 0x7C, 0x7C, 0x7C, 0x7C, 0x7C, 0x7C, 0x75, 0x66, 0x52,
    0x52, 0x67, 0x76, 0x7D, 0x7D, 0x83, 0x9F, 0xBB, 0xA9, 0x8D, 0x7D, 0x7D, 0x7D, 0x7D, 0x8D, 0xA9, 0xBB, 0x9F, 0x83, 0x7D, 0x7D, 0x76, 0x67, 0x52,
    0x09, 0x15, 0x1C, 0x1F, 0x1D, 0x17, 0x0C, 0x00, 0x12, 0x2D, 0x46, 0x5F, 0x75, 0x8A, 0xA0, 0xB5, 0xB5, 0x9F, 0x8A, 0x74, 0x5F, 0x49, 0x34, 0x1E,
    0x54, 0x6E, 0x87, 0xA0, 0xB9, 0xAD, 0x94, 0x7C, 0x7C, 0x7C, 0x7C, 0x7C, 0x7C, 0x7C, 0x7C, 0x7C, 0x7C, 0x7C, 0x7C, 0x7C, 0x7C, 0x75, 0x66, 0x52,
    0x45, 0x60, 0x7A, 0x93, 0xA4, 0xA1, 0x99, 0x90, 0x88, 0x80, 0x78, 0x70, 0x69, 0x85, 0xA1, 0xBD, 0xA7, 0x8B, 0x6F, 0x53, 0x37, 0x1D, 0x15, 0x09,
    0x44, 0x5D, 0x77, 0x90, 0xAA, 0xBC, 0xA3, 0x8A, 0x70, 0x57, 0x3D, 0x3B, 0x56, 0x70, 0x8A, 0xA4, 0xBE, 0xA7, 0x8D, 0x73, 0x58, 0x3E, 0x24, 0x0A,
    0x47, 0x63, 0x7F, 0x9B, 0xB7, 0xAC, 0x90, 0x74, 0x58, 0x3C, 0x20, 0x22, 0x3D, 0x58, 0x73, 0x8E, 0xA9, 0xBC, 0xA1, 0x86, 0x6B, 0x50, 0x35, 0x1A,
    0x51, 0x65, 0x74, 0x7B, 0x7B, 0x7B, 0x7B, 0x85, 0xA1, 0xBD, 0xA7, 0x8B, 0x7B, 0x7B, 0x7B, 0x7B, 0x80, 0x9B, 0xB6, 0xAE, 0x93, 0x78, 0x5D, 0x42,
    0x69, 0x85, 0xA1, 0xBD, 0xA7, 0x8B, 0x6F, 0x60, 0x60, 0x60, 0x60, 0x60, 0x60, 0x60, 0x60, 0x60, 0x60, 0x60, 0x60, 0x60, 0x60, 0x5B, 0x4F, 0x3F,
    0x61, 0x79, 0x8E, 0x99, 0x99, 0x99, 0x9F, 0xBB, 0xA9, 0x99, 0x99, 0x99, 0x99, 0x99, 0x99, 0xA9, 0xBB, 0x9F, 0x99, 0x99, 0x99, 0x8E, 0x79, 0x61,
    0x21, 0x2F, 0x38, 0x3B, 0x39, 0x31, 0x24, 0x14, 0x19, 0x34, 0x50, 0x6B, 0x85, 0x9C, 0xB2, 0xB8, 0xA3, 0x8D, 0x78, 0x62, 0x4D, 0x37, 0x22, 0x0C,
    0x48, 0x61, 0x7B, 0x94, 0xAD, 0xB9, 0xA0, 0x87, 0x6D, 0x60, 0x60, 0x60, 0x60, 0x60, 0x60, 0x60, 0x60, 0x60, 0x60, 0x60, 0x60, 0x5B, 0x4F, 0x3F,
    0x47, 0x63, 0x7F, 0x9B, 0xB7, 0xBC, 0xB3, 0xAB, 0xA3, 0x9B, 0x93, 0x8A, 0x82, 0x85, 0xA1, 0xBD, 0xA7, 0x8B, 0x6F, 0x53, 0x40, 0x38, 0x2F, 0x21,
    0x38, 0x52, 0x6B, 0x85, 0x9E, 0xB8, 0xAF, 0x95, 0x7C, 0x62, 0x49, 0x45, 0x5F, 0x7A, 0x94, 0xAE, 0xB7, 0x9D, 0x83, 0x69, 0x4F, 0x34, 0x1A, 0x00,
    0x47, 0x63, 0x7F, 0x9B, 0xB7, 0xAC, 0x90, 0x74, 0x58, 0x3C, 0x20, 0x1A, 0x35, 0x50, 0x6B, 0x86, 0xA1, 0xBC, 0xA8, 0x8D, 0x72, 0x57, 0x3C, 0x21,
    0x3E, 0x4F, 0x5A, 0x5F, 0x5F, 0x5F, 0x69, 0x85, 0xA1, 0xBD, 0xA7, 0x8B, 0x6F, 0x5F, 0x5F, 0x5F, 0x79, 0x94, 0xAF, 0xB5, 0x9A, 0x7F, 0x64, 0x48,
    0x69, 0x85, 0xA1, 0xBD, 0xA7, 0x8B, 0x6F, 0x53, 0x44, 0x44, 0x44, 0x44, 0x44, 0x44, 0x44, 0x44, 0x44, 0x44, 0x44, 0x44, 0x44, 0x40, 0x37, 0x29,
    0x68, 0x84, 0x9F, 0xB5, 0xB5, 0xB5, 0xB5, 0xBB, 0xB5, 0xB5, 0xB5, 0xB5, 0xB5, 0xB5, 0xB5, 0xB5, 0xBB, 0xB5, 0xB5, 0xB5, 0xB5, 0x9F, 0x84, 0x68,
    0x38, 0x48, 0x53, 0x57, 0x54, 0x4A, 0x3B, 0x29, 0x1B, 0x37, 0x53, 0x6F, 0x8B, 0xA6, 0xBC, 0xA6, 0x91, 0x7B, 0x66, 0x50, 0x3B, 0x25, 0x10, 0x00,
    0x3C, 0x55, 0x6F, 0x88, 0xA1, 0xBA, 0xAC, 0x93, 0x79, 0x60, 0x47, 0x44, 0x44, 0x44, 0x44, 0x44, 0x44, 0x44, 0x44, 0x44, 0x44, 0x40, 0x37, 0x29,
    0x47, 0x63, 0x7F, 0x9B, 0xB7, 0xAC, 0xB1, 0xBA, 0xBE, 0xB6, 0xAD, 0xA5, 0x9D, 0x95, 0xA1, 0xBD, 0xA7, 0x8B, 0x6F, 0x63, 0x5B, 0x53, 0x48, 0x38,
    0x2D, 0x46, 0x60, 0x79, 0x92, 0xAC, 0xBA, 0xA1, 0x87, 0x6E, 0x54, 0x4F, 0x69, 0x83, 0x9E, 0xB8, 0xAE, 0x93, 0x79, 0x5F, 0x45, 0x2A, 0x10, 0x00,
    0x47, 0x63, 0x7F, 0x9B, 0xB7, 0xAC, 0x90, 0x74, 0x58, 0x3C, 0x20, 0x13, 0x2E, 0x49, 0x64, 0x7F, 0x9A, 0xB5, 0xB0, 0x95, 0x7A, 0x5F, 0x44, 0x29,
    0x28, 0x36, 0x3F, 0x43, 0x43, 0x4D, 0x69, 0x85, 0xA1, 0xBD, 0xA7, 0x8B, 0x6F, 0x53, 0x43, 0x57, 0x72, 0x8D, 0xA9, 0xBC, 0xA1, 0x86, 0x6A, 0x4F,
    0x69, 0x85, 0xA1, 0xBD, 0xA7, 0x8B, 0x6F, 0x53, 0x37, 0x28, 0x28, 0x28, 0x28, 0x28, 0x28, 0x28, 0x28, 0x28, 0x28, 0x28, 0x28, 0x25, 0x1D, 0x11,
    0x67, 0x83, 0x9C, 0xAE, 0xAE, 0xAE, 0xAE, 0xBB, 0xAE, 0xAE, 0xAE, 0xAE, 0xAE, 0xAE, 0xAE, 0xAE, 0xBB, 0xAE, 0xAE, 0xAE, 0xAE, 0x9C, 0x83, 0x67,
    0x4C, 0x5F, 0x6D, 0x73, 0x6F, 0x62, 0x50, 0x3A, 0x24, 0x33, 0x4E, 0x69, 0x82, 0x98, 0xA1, 0x94, 0x7F, 0x69, 0x54, 0x3E, 0x2B, 0x22, 0x15, 0x04,
    0x30, 0x49, 0x63, 0x7C, 0x95, 0xAE, 0xB8, 0x9F, 0x85, 0x6C, 0x53, 0x3A, 0x28, 0x28, 0x28, 0x28, 0x28, 0x28, 0x28, 0x28, 0x28, 0x25, 0x1D, 0x11,
    0x47, 0x63, 0x7F, 0x9B, 0xB7, 0xAC, 0x97, 0x9F, 0xA7, 0xAF, 0xB8, 0xC0, 0xB8, 0xAF, 0xA7, 0xBD, 0xA7, 0x8E, 0x86, 0x7E, 0x76, 0x6D, 0x5F, 0x4C,
    0x21, 0x3A, 0x54, 0x6D, 0x87, 0xA0, 0xBA, 0xAC, 0x93, 0x7A, 0x60, 0x59, 0x73, 0x8D, 0xA8, 0xBE, 0xA4, 0x8A, 0x6F, 0x55, 0x3B, 0x21, 0x06, 0x00,
    0x47, 0x63, 0x7F, 0x9B, 0xB7, 0xAC, 0x90, 0x74, 0x58, 0x3C, 0x20, 0x0C, 0x27, 0x42, 0x5D, 0x78, 0x93, 0xAE, 0xB7, 0x9C, 0x81, 0x66, 0x4B, 0x30,
    0x10, 0x1C, 0x24, 0x27, 0x31, 0x4D, 0x69, 0x85, 0xA1, 0xBD, 0xA7, 0x8B, 0x6F, 0x53, 0x37, 0x50, 0x6B, 0x87, 0xA2, 0xBD, 0xA8, 0x8C, 0x71, 0x56,
    0x69, 0x85, 0xA1, 0xBD, 0xA7, 0x8B, 0x6F, 0x53, 0x37, 0x1B, 0x0C, 0x0C, 0x0C, 0x0C, 0x0C, 0x0C, 0x0C, 0x0C, 0x0C, 0x0C, 0x0C, 0x09, 0x03, 0x00,
    0x5E, 0x76, 0x89, 0x92, 0x92, 0x92, 0x9F, 0xBB, 0xA9, 0x92, 0x92, 0x92, 0x92, 0x92, 0x92, 0xA9, 0xBB, 0x9F, 0x92, 0x92, 0x92, 0x89, 0x76, 0x5E,
    0x5C, 0x73, 0x86, 0x8F, 0x89, 0x78, 0x62, 0x4B, 0x35, 0x2B, 0x44, 0x5C, 0x71, 0x80, 0x85, 0x7D, 0x6D, 0x58, 0x4A, 0x4C, 0x46, 0x3B, 0x2C, 0x19,
    0x24, 0x3D, 0x57, 0x70, 0x89, 0xA2, 0xBC, 0xAB, 0x92, 0x78, 0x5F, 0x46, 0x2D, 0x13, 0x0C, 0x0C, 0x0C, 0x0C, 0x0C, 0x0C, 0x0C, 0x09, 0x03, 0x00,
    0x47, 0x63, 0x7F, 0x9B, 0xB7, 0xAC, 0x90, 0x84, 0x8C, 0x95, 0x9D, 0xA5, 0xAD, 0xB6, 0xBE, 0xBD, 0xB1, 0xA9, 0xA1, 0x99, 0x90, 0x86, 0x73, 0x5C,
    0x15, 0x2F, 0x48, 0x62, 0x7B, 0x95, 0xAE, 0xB8, 0x9F, 0x85, 0x6C, 0x63, 0x7D, 0x97, 0xB1, 0xB4, 0x9A, 0x80, 0x65, 0x4B, 0x31, 0x17, 0x00, 0x00,
    0x47, 0x63, 0x7F, 0x9B, 0xB7, 0xAC, 0x90, 0x74, 0x58, 0x3C, 0x20, 0x04, 0x1F, 0x3A, 0x55, 0x70, 0x8B, 0xA6, 0xBF, 0xA4, 0x89, 0x6E, 0x53, 0x38,
    0x00, 0x02, 0x08, 0x15, 0x31, 0x4D, 0x69, 0x85, 0xA1, 0xBD, 0xA7, 0x8B, 0x6F, 0x53, 0x37, 0x4A, 0x65, 0x80, 0x9B, 0xB6, 0xAE, 0x93, 0x78, 0x5D,
    0x69, 0x85, 0xA1, 0xBD, 0xA7, 0x8B, 0x6F, 0x53, 0x37, 0x1B, 0x00, 0x00, 0x00, 0x00, 0x00, 0x00, 0x00, 0x00, 0x00, 0x00, 0x00, 0x00, 0x00, 0x00,
    0x4E, 0x62, 0x70, 0x76, 0x76, 0x83, 0x9F, 0xBB, 0xA9, 0x8D, 0x76, 0x76, 0x76, 0x76, 0x8D, 0xA9, 0xBB, 0x9F, 0x83, 0x76, 0x76, 0x70, 0x62, 0x4E,
    0x67, 0x81, 0x9B, 0xAB, 0x9F, 0x89, 0x72, 0x5C, 0x45, 0x2F, 0x34, 0x49, 0x5A, 0x65, 0x69, 0x64, 0x57, 0x5C, 0x66, 0x68, 0x61, 0x53, 0x40, 0x2B,
    0x18, 0x31, 0x4A, 0x64, 0x7D, 0x96, 0xB0, 0xB7, 0x9E, 0x84, 0x6B, 0x52, 0x39, 0x1F, 0x06, 0x00, 0x00, 0x00, 0x00, 0x00, 0x00, 0x00, 0x00, 0x00,
    0x47, 0x63, 0x7F, 0x9B, 0xB7, 0xAC, 0x90, 0x74, 0x72, 0x7A, 0x82, 0x8A, 0x93, 0x9B, 0xA3, 0xBD, 0xB4, 0xBC, 0xBC, 0xB3, 0xAB, 0x9B, 0x81, 0x67,
    0x0A, 0x23, 0x3D, 0x56, 0x6F, 0x89, 0xA2, 0xBC, 0xAA, 0x91, 0x77, 0x6C, 0x87, 0xA1, 0xBB, 0xAA, 0x90, 0x76, 0x5C, 0x41, 0x27, 0x0D, 0x00, 0x00,
    0x47, 0x63, 0x7F, 0x9B, 0xB7, 0xAC, 0x90, 0x74, 0x58, 0x3C, 0x20, 0x18, 0x29, 0x35, 0x4E, 0x69, 0x84, 0x9F, 0xBA, 0xAB, 0x90, 0x75, 0x5A, 0x3F,
    0x00, 0x00, 0x00, 0x15, 0x31, 0x4D, 0x69, 0x85, 0xA1, 0xBD, 0xA7, 0x8B, 0x6F, 0x53, 0x37, 0x43, 0x5E, 0x79, 0x94, 0xAF, 0xB5, 0x9A, 0x7F, 0x64,
    0x69, 0x85, 0xA1, 0xBD, 0xA7, 0x8B, 0x6F, 0x53, 0x37, 0x1B, 0x00, 0x00, 0x00, 0x00, 0x00, 0x00, 0x00, 0x00, 0x00, 0x00, 0x00, 0x00, 0x00, 0x00,
    0x3A, 0x4B, 0x56, 0x5A, 0x67, 0x83, 0x9F, 0xBB, 0xA9, 0x8D, 0x71, 0x5A, 0x5A, 0x71, 0x8D, 0xA9, 0xBB, 0x9F, 0x83, 0x67, 0x5A, 0x56, 0x4B, 0x3A,
    0x69, 0x85, 0xA0, 0xB9, 0xB0, 0x9A, 0x83, 0x6D, 0x56, 0x40, 0x29, 0x33, 0x41, 0x4A, 0x4D, 0x4A, 0x5F, 0x73, 0x81, 0x83, 0x7A, 0x68, 0x52, 0x39,
    0x0C, 0x25, 0x3E, 0x58, 0x71, 0x8A, 0xA3, 0xBD, 0xAA, 0x90, 0x77, 0x5E, 0x45, 0x2B, 0x12, 0x00, 0x00, 0x00, 0x00, 0x00, 0x00, 0x00, 0x00, 0x00,
    0x47, 0x63, 0x7F, 0x9B, 0xB7, 0xAC, 0x90, 0x74, 0x58, 0x5F, 0x67, 0x70, 0x78, 0x85, 0xA1, 0xBD, 0xA7, 0xA1, 0xA9, 0xB1, 0xB8, 0xA0, 0x85, 0x69,
    0x00, 0x17, 0x31, 0x4A, 0x64, 0x7D, 0x97, 0xB0, 0xB6, 0x9D, 0x83, 0x6E, 0x8A, 0xA6, 0xB8, 0xA0, 0x86, 0x6C, 0x52, 0x38, 0x1D, 0x03, 0x00, 0x00,
    0x47, 0x63, 0x7F, 0x9B, 0xB7, 0xAC, 0x90, 0x74, 0x58, 0x3C, 0x20, 0x2C, 0x40, 0x4F, 0x59, 0x61, 0x7C, 0x97, 0xB2, 0xB3, 0x98, 0x7D, 0x61, 0x46,
    0x00, 0x00, 0x00, 0x15, 0x31, 0x4D, 0x69, 0x85, 0xA1, 0xBD, 0xA7, 0x8B, 0x6F, 0x53, 0x37, 0x3C, 0x57, 0x72, 0x8D, 0xA9, 0xBC, 0xA1, 0x85, 0x69,
    0x69, 0x85, 0xA1, 0xBD, 0xA7, 0x8B, 0x6F, 0x53, 0x37, 0x1B, 0x00, 0x00, 0x00, 0x00, 0x00, 0x00, 0x00, 0x00, 0x00, 0x00, 0x00, 0x00, 0x00, 0x00,
    0x24, 0x32, 0x3B, 0x4B, 0x67, 0x83, 0x9F, 0xBB, 0xA9, 0x8D, 0x71, 0x55, 0x55, 0x71, 0x8D, 0xA9, 0xBB, 0x9F, 0x83, 0x67, 0x4B, 0x3B, 0x32, 0x24,
    0x62, 0x7B, 0x92, 0xA9, 0xBF, 0xAA, 0x94, 0x7D, 0x67, 0x50, 0x3A, 0x23, 0x27, 0x31, 0x46, 0x5C, 0x71, 0x87, 0x9A, 0x9F, 0x8F, 0x78, 0x5E, 0x43,
    0x00, 0x19, 0x32, 0x4C, 0x65, 0x7E, 0x97, 0xB1, 0xB6, 0x9D, 0x83, 0x6A, 0x51, 0x37, 0x1E, 0x05, 0x00, 0x00, 0x00, 0x00, 0x00, 0x00, 0x00, 0x00,
    0x47, 0x63, 0x7F, 0x9B, 0xB7, 0xAC, 0x90, 0x74, 0x58, 0x44, 0x4D, 0x55, 0x69, 0x85, 0xA1, 0xBD, 0xA7, 0x8B, 0x8E, 0x97, 0x9C, 0x91, 0x7B, 0x62,
    0x00, 0x0C, 0x25, 0x3F, 0x58, 0x72, 0x8B, 0xA5, 0xBE, 0xA8, 0x8F, 0x75, 0x80, 0x94, 0x9C, 0x91, 0x7B, 0x62, 0x48, 0x2E, 0x14, 0x00, 0x00, 0x00,
    0x47, 0x63, 0x7F, 0x9B, 0xB7, 0xAC, 0x90, 0x74, 0x58, 0x3C, 0x29, 0x3E, 0x54, 0x67, 0x74, 0x77, 0x75, 0x90, 0xAB, 0xB4, 0x9A, 0x7F, 0x63, 0x47,
    0x00, 0x00, 0x00, 0x15, 0x31, 0x4D, 0x69, 0x85, 0xA1, 0xBD, 0xA7, 0x8B, 0x6F, 0x53, 0x37, 0x35, 0x50, 0x6B, 0x86, 0x9E, 0xA9, 0x99, 0x81, 0x66,
    0x69, 0x85, 0xA1, 0xBD, 0xA7, 0x8B, 0x6F, 0x53, 0x37, 0x1B, 0x00, 0x00, 0x00, 0x00, 0x00, 0x00, 0x00, 0x00, 0x00, 0x00, 0x00, 0x00, 0x00, 0x00,
    0x0C, 0x18, 0x2F, 0x4B, 0x67, 0x83, 0x9F, 0xBB, 0xA9, 0x8D, 0x71, 0x55, 0x55, 0x71, 0x8D, 0xA9, 0xBB, 0x9F, 0x83, 0x67, 0x4B, 0x2F, 0x18, 0x0C,
    0x54, 0x6B, 0x81, 0x98, 0xAE, 0xBB, 0xA5, 0x8E, 0x78, 0x61, 0x4B, 0x34, 0x2D, 0x43, 0x58, 0x6E, 0x83, 0x99, 0xAE, 0xB7, 0x9B, 0x7F, 0x63, 0x47,
    0x00, 0x0D, 0x26, 0x40, 0x59, 0x72, 0x8B, 0xA5, 0xBE, 0xA9, 0x8F, 0x76, 0x5D, 0x44, 0x2A, 0x11, 0x00, 0x00, 0x00, 0x00, 0x00, 0x00, 0x00, 0x00,
    0x47, 0x63, 0x7F, 0x9B, 0xB7, 0xAC, 0x90, 0x74, 0x60, 0x50, 0x40, 0x4D, 0x69, 0x85, 0xA1, 0xBD, 0xA7, 0x8B, 0x74, 0x7C, 0x80, 0x79, 0x69, 0x54,
    0x00, 0x00, 0x1A, 0x33, 0x4D, 0x66, 0x7F, 0x99, 0xB2, 0xB4, 0x9A, 0x81, 0x6D, 0x7C, 0x80, 0x79, 0x69, 0x54, 0x3D, 0x24, 0x0A, 0x00, 0x00, 0x00,
    0x47, 0x63, 0x7F, 0x9B, 0xB7, 0xAC, 0x90, 0x74, 0x58, 0x3C, 0x3B, 0x50, 0x66, 0x7C, 0x8D, 0x93, 0x89, 0x84, 0x96, 0x9A, 0x8C, 0x76, 0x5D, 0x42,
    0x00, 0x00, 0x00, 0x15, 0x31, 0x4D, 0x69, 0x85, 0xA1, 0xBD, 0xA7, 0x8B, 0x6F, 0x53, 0x37, 0x2D, 0x47, 0x60, 0x76, 0x87, 0x8D, 0x84, 0x72, 0x5B,
    0x69, 0x85, 0xA1, 0xBD, 0xA7, 0x8B, 0x6F, 0x53, 0x37, 0x1B, 0x00, 0x00, 0x00, 0x00, 0x00, 0x00, 0x00, 0x00, 0x00, 0x00, 0x00, 0x00, 0x00, 0x00,
    0x00, 0x13, 0x2F, 0x4B, 0x67, 0x83, 0x9F, 0xBB, 0xA9, 0x8D, 0x71, 0x55, 0x55, 0x71, 0x8D, 0xA9, 0xBB, 0x9F, 0x83, 0x67, 0x4B, 0x2F, 0x13, 0x00,
    0x44, 0x5A, 0x71, 0x87, 0x9E, 0xB4, 0xB5, 0x9F, 0x88, 0x72, 0x5B, 0x45, 0x3F, 0x55, 0x6A, 0x80, 0x95, 0xAB, 0xBF, 0xAA, 0x94, 0x7B, 0x60, 0x45,
    0x00, 0x01, 0x1A, 0x33, 0x4D, 0x66, 0x7F, 0x98, 0xB2, 0xB5, 0x9B, 0x82, 0x69, 0x50, 0x36, 0x1D, 0x06, 0x00, 0x00, 0x00, 0x00, 0x00, 0x00, 0x00,
    0x47, 0x63, 0x7F, 0x9B, 0xB7, 0xAC, 0x97, 0x87, 0x77, 0x67, 0x57, 0x4D, 0x69, 0x85, 0xA1, 0xBD, 0xA7, 0x8B, 0x6F, 0x61, 0x65, 0x60, 0x53, 0x42,
    0x00, 0x00, 0x0E, 0x27, 0x41, 0x5A, 0x74, 0x8D, 0xA7, 0xBF, 0xA6, 0x8D, 0x73, 0x61, 0x65, 0x60, 0x53, 0x42, 0x2D, 0x16, 0x00, 0x00, 0x00, 0x00,
    0x47, 0x63, 0x7F, 0x9B, 0xB7, 0xAC, 0x90, 0x77, 0x60, 0x48, 0x4C, 0x62, 0x78, 0x8D, 0xA3, 0xAF, 0x9C, 0x82, 0x7D, 0x7F, 0x76, 0x65, 0x4F, 0x37,
    0x00, 0x00, 0x00, 0x15, 0x31, 0x4D, 0x69, 0x85, 0xA1, 0xBD, 0xA7, 0x8B, 0x6F, 0x53, 0x37, 0x22, 0x39, 0x4F, 0x61, 0x6D, 0x71, 0x6B, 0x5D, 0x4A,
    0x69, 0x85, 0xA1, 0xBD, 0xA7, 0x8B, 0x6F, 0x53, 0x37, 0x1B, 0x00, 0x00, 0x00, 0x00, 0x00, 0x00, 0x00, 0x00, 0x00, 0x00, 0x00, 0x00, 0x00, 0x00,
    0x00, 0x13, 0x2F, 0x4B, 0x67, 0x83, 0x9F, 0xBB, 0xA9, 0x8D, 0x71, 0x55, 0x55, 0x71, 0x8D, 0xA9, 0xBB, 0x9F, 0x83, 0x67, 0x4B, 0x2F, 0x13, 0x00,
    0x33, 0x49, 0x60, 0x76, 0x8D, 0xA3, 0xBA, 0xAF, 0x99, 0x83, 0x6C, 0x56, 0x51, 0x67, 0x7C, 0x92, 0xA7, 0xBD, 0xAE, 0x98, 0x83, 0x6D, 0x56, 0x3D,
    0x00, 0x00, 0x0E, 0x27, 0x41, 0x5A, 0x73, 0x8C, 0xA6, 0xBF, 0xA7, 0x8E, 0x75, 0x5C, 0x42, 0x2D, 0x19, 0x03, 0x00, 0x00, 0x00, 0x00, 0x00, 0x00,
    0x47, 0x63, 0x7E, 0x9A, 0xB1, 0xBE, 0xAE, 0x9E, 0x8E, 0x7E, 0x6E, 0x5E, 0x69, 0x85, 0xA1, 0xBD, 0xA7, 0x8B, 0x6F, 0x53, 0x49, 0x45, 0x3B, 0x2C,
    0x00, 0x00, 0x02, 0x1C, 0x35, 0x4F, 0x68, 0x82, 0x9B, 0xB5, 0xB2, 0x98, 0x7F, 0x65, 0x4C, 0x45, 0x3B, 0x2C, 0x1A, 0x06, 0x00, 0x00, 0x00, 0x00,
    0x47, 0x63, 0x7E, 0x9A, 0xB2, 0xB6, 0x9E, 0x86, 0x6F, 0x57, 0x5E, 0x74, 0x89, 0x9F, 0xB5, 0xB5, 0x9E, 0x83, 0x67, 0x63, 0x5D, 0x4F, 0x3D, 0x28,
    0x00, 0x00, 0x00, 0x15, 0x31, 0x4D, 0x69, 0x85, 0xA1, 0xBD, 0xA7, 0x8B, 0x6F, 0x53, 0x3A, 0x21, 0x27, 0x3A, 0x48, 0x52, 0x55, 0x51, 0x46, 0x36,
    0x69, 0x85, 0xA1, 0xBD, 0xA7, 0x8B, 0x6F, 0x53, 0x37, 0x1B, 0x00, 0x00, 0x00, 0x00, 0x00, 0x00, 0x00, 0x00, 0x00, 0x00, 0x00, 0x00, 0x00, 0x00,
    0x00, 0x13, 0x2F, 0x4B, 0x67, 0x83, 0x9F, 0xBB, 0xA9, 0x8D, 0x71, 0x55, 0x55, 0x71, 0x8D, 0xA9, 0xBB, 0x9F, 0x83, 0x67, 0x4B, 0x2F, 0x13, 0x00,
    0x22, 0x39, 0x4F, 0x66, 0x7C, 0x93, 0xA9, 0xBF, 0xAA, 0x93, 0x7D, 0x66, 0x63, 0x78, 0x8E, 0xA4, 0xB9, 0xB1, 0x9C, 0x86, 0x71, 0x5B, 0x46, 0x2F,
    0x00, 0x00, 0x02, 0x1B, 0x35, 0x4E, 0x67, 0x80, 0x9A, 0xB3, 0xB4, 0x9A, 0x81, 0x68, 0x55, 0x41, 0x2A, 0x12, 0x00, 0x00, 0x00, 0x00, 0x00, 0x00,
    0x41, 0x5B, 0x74, 0x8A, 0x9A, 0xAB, 0xBB, 0xB5, 0xA5, 0x95, 0x85, 0x74, 0x69, 0x85, 0xA1, 0xBD, 0xA7, 0x8B, 0x6F, 0x53, 0x37, 0x29, 0x21, 0x15,
    0x00, 0x00, 0x00, 0x10, 0x2A, 0x43, 0x5C, 0x76, 0x8F, 0xA9, 0xBD, 0xA4, 0x8A, 0x71, 0x58, 0x3E, 0x25, 0x15, 0x05, 0x00, 0x00, 0x00, 0x00, 0x00,
    0x41, 0x5B, 0x74, 0x8C, 0xA3, 0xBB, 0xAD, 0x96, 0x7E, 0x66, 0x70, 0x86, 0x9B, 0xB1, 0xB9, 0xA4, 0x8E, 0x78, 0x5F, 0x47, 0x42, 0x37, 0x28, 0x16,
    0x00, 0x00, 0x00, 0x15, 0x31, 0x4D, 0x69, 0x85, 0xA1, 0xBD, 0xAA, 0x91, 0x78, 0x5F, 0x47, 0x2E, 0x15, 0x22, 0x2F, 0x37, 0x39, 0x35, 0x2D, 0x1F,
    0x69, 0x85, 0xA1, 0xBD, 0xA7, 0x8B, 0x6F, 0x53, 0x37, 0x1B, 0x00, 0x00, 0x00, 0x00, 0x00, 0x00, 0x00, 0x00, 0x00, 0x00, 0x00, 0x00, 0x00, 0x00,
    0x00, 0x13, 0x2F, 0x4B, 0x67, 0x83, 0x9F, 0xBB, 0xA9, 0x8D, 0x71, 0x55, 0x55, 0x71, 0x8D, 0xA9, 0xBB, 0x9F, 0x83, 0x67, 0x4B, 0x2F, 0x13, 0x00,
    0x12, 0x28, 0x3E, 0x55, 0x6B, 0x82, 0x98, 0xAF, 0xBA, 0xA4, 0x8E, 0x77, 0x75, 0x8A, 0xA0, 0xB5, 0xB5, 0x9F, 0x8A, 0x74, 0x5F, 0x49, 0x34, 0x1E,
    0x00, 0x00, 0x00, 0x0F, 0x28, 0x42, 0x5B, 0x74, 0x8E, 0xA7, 0xC0, 0xA6, 0x8D, 0x7C, 0x68, 0x50, 0x37, 0x1D, 0x02, 0x00, 0x00, 0x00, 0x00, 0x00,
    0x36, 0x4D, 0x62, 0x73, 0x84, 0x94, 0xA4, 0xB4, 0xBC, 0xAC, 0x9B, 0x84, 0x6A, 0x85, 0xA1, 0xBD, 0xA7, 0x8B, 0x6F, 0x53, 0x37, 0x1B, 0x07, 0x00,
    0x00, 0x00, 0x00, 0x04, 0x1E, 0x37, 0x51, 0x6A, 0x84, 0x9D, 0xB7, 0xB0, 0x96, 0x7D, 0x63, 0x4A, 0x30, 0x17, 0x00, 0x00, 0x00, 0x00, 0x00, 0x00,
    0x36, 0x4D, 0x65, 0x7D, 0x94, 0xAC, 0xBC, 0xA5, 0x8D, 0x75, 0x82, 0x97, 0xAD, 0xBD, 0xA7, 0x92, 0x7C, 0x67, 0x51, 0x3A, 0x27, 0x1E, 0x11, 0x01,
    0x00, 0x00, 0x00, 0x13, 0x2E, 0x4A, 0x64, 0x7E, 0x97, 0xB0, 0xB7, 0x9E, 0x85, 0x6D, 0x54, 0x3B, 0x22, 0x0A, 0x14, 0x1B, 0x1D, 0x1A, 0x13, 0x07,
    0x69, 0x85, 0xA1, 0xBD, 0xA7, 0x8B, 0x6F, 0x53, 0x37, 0x1B, 0x00, 0x00, 0x00, 0x00, 0x00, 0x00, 0x00, 0x00, 0x00, 0x00, 0x00, 0x00, 0x00, 0x00,
    0x00, 0x13, 0x2F, 0x4B, 0x67, 0x83, 0x9F, 0xBB, 0xA9, 0x8D, 0x71, 0x5A, 0x55, 0x71, 0x8D, 0xA9, 0xBB, 0x9F, 0x83, 0x67, 0x4B, 0x2F, 0x13, 0x00,
    0x01, 0x17, 0x2E, 0x44, 0x5B, 0x71, 0x88, 0x9E, 0xB4, 0xB5, 0x9E, 0x88, 0x85, 0x9C, 0xB2, 0xB8, 0xA3, 0x8D, 0x78, 0x62, 0x4D, 0x37, 0x22, 0x0C,
    0x00, 0x00, 0x00, 0x03, 0x1C, 0x36, 0x4F, 0x68, 0x81, 0x9B, 0xB4, 0xB2, 0xA3, 0x8F, 0x75, 0x5B, 0x3F, 0x24, 0x08, 0x00, 0x00, 0x00, 0x00, 0x00,
    0x26, 0x3B, 0x4C, 0x5D, 0x6D, 0x7D, 0x8D, 0x9D, 0xAD, 0xBD, 0xA7, 0x8B, 0x6F, 0x85, 0xA1, 0xBD, 0xA7, 0x8B, 0x6F, 0x53, 0x37, 0x1B, 0x00, 0x00,
    0x00, 0x00, 0x00, 0x00, 0x12, 0x2C, 0x45, 0x5F, 0x78, 0x92, 0xAB, 0xBB, 0xA2, 0x88, 0x6F, 0x55, 0x3C, 0x22, 0x09, 0x00, 0x00, 0x00, 0x00, 0x00,
    0x27, 0x3E, 0x56, 0x6E, 0x85, 0x9D, 0xB4, 0xB4, 0x9C, 0x85, 0x94, 0xA9, 0xBF, 0xAB, 0x96, 0x80, 0x6A, 0x55, 0x3F, 0x29, 0x13, 0x04, 0x00, 0x00,
    0x00, 0x00, 0x00, 0x0C, 0x26, 0x40, 0x59, 0x71, 0x8A, 0xA3, 0xBC, 0xAB, 0x92, 0x7A, 0x61, 0x48, 0x2F, 0x16, 0x00, 0x00, 0x01, 0x00, 0x00, 0x00,
    0x69, 0x85, 0xA1, 0xBD, 0xA7, 0x8B, 0x6F, 0x53, 0x37, 0x1B, 0x00, 0x00, 0x00, 0x00, 0x00, 0x00, 0x00, 0x00, 0x00, 0x00, 0x00, 0x00, 0x00, 0x00,
    0x00, 0x13, 0x2F, 0x4B, 0x67, 0x83, 0x9F, 0xBA, 0xAF, 0x98, 0x81, 0x6A, 0x55, 0x71, 0x8D, 0xA9, 0xBA, 0x9F, 0x83, 0x67, 0x4B, 0x2F, 0x13, 0x00,
    0x00, 0x07, 0x1D, 0x33, 0x4A, 0x60, 0x77, 0x8D, 0xA4, 0xBA, 0xAF, 0x99, 0x8B, 0xA6, 0xBC, 0xA6, 0x91, 0x7B, 0x66, 0x50, 0x3B, 0x25, 0x10, 0x00,
    0x00, 0x00, 0x00, 0x00, 0x10, 0x2A, 0x43, 0x5C, 0x75, 0x8F, 0xA8, 0xBF, 0xB2, 0x96, 0x7A, 0x5E, 0x42, 0x27, 0x0E, 0x00, 0x00, 0x00, 0x00, 0x00,
    0x13, 0x25, 0x36, 0x46, 0x56, 0x66, 0x76, 0x86, 0x96, 0xA2, 0x99, 0x83, 0x69, 0x85, 0xA1, 0xBD, 0xA7, 0x8B, 0x6F, 0x53, 0x37, 0x1B, 0x00, 0x00,
    0x00, 0x00, 0x00, 0x00, 0x07, 0x20, 0x3A, 0x53, 0x6C, 0x86, 0x9F, 0xB9, 0xAD, 0x94, 0x7A, 0x61, 0x48, 0x2E, 0x15, 0x00, 0x00, 0x00, 0x00, 0x00,
    0x18, 0x2F, 0x47, 0x5E, 0x76, 0x8E, 0xA5, 0xBD, 0xAB, 0x94, 0xA5, 0xBB, 0xAF, 0x99, 0x84, 0x6E, 0x59, 0x43, 0x2D, 0x18, 0x02, 0x00, 0x00, 0x00,
    0x00, 0x00, 0x00, 0x01, 0x1A, 0x33, 0x4C, 0x64, 0x7D, 0x96, 0xAF, 0xB8, 0x9F, 0x87, 0x6E, 0x55, 0x3C, 0x23, 0x0B, 0x00, 0x00, 0x00, 0x00, 0x00,
    0x69, 0x85, 0xA1, 0xBD, 0xA7, 0x8B, 0x6F, 0x53, 0x37, 0x1B, 0x00, 0x00, 0x00, 0x00, 0x00, 0x00, 0x00, 0x00, 0x00, 0x00, 0x00, 0x00, 0x00, 0x00,
    0x00, 0x10, 0x2C, 0x47, 0x62, 0x7B, 0x93, 0xAA, 0xBF, 0xA8, 0x91, 0x7A, 0x63, 0x6B, 0x84, 0x99, 0xA1, 0x93, 0x7B, 0x62, 0x47, 0x2C, 0x10, 0x00,
    0x00, 0x00, 0x0C, 0x23, 0x39, 0x50, 0x66, 0x7D, 0x93, 0xA9, 0xC0, 0xA9, 0x93, 0x98, 0xA1, 0x94, 0x7F, 0x69, 0x54, 0x3E, 0x29, 0x13, 0x00, 0x00,
    0x00, 0x00, 0x00, 0x00, 0x13, 0x2C, 0x45, 0x5E, 0x77, 0x90, 0xA9, 0xBE, 0xB1, 0x98, 0x7F, 0x66, 0x4C, 0x33, 0x1A, 0x00, 0x00, 0x00, 0x00, 0x00,
    0x00, 0x0F, 0x1F, 0x2F, 0x3F, 0x4F, 0x5F, 0x6F, 0x7E, 0x86, 0x81, 0x71, 0x69, 0x85, 0xA1, 0xBD, 0xA7, 0x8B, 0x6F, 0x53, 0x37, 0x1B, 0x00, 0x00,
    0x00, 0x00, 0x00, 0x00, 0x00, 0x14, 0x2E, 0x47, 0x61, 0x7A, 0x94, 0xAD, 0xB9, 0xA0, 0x86, 0x6D, 0x53, 0x3A, 0x20, 0x07, 0x00, 0x00, 0x00, 0x00,
    0x09, 0x20, 0x38, 0x4F, 0x67, 0x7F, 0x96, 0xAE, 0xBA, 0xA3, 0xB7, 0xB3, 0x9D, 0x88, 0x72, 0x5C, 0x47, 0x31, 0x1B, 0x06, 0x00, 0x00, 0x00, 0x00,
    0x00, 0x00, 0x00, 0x00, 0x0D, 0x26, 0x3F, 0x57, 0x70, 0x89, 0xA2, 0xBA, 0xAC, 0x94, 0x7B, 0x62, 0x49, 0x31, 0x18, 0x00, 0x00, 0x00, 0x00, 0x00,
    0x69, 0x85, 0xA1, 0xBD, 0xA7, 0x8B, 0x6F, 0x53, 0x37, 0x1B, 0x00, 0x00, 0x00, 0x00, 0x00, 0x00, 0x00, 0x00, 0x00, 0x00, 0x00, 0x00, 0x00, 0x00,
    0x00, 0x09, 0x23, 0x3D, 0x55, 0x6C, 0x83, 0x9A, 0xB1, 0xB8, 0xA1, 0x8A, 0x73, 0x5D, 0x72, 0x81, 0x85, 0x7C, 0x6B, 0x55, 0x3D, 0x23, 0x09, 0x00,
    0x00, 0x00, 0x00, 0x12, 0x28, 0x3F, 0x55, 0x6C, 0x82, 0x99, 0xAF, 0xBA, 0xA4, 0x8D, 0x85, 0x7D, 0x6D, 0x58, 0x42, 0x2C, 0x17, 0x01, 0x00, 0x00,
    0x00, 0x00, 0x00, 0x07, 0x20, 0x39, 0x52, 0x6B, 0x84, 0x9D, 0xB5, 0xB1, 0xBD, 0xA4, 0x8B, 0x72, 0x58, 0x3F, 0x26, 0x0D, 0x00, 0x00, 0x00, 0x00,
    0x00, 0x00, 0x08, 0x18, 0x28, 0x38, 0x48, 0x58, 0x65, 0x6A, 0x67, 0x5B, 0x69, 0x85, 0xA1, 0xBD, 0xA7, 0x8B, 0x6F, 0x53, 0x37, 0x1B, 0x00, 0x00,
    0x00, 0x00, 0x00, 0x00, 0x00, 0x09, 0x22, 0x3C, 0x55, 0x6F, 0x88, 0xA2, 0xBB, 0xAB, 0x92, 0x78, 0x5F, 0x45, 0x2C, 0x12, 0x00, 0x00, 0x00, 0x00,
    0x00, 0x11, 0x29, 0x40, 0x58, 0x70, 0x87, 0x9F, 0xB6, 0xB3, 0xB7, 0xA1, 0x8B, 0x76, 0x60, 0x4B, 0x35, 0x1F, 0x0A, 0x00, 0x00, 0x00, 0x00, 0x00,
    0x00, 0x00, 0x00, 0x00, 0x00, 0x19, 0x32, 0x4A, 0x63, 0x7C, 0x95, 0xAD, 0xB9, 0xA1, 0x88, 0x6F, 0x56, 0x3E, 0x25, 0x0C, 0x00, 0x00, 0x00, 0x00,
    0x69, 0x85, 0xA1, 0xBD, 0xA7, 0x8B, 0x6F, 0x53, 0x37, 0x1B, 0x00, 0x00, 0x00, 0x00, 0x00, 0x00, 0x00, 0x00, 0x00, 0x00, 0x00, 0x00, 0x00, 0x00,
    0x00, 0x00, 0x17, 0x2E, 0x45, 0x5C, 0x73, 0x8A, 0xA1, 0xB7, 0xB1, 0x9B, 0x84, 0x6D, 0x5B, 0x66, 0x69, 0x63, 0x56, 0x43, 0x2E, 0x17, 0x00, 0x00,
    0x00, 0x00, 0x00, 0x01, 0x18, 0x2E, 0x45, 0x5B, 0x72, 0x88, 0x9E, 0xB5, 0xB4, 0x9E, 0x87, 0x71, 0x5A, 0x45, 0x30, 0x1B, 0x05, 0x00, 0x00, 0x00,
    0x00, 0x00, 0x00, 0x14, 0x2D, 0x46, 0x5F, 0x78, 0x90, 0xA9, 0xBD, 0xA5, 0xB6, 0xB0, 0x97, 0x7E, 0x64, 0x4B, 0x32, 0x19, 0x00, 0x00, 0x00, 0x00,
    0x00, 0x00, 0x00, 0x01, 0x11, 0x21, 0x31, 0x40, 0x4A, 0x4E, 0x4B, 0x4D, 0x69, 0x85, 0xA1, 0xBD, 0xA7, 0x8B, 0x6F, 0x53, 0x37, 0x1B, 0x00, 0x00,
    0x00, 0x00, 0x00, 0x00, 0x00, 0x00, 0x17, 0x30, 0x49, 0x63, 0x7C, 0x96, 0xAF, 0xB7, 0x9D, 0x84, 0x6B, 0x51, 0x38, 0x1E, 0x05, 0x00, 0x00, 0x00,
    0x00, 0x02, 0x1A, 0x31, 0x4A, 0x66, 0x80, 0x9A, 0xB0, 0xBF, 0xA9, 0x92, 0x7A, 0x64, 0x4E, 0x39, 0x23, 0x0E, 0x00, 0x00, 0x00, 0x00, 0x00, 0x00,
    0x00, 0x00, 0x00, 0x00, 0x00, 0x0C, 0x25, 0x3D, 0x56, 0x6F, 0x88, 0xA0, 0xB9, 0xAE, 0x95, 0x7C, 0x63, 0x4B, 0x32, 0x19, 0x00, 0x00, 0x00, 0x00,
    0x69, 0x85, 0xA1, 0xBD, 0xA7, 0x8B, 0x6F, 0x53, 0x37, 0x1B, 0x00, 0x00, 0x00, 0x00, 0x00, 0x00, 0x00, 0x00, 0x00, 0x00, 0x00, 0x00, 0x00, 0x00,
    0x00, 0x00, 0x07, 0x1E, 0x35, 0x4C, 0x63, 0x7A, 0x90, 0xA7, 0xBE, 0xAB, 0x94, 0x7D, 0x66, 0x4F, 0x4D, 0x48, 0x3E, 0x2F, 0x1C, 0x07, 0x00, 0x00,
    0x00, 0x00, 0x00, 0x00, 0x07, 0x1D, 0x34, 0x4A, 0x61, 0x77, 0x8E, 0xA4, 0xBB, 0xAF, 0x98, 0x82, 0x6B, 0x55, 0x3E, 0x28, 0x11, 0x00, 0x00, 0x00,
    0x00, 0x00, 0x08, 0x21, 0x3A, 0x53, 0x6B, 0x84, 0x9D, 0xB6, 0xB1, 0x98, 0xAA, 0xBC, 0xA3, 0x8A, 0x71, 0x57, 0x3E, 0x25, 0x0B, 0x00, 0x00, 0x00,
    0x00, 0x00, 0x00, 0x00, 0x00, 0x0A, 0x1A, 0x26, 0x2F, 0x32, 0x31, 0x4D, 0x69, 0x85, 0xA1, 0xBD, 0xA7, 0x8B, 0x6F, 0x53, 0x37, 0x1B, 0x00, 0x00,
    0x00, 0x00, 0x00, 0x00, 0x00, 0x00, 0x0B, 0x24, 0x3E, 0x57, 0x71, 0x8A, 0xA4, 0xBD, 0xA9, 0x90, 0x76, 0x5D, 0x43, 0x2A, 0x10, 0x00, 0x00, 0x00,
    0x00, 0x00, 0x14, 0x30, 0x4C, 0x68, 0x83, 0x9F, 0xB8, 0xB0, 0xB8, 0xA1, 0x89, 0x72, 0x5A, 0x42, 0x2B, 0x13, 0x00, 0x00, 0x00, 0x00, 0x00, 0x00,
    0x00, 0x00, 0x00, 0x00, 0x00, 0x00, 0x17, 0x30, 0x49, 0x62, 0x7B, 0x93, 0xAC, 0xBB, 0xA2, 0x89, 0x70, 0x58, 0x3F, 0x26, 0x0D, 0x00, 0x00, 0x00,
    0x69, 0x85, 0xA1, 0xBD, 0xA7, 0x8B, 0x6F, 0x53, 0x37, 0x1B, 0x00, 0x00, 0x00, 0x00, 0x00, 0x00, 0x00, 0x00, 0x00, 0x00, 0x00, 0x00, 0x00, 0x00,
    0x00, 0x00, 0x00, 0x0E, 0x25, 0x3C, 0x52, 0x69, 0x80, 0x97, 0xAE, 0xBB, 0xA4, 0x8D, 0x76, 0x5F, 0x48, 0x32, 0x25, 0x18, 0x07, 0x00, 0x00, 0x00,
    0x00, 0x00, 0x00, 0x00, 0x00, 0x0D, 0x23, 0x3A, 0x50, 0x67, 0x7D, 0x93, 0xAA, 0xBF, 0xA9, 0x92, 0x7C, 0x65, 0x4F, 0x39, 0x22, 0x0C, 0x00, 0x00,
    0x00, 0x00, 0x15, 0x2E, 0x46, 0x5F, 0x78, 0x91, 0xAA, 0xBD, 0xA4, 0x8B, 0x9E, 0xB7, 0xAF, 0x96, 0x7D, 0x63, 0x4A, 0x31, 0x18, 0x00, 0x00, 0x00,
    0x00, 0x00, 0x00, 0x00, 0x00, 0x00, 0x01, 0x0C, 0x13, 0x16, 0x31, 0x4D, 0x69, 0x85, 0xA1, 0xBD, 0xA7, 0x8B, 0x6F, 0x53, 0x37, 0x1B, 0x00, 0x00,
    0x00, 0x00, 0x00, 0x00, 0x00, 0x00, 0x00, 0x19, 0x32, 0x4C, 0x65, 0x7F, 0x98, 0xB1, 0xB5, 0x9B, 0x82, 0x68, 0x4F, 0x35, 0x1C, 0x03, 0x00, 0x00,
    0x00, 0x00, 0x10, 0x2C, 0x47, 0x61, 0x7A, 0x90, 0x9C, 0xA1, 0xB8, 0xB0, 0x98, 0x81, 0x69, 0x52, 0x3A, 0x22, 0x0B, 0x00, 0x00, 0x00, 0x00, 0x00,
    0x00, 0x00, 0x00, 0x00, 0x00, 0x00, 0x0A, 0x23, 0x3C, 0x55, 0x6E, 0x86, 0x9F, 0xB8, 0xAF, 0x96, 0x7D, 0x65, 0x4C, 0x33, 0x1A, 0x02, 0x00, 0x00,
    0x69, 0x85, 0xA1, 0xBD, 0xA7, 0x8B, 0x6F, 0x53, 0x37, 0x1B, 0x1B, 0x1B, 0x1B, 0x1B, 0x1B, 0x1B, 0x1B, 0x1B, 0x1B, 0x1B, 0x1B, 0x18, 0x10, 0x05,
    0x00, 0x00, 0x00, 0x00, 0x15, 0x2B, 0x42, 0x59, 0x70, 0x87, 0x9E, 0xB5, 0xB4, 0x9D, 0x86, 0x6F, 0x59, 0x42, 0x2B, 0x14, 0x00, 0x00, 0x00, 0x00,
    0x00, 0x00, 0x00, 0x00, 0x00, 0x00, 0x12, 0x29, 0x3F, 0x56, 0x6C, 0x83, 0x99, 0xB0, 0xBA, 0xA3, 0x8D, 0x76, 0x60, 0x49, 0x33, 0x1C, 0x06, 0x00,
    0x00, 0x09, 0x21, 0x3A, 0x53, 0x6C, 0x85, 0x9E, 0xB7, 0xB0, 0x97, 0x7E, 0x92, 0xAB, 0xBB, 0xA2, 0x89, 0x6F, 0x56, 0x3D, 0x24, 0x0A, 0x00, 0x00,
    0x05, 0x10, 0x18, 0x1B, 0x1B, 0x1B, 0x1B, 0x1B, 0x1B, 0x1B, 0x31, 0x4D, 0x69, 0x85, 0xA1, 0xBD, 0xA7, 0x8B, 0x6F, 0x53, 0x37, 0x1B, 0x00, 0x00,
    0x00, 0x00, 0x00, 0x00, 0x00, 0x00, 0x00, 0x0D, 0x27, 0x40, 0x59, 0x73, 0x8C, 0xA6, 0xBF, 0xA7, 0x8D, 0x74, 0x5B, 0x41, 0x28, 0x0E, 0x00, 0x00,
    0x00, 0x00, 0x09, 0x23, 0x3C, 0x54, 0x69, 0x79, 0x80, 0x92, 0xA9, 0xBF, 0xA7, 0x90, 0x78, 0x61, 0x49, 0x31, 0x1A, 0x02, 0x00, 0x00, 0x00, 0x00,
    0x00, 0x00, 0x00, 0x00, 0x00, 0x00, 0x00, 0x16, 0x2F, 0x48, 0x61, 0x79, 0x92, 0xAB, 0xBC, 0xA3, 0x8B, 0x72, 0x59, 0x40, 0x27, 0x0F, 0x00, 0x00,
    0x69, 0x85, 0xA1, 0xBD, 0xA7, 0x8B, 0x6F, 0x53, 0x37, 0x37, 0x37, 0x37, 0x37, 0x37, 0x37, 0x37, 0x37, 0x37, 0x37, 0x37, 0x37, 0x33, 0x2B, 0x1D,
    0x00, 0x00, 0x00, 0x00, 0x04, 0x1B, 0x32, 0x49, 0x60, 0x77, 0x8E, 0xA5, 0xBB, 0xAD, 0x96, 0x80, 0x69, 0x52, 0x3B, 0x24, 0x0D, 0x00, 0x00, 0x00,
    0x00, 0x00, 0x00, 0x00, 0x00, 0x00, 0x02, 0x18, 0x2F, 0x45, 0x5C, 0x72, 0x89, 0x9F, 0xB5, 0xB4, 0x9D, 0x87, 0x70, 0x5A, 0x44, 0x2D, 0x17, 0x00,
    0x00, 0x15, 0x2E, 0x47, 0x60, 0x79, 0x92, 0xAB, 0xBC, 0xA3, 0x8A, 0x71, 0x86, 0x9F, 0xB8, 0xAE, 0x95, 0x7B, 0x62, 0x49, 0x30, 0x16, 0x00, 0x00,
    0x1D, 0x2B, 0x33, 0x37, 0x37, 0x37, 0x37, 0x37, 0x37, 0x37, 0x37, 0x4D, 0x69, 0x85, 0xA1, 0xBD, 0xA7, 0x8B, 0x6F, 0x53, 0x37, 0x1B, 0x00, 0x00,
    0x00, 0x00, 0x00, 0x00, 0x00, 0x00, 0x00, 0x01, 0x1B, 0x34, 0x4E, 0x67, 0x81, 0x9A, 0xB4, 0xB3, 0x99, 0x80, 0x66, 0x4D, 0x33, 0x1A, 0x00, 0x00,
    0x00, 0x00, 0x00, 0x15, 0x2C, 0x41, 0x53, 0x5F, 0x6B, 0x82, 0x9A, 0xB2, 0xB6, 0x9F, 0x87, 0x70, 0x58, 0x41, 0x29, 0x11, 0x00, 0x00, 0x00, 0x00,
    0x00, 0x00, 0x00, 0x00, 0x00, 0x00, 0x00, 0x09, 0x22, 0x3B, 0x53, 0x6C, 0x85, 0x9E, 0xB7, 0xB0, 0x98, 0x7F, 0x66, 0x4D, 0x34, 0x1C, 0x03, 0x00,
    0x69, 0x85, 0xA1, 0xBD, 0xA7, 0x8B, 0x6F, 0x53, 0x53, 0x53, 0x53, 0x53, 0x53, 0x53, 0x53, 0x53, 0x53, 0x53, 0x53, 0x53, 0x53, 0x4E, 0x44, 0x34,
    0x00, 0x00, 0x00, 0x00, 0x00, 0x0B, 0x22, 0x39, 0x50, 0x67, 0x7E, 0x94, 0xAB, 0xBD, 0xA7, 0x90, 0x79, 0x62, 0x4B, 0x34, 0x1D, 0x06, 0x00, 0x00,
    0x00, 0x00, 0x00, 0x00, 0x00, 0x00, 0x00, 0x07, 0x1E, 0x34, 0x4B, 0x61, 0x78, 0x8E, 0xA5, 0xBB, 0xAE, 0x98, 0x81, 0x6B, 0x54, 0x3E, 0x27, 0x11,
    0x09, 0x22, 0x3B, 0x54, 0x6D, 0x86, 0x9F, 0xB8, 0xAF, 0x96, 0x7D, 0x64, 0x7A, 0x93, 0xAC, 0xBA, 0xA1, 0x88, 0x6E, 0x55, 0x3C, 0x22, 0x09, 0x00,
    0x34, 0x44, 0x4E, 0x53, 0x53, 0x53, 0x53, 0x53, 0x53, 0x53, 0x53, 0x53, 0x69, 0x85, 0xA1, 0xBD, 0xA7, 0x8B, 0x6F, 0x53, 0x37, 0x1B, 0x00, 0x00,
    0x00, 0x00, 0x00, 0x00, 0x00, 0x00, 0x00, 0x00, 0x0F, 0x29, 0x42, 0x5C, 0x75, 0x8F, 0xA8, 0xBE, 0xA5, 0x8B, 0x72, 0x58, 0x3F, 0x25, 0x0C, 0x00,
    0x00, 0x00, 0x00, 0x05, 0x1A, 0x2C, 0x3A, 0x44, 0x5C, 0x73, 0x8B, 0xA3, 0xBA, 0xAE, 0x96, 0x7F, 0x67, 0x50, 0x38, 0x20, 0x09, 0x00, 0x00, 0x00,
    0x00, 0x00, 0x00, 0x00, 0x00, 0x00, 0x00, 0x00, 0x15, 0x2E, 0x46, 0x5F, 0x78, 0x91, 0xAA, 0xBD, 0xA5, 0x8C, 0x73, 0x5A, 0x41, 0x29, 0x10, 0x00,
    0x69, 0x85, 0xA1, 0xBD, 0xA7, 0x8B, 0x6F, 0x6F, 0x6F, 0x6F, 0x6F, 0x6F, 0x6F, 0x6F, 0x6F, 0x6F, 0x6F, 0x6F, 0x6F, 0x6F, 0x6F, 0x69, 0x5C, 0x49,
    0x00, 0x00, 0x00, 0x00, 0x00, 0x00, 0x12, 0x29, 0x40, 0x57, 0x6D, 0x84, 0x9B, 0xB2, 0xB7, 0xA0, 0x89, 0x72, 0x5B, 0x44, 0x2E, 0x17, 0x00, 0x00,
    0x00, 0x00, 0x00, 0x00, 0x00, 0x00, 0x00, 0x00, 0x0D, 0x24, 0x3A, 0x51, 0x67, 0x7E, 0x94, 0xAA, 0xBF, 0xA8, 0x92, 0x7B, 0x65, 0x4F, 0x38, 0x22,
    0x16, 0x2F, 0x48, 0x61, 0x7A, 0x93, 0xAC, 0xBB, 0xA2, 0x89, 0x71, 0x58, 0x6E, 0x87, 0xA0, 0xBA, 0xAD, 0x94, 0x7A, 0x61, 0x48, 0x2F, 0x15, 0x00,
    0x49, 0x5C, 0x69, 0x6F, 0x6F, 0x6F, 0x6F, 0x6F, 0x6F, 0x6F, 0x6F, 0x6F, 0x6F, 0x85, 0xA1, 0xBD, 0xA7, 0x8B, 0x6F, 0x53, 0x37, 0x1B, 0x00, 0x00,
    0x00, 0x00, 0x00, 0x00, 0x00, 0x00, 0x00, 0x00, 0x04, 0x1D, 0x36, 0x50, 0x69, 0x83, 0x9C, 0xB6, 0xB0, 0x97, 0x7E, 0x64, 0x4B, 0x31, 0x18, 0x00,
    0x00, 0x00, 0x00, 0x00, 0x04, 0x14, 0x21, 0x35, 0x4D, 0x64, 0x7C, 0x93, 0xAB, 0xBD, 0xA5, 0x8E, 0x76, 0x5F, 0x47, 0x30, 0x18, 0x00, 0x00, 0x00,
    0x00, 0x00, 0x00, 0x00, 0x00, 0x00, 0x00, 0x00, 0x08, 0x21, 0x39, 0x52, 0x6B, 0x84, 0x9C, 0xB5, 0xB2, 0x99, 0x80, 0x67, 0x4F, 0x36, 0x1D, 0x04,
    0x69, 0x85, 0xA1, 0xBD, 0xA7, 0x8B, 0x8B, 0x8B, 0x8B, 0x8B, 0x8B, 0x8B, 0x8B, 0x8B, 0x8B, 0x8B, 0x8B, 0x8B, 0x8B, 0x8B, 0x8B, 0x82, 0x71, 0x5A,
    0x00, 0x00, 0x00, 0x00, 0x00, 0x00, 0x02, 0x19, 0x30, 0x46, 0x5D, 0x74, 0x8B, 0xA2, 0xB9, 0xB0, 0x99, 0x82, 0x6B, 0x55, 0x3E, 0x27, 0x10, 0x00,
    0x00, 0x00, 0x00, 0x00, 0x00, 0x00, 0x00, 0x00, 0x00, 0x13, 0x29, 0x40, 0x56, 0x6D, 0x83, 0x9A, 0xB0, 0xB9, 0xA3, 0x8C, 0x76, 0x5F, 0x49, 0x32,
    0x23, 0x3C, 0x55, 0x6E, 0x87, 0x9F, 0xB8, 0xAE, 0x96, 0x7D, 0x64, 0x4B, 0x62, 0x7B, 0x94, 0xAD, 0xB9, 0xA0, 0x86, 0x6D, 0x54, 0x3B, 0x21, 0x08,
    0x5A, 0x71, 0x82, 0x8B, 0x8B, 0x8B, 0x8B, 0x8B, 0x8B, 0x8B, 0x8B, 0x8B, 0x8B, 0x8B, 0xA1, 0xBD, 0xA7, 0x8B, 0x6F, 0x53, 0x37, 0x1B, 0x00, 0x00,
    0x00, 0x00, 0x00, 0x00, 0x00, 0x00, 0x00, 0x00, 0x00, 0x11, 0x2B, 0x44, 0x5E, 0x77, 0x91, 0xAA, 0xBC, 0xA3, 0x89, 0x70, 0x56, 0x3D, 0x23, 0x0A,
    0x00, 0x00, 0x00, 0x00, 0x00, 0x00, 0x0E, 0x26, 0x3E, 0x55, 0x6D, 0x84, 0x9C, 0xB4, 0xB5, 0x9D, 0x85, 0x6E, 0x56, 0x3F, 0x27, 0x0F, 0x00, 0x00,
    0x00, 0x00, 0x00, 0x00, 0x00, 0x00, 0x00, 0x00, 0x00, 0x14, 0x2C, 0x45, 0x5E, 0x77, 0x8F, 0xA8, 0xBF, 0xA6, 0x8D, 0x74, 0x5C, 0x43, 0x2A, 0x11,
    0x69, 0x85, 0xA1, 0xBD, 0xA7, 0xA7, 0xA7, 0xA7, 0xA7, 0xA7, 0xA7, 0xA7, 0xA7, 0xA7, 0xA7, 0xA7, 0xA7, 0xA7, 0xA7, 0xA7, 0xA6, 0x98, 0x80, 0x65,
    0x00, 0x00, 0x00, 0x00, 0x00, 0x00, 0x00, 0x08, 0x1F, 0x36, 0x4D, 0x64, 0x7B, 0x92, 0xA9, 0xBF, 0xA9, 0x92, 0x7C, 0x65, 0x4E, 0x37, 0x20, 0x09,
    0x00, 0x00, 0x00, 0x00, 0x00, 0x00, 0x00, 0x00, 0x00, 0x02, 0x19, 0x2F, 0x46, 0x5C, 0x73, 0x89, 0x9F, 0xB6, 0xB3, 0x9D, 0x86, 0x70, 0x59, 0x43,
    0x30, 0x49, 0x62, 0x7A, 0x93, 0xAC, 0xBB, 0xA2, 0x89, 0x70, 0x57, 0x3E, 0x56, 0x6F, 0x88, 0xA1, 0xBB, 0xAC, 0x92, 0x79, 0x60, 0x47, 0x2D, 0x14,
    0x65, 0x80, 0x98, 0xA6, 0xA7, 0xA7, 0xA7, 0xA7, 0xA7, 0xA7, 0xA7, 0xA7, 0xA7, 0xA7, 0xA7, 0xBD, 0xA7, 0x8B, 0x6F, 0x53, 0x37, 0x1B, 0x00, 0x00,
    0x00, 0x00, 0x00, 0x00, 0x00, 0x00, 0x00, 0x00, 0x00, 0x06, 0x1F, 0x39, 0x52, 0x6C, 0x85, 0x9E, 0xB8, 0xAE, 0x95, 0x7B, 0x62, 0x48, 0x2F, 0x16,
    0x00, 0x00, 0x00, 0x00, 0x00, 0x00, 0x00, 0x17, 0x2E, 0x46, 0x5E, 0x75, 0x8D, 0xA4, 0xBC, 0xAC, 0x94, 0x7D, 0x65, 0x4E, 0x36, 0x1F, 0x07, 0x00,
    0x00, 0x00, 0x00, 0x00, 0x00, 0x00, 0x00, 0x00, 0x00, 0x07, 0x1F, 0x38, 0x51, 0x6A, 0x82, 0x9B, 0xB4, 0xB3, 0x9A, 0x81, 0x69, 0x50, 0x37, 0x1E,
    0x69, 0x85, 0xA1, 0xBC, 0xBD, 0xBD, 0xBD, 0xBD, 0xBD, 0xBD, 0xBD, 0xBD, 0xBD, 0xBD, 0xBD, 0xBD, 0xBD, 0xBD, 0xBD, 0xBD, 0xBC, 0xA1, 0x85, 0x69,
    0x00, 0x00, 0x00, 0x00, 0x00, 0x00, 0x00, 0x00, 0x0F, 0x26, 0x3D, 0x54, 0x6B, 0x82, 0x98, 0xAF, 0xB9, 0xA3, 0x8C, 0x75, 0x5E, 0x47, 0x30, 0x19,
    0x00, 0x00, 0x00, 0x00, 0x00, 0x00, 0x00, 0x00, 0x00, 0x00, 0x08, 0x1E, 0x35, 0x4B, 0x62, 0x78, 0x8F, 0xA5, 0xBC, 0xAE, 0x97, 0x81, 0x6A, 0x54,
    0x3D, 0x55, 0x6E, 0x87, 0xA0, 0xB9, 0xAE, 0x95, 0x7C, 0x63, 0x4A, 0x31, 0x4A, 0x63, 0x7C, 0x95, 0xAF, 0xB8, 0x9F, 0x85, 0x6C, 0x53, 0x3A, 0x20,
    0x69, 0x85, 0xA1, 0xBC, 0xBD, 0xBD, 0xBD, 0xBD, 0xBD, 0xBD, 0xBD, 0xBD, 0xBD, 0xBD, 0xBD, 0xBD, 0xA6, 0x8B, 0x6F, 0x53, 0x37, 0x1B, 0x00, 0x00,
    0x00, 0x00, 0x00, 0x00, 0x00, 0x00, 0x00, 0x00, 0x00, 0x00, 0x14, 0x2D, 0x46, 0x60, 0x79, 0x93, 0xAC, 0xBA, 0xA0, 0x87, 0x6E, 0x54, 0x3B, 0x21,
    0x00, 0x00, 0x00, 0x00, 0x00, 0x00, 0x00, 0x08, 0x1F, 0x37, 0x4F, 0x66, 0x7E, 0x95, 0xAD, 0xBB, 0xA4, 0x8C, 0x74, 0x5D, 0x45, 0x2E, 0x16, 0x00,
    0x00, 0x00, 0x00, 0x00, 0x00, 0x00, 0x00, 0x00, 0x00, 0x00, 0x12, 0x2B, 0x44, 0x5D, 0x75, 0x8E, 0xA7, 0xC0, 0xA7, 0x8E, 0x76, 0x5D, 0x44, 0x2B,
    0x64, 0x7D, 0x94, 0xA1, 0xA1, 0xA1, 0xA1, 0xA1, 0xA1, 0xA1, 0xA1, 0xA1, 0xA1, 0xA1, 0xA1, 0xA1, 0xA1, 0xA1, 0xA1, 0xA1, 0xA1, 0x94, 0x7D, 0x64,
    0x00, 0x00, 0x00, 0x00, 0x00, 0x00, 0x00, 0x00, 0x00, 0x16, 0x2D, 0x44, 0x5B, 0x71, 0x88, 0x9F, 0xB6, 0xB3, 0x9C, 0x85, 0x6E, 0x57, 0x40, 0x29,
    0x00, 0x00, 0x00, 0x00, 0x00, 0x00, 0x00, 0x00, 0x00, 0x00, 0x00, 0x0E, 0x24, 0x3B, 0x51, 0x68, 0x7E, 0x94, 0xAB, 0xBE, 0xA8, 0x91, 0x7B, 0x62,
    0x49, 0x62, 0x7B, 0x94, 0xAD, 0xBA, 0xA1, 0x88, 0x6F, 0x56, 0x3D, 0x24, 0x3D, 0x57, 0x70, 0x89, 0xA3, 0xBC, 0xAB, 0x91, 0x78, 0x5F, 0x46, 0x2C,
    0x64, 0x7D, 0x94, 0xA1, 0xA1, 0xA1, 0xA1, 0xA1, 0xA1, 0xA1, 0xA1, 0xA1, 0xA1, 0xA1, 0xA1, 0xA1, 0x98, 0x82, 0x69, 0x4E, 0x33, 0x18, 0x00, 0x00,
    0x00, 0x00, 0x00, 0x00, 0x00, 0x00, 0x00, 0x00, 0x00, 0x00, 0x08, 0x21, 0x3B, 0x54, 0x6E, 0x87, 0xA1, 0xBA, 0xAC, 0x93, 0x79, 0x60, 0x46, 0x2D,
    0x00, 0x00, 0x00, 0x00, 0x00, 0x00, 0x00, 0x00, 0x10, 0x28, 0x40, 0x57, 0x6F, 0x86, 0x9E, 0xB5, 0xB3, 0x9B, 0x83, 0x6C, 0x54, 0x3D, 0x25, 0x0D,
    0x00, 0x00, 0x00, 0x00, 0x00, 0x00, 0x00, 0x00, 0x00, 0x00, 0x05, 0x1E, 0x37, 0x50, 0x68, 0x81, 0x9A, 0xB3, 0xB4, 0x9B, 0x83, 0x6A, 0x51, 0x38,
    0x57, 0x6D, 0x7D, 0x85, 0x85, 0x85, 0x85, 0x85, 0x85, 0x85, 0x85, 0x85, 0x85, 0x85, 0x85, 0x85, 0x85, 0x85, 0x85, 0x85, 0x85, 0x7D, 0x6D, 0x57,
    0x00, 0x00, 0x00, 0x00, 0x00, 0x00, 0x00, 0x00, 0x00, 0x06, 0x1D, 0x34, 0x4A, 0x61, 0x78, 0x8F, 0xA6, 0xBD, 0xAC, 0x95, 0x7E, 0x67, 0x50, 0x38,
    0x00, 0x00, 0x00, 0x00, 0x00, 0x00, 0x00, 0x00, 0x00, 0x00, 0x00, 0x00, 0x13, 0x2A, 0x40, 0x57, 0x6D, 0x84, 0x9A, 0xB1, 0xB9, 0xA0, 0x84, 0x69,
    0x56, 0x6F, 0x88, 0xA1, 0xBA, 0xAD, 0x94, 0x7B, 0x62, 0x49, 0x31, 0x18, 0x31, 0x4B, 0x64, 0x7D, 0x96, 0xB0, 0xB7, 0x9D, 0x84, 0x6B, 0x52, 0x38,
    0x57, 0x6D, 0x7D, 0x85, 0x85, 0x85, 0x85, 0x85, 0x85, 0x85, 0x85, 0x85, 0x85, 0x85, 0x85, 0x85, 0x80, 0x71, 0x5C, 0x44, 0x2B, 0x10, 0x00, 0x00,
    0x00, 0x00, 0x00, 0x00, 0x00, 0x00, 0x00, 0x00, 0x00, 0x00, 0x00, 0x16, 0x2F, 0x49, 0x62, 0x7C, 0x95, 0xAE, 0xB8, 0x9E, 0x85, 0x6B, 0x52, 0x38,
    0x00, 0x00, 0x00, 0x00, 0x00, 0x00, 0x00, 0x00, 0x01, 0x19, 0x30, 0x48, 0x60, 0x77, 0x8F, 0xA6, 0xBE, 0xAA, 0x93, 0x7B, 0x63, 0x4C, 0x33, 0x1A,
    0x00, 0x00, 0x00, 0x00, 0x00, 0x00, 0x00, 0x00, 0x00, 0x00, 0x00, 0x11, 0x2A, 0x43, 0x5B, 0x74, 0x8D, 0xA6, 0xBE, 0xA8, 0x90, 0x77, 0x5D, 0x43,
    0x45, 0x57, 0x64, 0x69, 0x69, 0x69, 0x69, 0x69, 0x69, 0x69, 0x69, 0x69, 0x69, 0x69, 0x69, 0x69, 0x69, 0x69, 0x69, 0x69, 0x69, 0x64, 0x57, 0x45,
    0x00, 0x00, 0x00, 0x00, 0x00, 0x00, 0x00, 0x00, 0x00, 0x00, 0x0D, 0x23, 0x3A, 0x51, 0x68, 0x7F, 0x96, 0xAD, 0xBC, 0xA5, 0x8E, 0x77, 0x5D, 0x43,
    0x00, 0x00, 0x00, 0x00, 0x00, 0x00, 0x00, 0x00, 0x00, 0x00, 0x00, 0x00, 0x03, 0x19, 0x30, 0x46, 0x5D, 0x73, 0x89, 0xA0, 0xAC, 0x9B, 0x82, 0x67,
    0x63, 0x7C, 0x95, 0xAE, 0xB9, 0xA0, 0x87, 0x6E, 0x55, 0x3D, 0x24, 0x0C, 0x25, 0x3F, 0x58, 0x71, 0x8A, 0xA4, 0xBD, 0xAA, 0x90, 0x77, 0x5D, 0x43,
    0x45, 0x57, 0x64, 0x69, 0x69, 0x69, 0x69, 0x69, 0x69, 0x69, 0x69, 0x69, 0x69, 0x69, 0x69, 0x69, 0x65, 0x5A, 0x49, 0x34, 0x1D, 0x05, 0x00, 0x00,
    0x00, 0x00, 0x00, 0x00, 0x00, 0x00, 0x00, 0x00, 0x00, 0x00, 0x00, 0x0A, 0x23, 0x3D, 0x56, 0x70, 0x89, 0xA3, 0xBC, 0xAA, 0x91, 0x77, 0x5D, 0x43,
    0x00, 0x00, 0x00, 0x00, 0x00, 0x00, 0x00, 0x00, 0x00, 0x0A, 0x21, 0x39, 0x51, 0x68, 0x80, 0x97, 0xAF, 0xB9, 0xA2, 0x8A, 0x72, 0x58, 0x3D, 0x22,
    0x00, 0x00, 0x00, 0x00, 0x00, 0x00, 0x00, 0x00, 0x00, 0x00, 0x00, 0x04, 0x1D, 0x35, 0x4E, 0x67, 0x80, 0x99, 0xB1, 0xB6, 0x9B, 0x7F, 0x63, 0x47,
    0x30, 0x3F, 0x49, 0x4D, 0x4D, 0x4D, 0x4D, 0x4D, 0x4D, 0x4D, 0x4D, 0x4D, 0x4D, 0x4D, 0x4D, 0x4D, 0x4D, 0x4D, 0x4D, 0x4D, 0x4D, 0x49, 0x3F, 0x30,
    0x00, 0x00, 0x00, 0x00, 0x00, 0x00, 0x00, 0x00, 0x00, 0x00, 0x00, 0x13, 0x2A, 0x41, 0x58, 0x6F, 0x86, 0x9D, 0xB3, 0xB5, 0x9B, 0x7F, 0x63, 0x47,
    0x00, 0x00, 0x00, 0x00, 0x00, 0x00, 0x00, 0x00, 0x00, 0x00, 0x00, 0x00, 0x00, 0x08, 0x1F, 0x35, 0x4C, 0x62, 0x78, 0x8A, 0x90, 0x87, 0x74, 0x5D,
    0x69, 0x85, 0xA0, 0xBB, 0xAC, 0x93, 0x7A, 0x62, 0x49, 0x30, 0x17, 0x00, 0x19, 0x32, 0x4C, 0x65, 0x7E, 0x98, 0xB1, 0xB6, 0x9B, 0x7F, 0x63, 0x47,
    0x30, 0x3F, 0x49, 0x4D, 0x4D, 0x4D, 0x4D, 0x4D, 0x4D, 0x4D, 0x4D, 0x4D, 0x4D, 0x4D, 0x4D, 0x4D, 0x4A, 0x41, 0x33, 0x21, 0x0D, 0x00, 0x00, 0x00,
    0x00, 0x00, 0x00, 0x00, 0x00, 0x00, 0x00, 0x00, 0x00, 0x00, 0x00, 0x00, 0x18, 0x31, 0x4B, 0x64, 0x7E, 0x97, 0xB1, 0xB6, 0x9B, 0x7F, 0x63, 0x47,
    0x00, 0x00, 0x00, 0x00, 0x00, 0x00, 0x00, 0x00, 0x00, 0x00, 0x12, 0x2A, 0x41, 0x59, 0x71, 0x88, 0xA0, 0xB7, 0xB1, 0x95, 0x7A, 0x5E, 0x42, 0x26,
    0x00, 0x00, 0x00, 0x00, 0x00, 0x00, 0x00, 0x00, 0x00, 0x00, 0x00, 0x00, 0x10, 0x28, 0x41, 0x5A, 0x73, 0x8C, 0xA2, 0xA8, 0x95, 0x7C, 0x61, 0x45,
    0x19, 0x25, 0x2E, 0x31, 0x31, 0x31, 0x31, 0x31, 0x31, 0x31, 0x31, 0x31, 0x31, 0x31, 0x31, 0x31, 0x31, 0x31, 0x31, 0x31, 0x31, 0x2E, 0x25, 0x19,
    0x00, 0x00, 0x00, 0x00, 0x00, 0x00, 0x00, 0x00, 0x00, 0x00, 0x00, 0x03, 0x1A, 0x31, 0x48, 0x5F, 0x75, 0x8C, 0xA2, 0xA8, 0x95, 0x7C, 0x61, 0x45,
    0x00, 0x00, 0x00, 0x00, 0x00, 0x00, 0x00, 0x00, 0x00, 0x00, 0x00, 0x00, 0x00, 0x00, 0x0E, 0x25, 0x3B, 0x51, 0x63, 0x70, 0x74, 0x6E, 0x60, 0x4D,
    0x66, 0x81, 0x9A, 0xAA, 0x9E, 0x87, 0x6E, 0x55, 0x3C, 0x23, 0x0A, 0x00, 0x0D, 0x26, 0x40, 0x59, 0x72, 0x8B, 0xA2, 0xA8, 0x95, 0x7C, 0x61, 0x45,
    0x19, 0x25, 0x2E, 0x31, 0x31, 0x31, 0x31, 0x31, 0x31, 0x31, 0x31, 0x31, 0x31, 0x31, 0x31, 0x31, 0x2F, 0x27, 0x1C, 0x0C, 0x00, 0x00, 0x00, 0x00,
    0x00, 0x00, 0x00, 0x00, 0x00, 0x00, 0x00, 0x00, 0x00, 0x00, 0x00, 0x00, 0x0C, 0x26, 0x3F, 0x59, 0x72, 0x8B, 0xA2, 0xA8, 0x95, 0x7C, 0x61, 0x45,
    0x00, 0x00, 0x00, 0x00, 0x00, 0x00, 0x00, 0x00, 0x00, 0x00, 0x03, 0x1B, 0x32, 0x4A, 0x62, 0x79, 0x91, 0xA6, 0xA6, 0x91, 0x77, 0x5B, 0x40, 0x24,
    0x00, 0x00, 0x00, 0x00, 0x00, 0x00, 0x00, 0x00, 0x00, 0x00, 0x00, 0x00, 0x03, 0x1B, 0x34, 0x4D, 0x65, 0x7B, 0x8A, 0x8D, 0x82, 0x6E, 0x57, 0x3E,
    0x00, 0x0B, 0x12, 0x15, 0x15, 0x15, 0x15, 0x15, 0x15, 0x15, 0x15, 0x15, 0x15, 0x15, 0x15, 0x15, 0x15, 0x15, 0x15, 0x15, 0x15, 0x12, 0x0B, 0x00,
    0x00, 0x00, 0x00, 0x00, 0x00, 0x00, 0x00, 0x00, 0x00, 0x00, 0x00, 0x00, 0x0A, 0x21, 0x38, 0x4E, 0x65, 0x7B, 0x8A, 0x8D, 0x82, 0x6E, 0x57, 0x3E,
    0x00, 0x00, 0x00, 0x00, 0x00, 0x00, 0x00, 0x00, 0x00, 0x00, 0x00, 0x00, 0x00, 0x00, 0x00, 0x14, 0x29, 0x3C, 0x4B, 0x55, 0x58, 0x54, 0x49, 0x39,
    0x5C, 0x73, 0x85, 0x8E, 0x88, 0x77, 0x61, 0x48, 0x2F, 0x16, 0x00, 0x00, 0x01, 0x1A, 0x34, 0x4D, 0x65, 0x7B, 0x8A, 0x8D, 0x82, 0x6E, 0x57, 0x3E,
    0x00, 0x0B, 0x12, 0x15, 0x15, 0x15, 0x15, 0x15, 0x15, 0x15, 0x15, 0x15, 0x15, 0x15, 0x15, 0x15, 0x13, 0x0D, 0x03, 0x00, 0x00, 0x00, 0x00, 0x00,
    0x00, 0x00, 0x00, 0x00, 0x00, 0x00, 0x00, 0x00, 0x00, 0x00, 0x00, 0x00, 0x01, 0x1A, 0x33, 0x4D, 0x65, 0x7B, 0x8A, 0x8D, 0x82, 0x6E, 0x57, 0x3E,
    0x00, 0x00, 0x00, 0x00, 0x00, 0x00, 0x00, 0x00, 0x00, 0x00, 0x00, 0x0C, 0x23, 0x3B, 0x52, 0x6A, 0x7F, 0x8C, 0x8C, 0x7F, 0x6A, 0x52, 0x38, 0x1E,
    0x00, 0x00, 0x00, 0x00, 0x00, 0x00, 0x00, 0x00, 0x00, 0x00, 0x00, 0x00, 0x00, 0x0E, 0x27, 0x3E, 0x53, 0x65, 0x70, 0x72, 0x6A, 0x5B, 0x47, 0x30,
    0x00, 0x00, 0x00, 0x00, 0x00, 0x00, 0x00, 0x00, 0x00, 0x00, 0x00, 0x00, 0x00, 0x00, 0x00, 0x00, 0x00, 0x00, 0x00, 0x00, 0x00, 0x00, 0x00, 0x00,
    0x00, 0x00, 0x00, 0x00, 0x00, 0x00, 0x00, 0x00, 0x00, 0x00, 0x00, 0x00, 0x00, 0x11, 0x27, 0x3E, 0x53, 0x65, 0x70, 0x72, 0x6A, 0x5B, 0x47, 0x30,
    0x00, 0x00, 0x00, 0x00, 0x00, 0x00, 0x00, 0x00, 0x00, 0x00, 0x00, 0x00, 0x00, 0x00, 0x00, 0x02, 0x15, 0x25, 0x32, 0x3A, 0x3C, 0x39, 0x30, 0x22,
    0x4B, 0x5E, 0x6C, 0x72, 0x6E, 0x62, 0x4F, 0x3A, 0x22, 0x09, 0x00, 0x00, 0x00, 0x0E, 0x27, 0x3E, 0x53, 0x65, 0x70, 0x72, 0x6A, 0x5B, 0x47, 0x30,
    0x00, 0x00, 0x00, 0x00, 0x00, 0x00, 0x00, 0x00, 0x00, 0x00, 0x00, 0x00, 0x00, 0x00, 0x00, 0x00, 0x00, 0x00, 0x00, 0x00, 0x00, 0x00, 0x00, 0x00,
    0x00, 0x00, 0x00, 0x00, 0x00, 0x00, 0x00, 0x00, 0x00, 0x00, 0x00, 0x00, 0x00, 0x0E, 0x27, 0x3E, 0x53, 0x65, 0x70, 0x72, 0x6A, 0x5B, 0x47, 0x30,
    0x00, 0x00, 0x00, 0x00, 0x00, 0x00, 0x00, 0x00, 0x00, 0x00, 0x00, 0x00, 0x14, 0x2C, 0x43, 0x57, 0x67, 0x71, 0x71, 0x67, 0x57, 0x43, 0x2C, 0x13,
    0x00, 0x00, 0x00, 0x00, 0x00, 0x00, 0x00, 0x00, 0x00, 0x00, 0x00, 0x00, 0x00, 0x00, 0x17, 0x2C, 0x3E, 0x4C, 0x54, 0x56, 0x50, 0x44, 0x33, 0x20,
    0x00, 0x00, 0x00, 0x00, 0x00, 0x00, 0x00, 0x00, 0x00, 0x00, 0x00, 0x00, 0x00, 0x00, 0x00, 0x00, 0x00, 0x00, 0x00, 0x00, 0x00, 0x00, 0x00, 0x00,
    0x00, 0x00, 0x00, 0x00, 0x00, 0x00, 0x00, 0x00, 0x00, 0x00, 0x00, 0x00, 0x00, 0x00, 0x17, 0x2C, 0x3E, 0x4C, 0x54, 0x56, 0x50, 0x44, 0x33, 0x20,
    0x00, 0x00, 0x00, 0x00, 0x00, 0x00, 0x00, 0x00, 0x00, 0x00, 0x00, 0x00, 0x00, 0x00, 0x00, 0x00, 0x00, 0x0D, 0x18, 0x1E, 0x20, 0x1D, 0x16, 0x0A,
    0x37, 0x47, 0x52, 0x56, 0x53, 0x49, 0x3A, 0x28, 0x13, 0x00, 0x00, 0x00, 0x00, 0x00, 0x17, 0x2C, 0x3E, 0x4C, 0x54, 0x56, 0x50, 0x44, 0x33, 0x20,
    0x00, 0x00, 0x00, 0x00, 0x00, 0x00, 0x00, 0x00, 0x00, 0x00, 0x00, 0x00, 0x00, 0x00, 0x00, 0x00, 0x00, 0x00, 0x00, 0x00, 0x00, 0x00, 0x00, 0x00,
    0x00, 0x00, 0x00, 0x00, 0x00, 0x00, 0x00, 0x00, 0x00, 0x00, 0x00, 0x00, 0x00, 0x00, 0x17, 0x2C, 0x3E, 0x4C, 0x54, 0x56, 0x50, 0x44, 0x33, 0x20,
    0x00, 0x00, 0x00, 0x00, 0x00, 0x00, 0x00, 0x00, 0x00, 0x00, 0x00, 0x00, 0x05, 0x1B, 0x30, 0x41, 0x4E, 0x55, 0x55, 0x4E, 0x41, 0x30, 0x1B, 0x05,
    0x00, 0x00, 0x00, 0x00, 0x00, 0x00, 0x00, 0x00, 0x00, 0x00, 0x00, 0x00, 0x00, 0x00, 0x04, 0x17, 0x26, 0x32, 0x39, 0x3A, 0x35, 0x2B, 0x1D, 0x0C,
    0x00, 0x00, 0x00, 0x00, 0x00, 0x00, 0x00, 0x00, 0x00, 0x00, 0x00, 0x00, 0x00, 0x00, 0x00, 0x00, 0x00, 0x00, 0x00, 0x00, 0x00, 0x00, 0x00, 0x00,
    0x00, 0x00, 0x00, 0x00, 0x00, 0x00, 0x00, 0x00, 0x00, 0x00, 0x00, 0x00, 0x00, 0x00, 0x04, 0x17, 0x26, 0x32, 0x39, 0x3A, 0x35, 0x2B, 0x1D, 0x0C,
    0x00, 0x00, 0x00, 0x00, 0x00, 0x00, 0x00, 0x00, 0x00, 0x00, 0x00, 0x00, 0x00, 0x00, 0x00, 0x00, 0x00, 0x00, 0x00, 0x03, 0x04, 0x02, 0x00, 0x00,
    0x20, 0x2E, 0x37, 0x3A, 0x38, 0x30, 0x23, 0x13, 0x00, 0x00, 0x00, 0x00, 0x00, 0x00, 0x04, 0x17, 0x26, 0x32, 0x39, 0x3A, 0x35, 0x2B, 0x1D, 0x0C,
    0x00, 0x00, 0x00, 0x00, 0x00, 0x00, 0x00, 0x00, 0x00, 0x00, 0x00, 0x00, 0x00, 0x00, 0x00, 0x00, 0x00, 0x00, 0x00, 0x00, 0x00, 0x00, 0x00, 0x00,
    0x00, 0x00, 0x00, 0x00, 0x00, 0x00, 0x00, 0x00, 0x00, 0x00, 0x00, 0x00, 0x00, 0x00, 0x04, 0x17, 0x26, 0x32, 0x39, 0x3A, 0x35, 0x2B, 0x1D, 0x0C,
    0x00, 0x00, 0x00, 0x00, 0x00, 0x00, 0x00, 0x00, 0x00, 0x00, 0x00, 0x00, 0x00, 0x08, 0x1A, 0x29, 0x34, 0x39, 0x39, 0x34, 0x29, 0x1A, 0x08, 0x00,
    0x00, 0x00, 0x00, 0x00, 0x00, 0x00, 0x00, 0x00, 0x00, 0x00, 0x00, 0x00, 0x00, 0x00, 0x00, 0x00, 0x00, 0x00, 0x00, 0x00, 0x00, 0x00, 0x00, 0x00,
    0x00, 0x00, 0x00, 0x00, 0x00, 0x00, 0x00, 0x00, 0x00, 0x00, 0x00, 0x04, 0x04, 0x00, 0x00, 0x00, 0x00, 0x00, 0x00, 0x00, 0x00, 0x00, 0x00, 0x00,
    0x00, 0x00, 0x00, 0x00, 0x00, 0x00, 0x00, 0x00, 0x00, 0x00, 0x00, 0x00, 0x00, 0x00, 0x00, 0x00, 0x00, 0x00, 0x00, 0x00, 0x00, 0x00, 0x00, 0x00,
    0x00, 0x00, 0x00, 0x00, 0x00, 0x00, 0x00, 0x00, 0x00, 0x00, 0x13, 0x23, 0x30, 0x38, 0x3A, 0x37, 0x2E, 0x20, 0x10, 0x00, 0x00, 0x00, 0x00, 0x00,
    0x00, 0x00, 0x00, 0x00, 0x00, 0x00, 0x0C, 0x1D, 0x2B, 0x35, 0x3A, 0x39, 0x32, 0x26, 0x17, 0x04, 0x00, 0x00, 0x00, 0x00, 0x00, 0x00, 0x00, 0x00,
    0x00, 0x00, 0x00, 0x00, 0x00, 0x00, 0x00, 0x00, 0x00, 0x00, 0x00, 0x00, 0x00, 0x00, 0x00, 0x00, 0x00, 0x00, 0x00, 0x00, 0x00, 0x00, 0x00, 0x00,
    0x00, 0x00, 0x00, 0x00, 0x00, 0x00, 0x00, 0x00, 0x00, 0x00, 0x00, 0x00, 0x00, 0x00, 0x00, 0x00, 0x00, 0x00, 0x00, 0x00, 0x00, 0x00, 0x00, 0x00,
    0x00, 0x00, 0x00, 0x00, 0x00, 0x00, 0x00, 0x08, 0x1A, 0x29, 0x34, 0x39, 0x39, 0x34, 0x29, 0x1A, 0x08, 0x00, 0x00, 0x00, 0x00, 0x00, 0x00, 0x00,
    0x00, 0x00, 0x00, 0x00, 0x00, 0x00, 0x00, 0x00, 0x00, 0x00, 0x00, 0x00, 0x00, 0x00, 0x00, 0x00, 0x00, 0x00, 0x00, 0x00, 0x00, 0x00, 0x00, 0x00,
    0x00, 0x00, 0x00, 0x00, 0x00, 0x00, 0x00, 0x00, 0x05, 0x12, 0x1B, 0x20, 0x20, 0x1B, 0x12, 0x05, 0x00, 0x00, 0x00, 0x00, 0x00, 0x00, 0x00, 0x00,
    0x00, 0x00, 0x00, 0x00, 0x00, 0x00, 0x00, 0x00, 0x00, 0x00, 0x00, 0x00, 0x00, 0x00, 0x00, 0x00, 0x00, 0x00, 0x00, 0x00, 0x00, 0x00, 0x00, 0x00,
    0x00, 0x00, 0x00, 0x00, 0x00, 0x00, 0x00, 0x00, 0x00, 0x13, 0x28, 0x3A, 0x49, 0x53, 0x56, 0x52, 0x47, 0x37, 0x24, 0x0E, 0x00, 0x00, 0x00, 0x00,
    0x00, 0x00, 0x00, 0x00, 0x00, 0x0A, 0x20, 0x33, 0x44, 0x50, 0x56, 0x54, 0x4C, 0x3E, 0x2C, 0x17, 0x00, 0x00, 0x00, 0x00, 0x00, 0x00, 0x00, 0x00,
    0x00, 0x00, 0x00, 0x00, 0x00, 0x00, 0x00, 0x00, 0x00, 0x00, 0x00, 0x00, 0x00, 0x00, 0x00, 0x00, 0x00, 0x00, 0x00, 0x00, 0x00, 0x00, 0x00, 0x00,
    0x00, 0x00, 0x00, 0x00, 0x00, 0x00, 0x00, 0x00, 0x00, 0x00, 0x00, 0x00, 0x00, 0x00, 0x00, 0x00, 0x00, 0x00, 0x00, 0x00, 0x00, 0x00, 0x00, 0x00,
    0x00, 0x00, 0x00, 0x00, 0x00, 0x00, 0x05, 0x1B, 0x30, 0x41, 0x4E, 0x55, 0x55, 0x4E, 0x41, 0x30, 0x1B, 0x05, 0x00, 0x00, 0x00, 0x00, 0x00, 0x00,
    0x00, 0x00, 0x00, 0x06, 0x0F, 0x13, 0x13, 0x0F, 0x09, 0x06, 0x0F, 0x13, 0x13, 0x0F, 0x06, 0x00, 0x00, 0x00, 0x00, 0x00, 0x00, 0x00, 0x00, 0x00,
    0x00, 0x0A, 0x11, 0x14, 0x12, 0x0C, 0x02, 0x0A, 0x1C, 0x2B, 0x36, 0x3B, 0x3B, 0x36, 0x2B, 0x1C, 0x0A, 0x0D, 0x13, 0x14, 0x10, 0x08, 0x00, 0x00,
    0x00, 0x00, 0x00, 0x06, 0x0F, 0x13, 0x14, 0x14, 0x14, 0x14, 0x14, 0x14, 0x14, 0x14, 0x14, 0x14, 0x14, 0x14, 0x13, 0x0F, 0x06, 0x00, 0x00, 0x00,
    0x00, 0x00, 0x00, 0x00, 0x00, 0x00, 0x00, 0x00, 0x09, 0x22, 0x3A, 0x4F, 0x62, 0x6E, 0x72, 0x6C, 0x5E, 0x4B, 0x35, 0x1D, 0x04, 0x00, 0x00, 0x00,
    0x00, 0x00, 0x00, 0x00, 0x00, 0x18, 0x30, 0x47, 0x5B, 0x6A, 0x72, 0x70, 0x65, 0x53, 0x3E, 0x27, 0x0E, 0x00, 0x00, 0x00, 0x00, 0x00, 0x00, 0x00,
    0x00, 0x00, 0x00, 0x00, 0x00, 0x00, 0x00, 0x00, 0x00, 0x00, 0x00, 0x00, 0x00, 0x00, 0x00, 0x00, 0x00, 0x00, 0x00, 0x00, 0x00, 0x00, 0x00, 0x00,
    0x00, 0x00, 0x00, 0x00, 0x00, 0x00, 0x00, 0x00, 0x00, 0x00, 0x00, 0x00, 0x00, 0x00, 0x00, 0x00, 0x00, 0x00, 0x00, 0x00, 0x00, 0x00, 0x00, 0x00,
    0x00, 0x00, 0x00, 0x00, 0x00, 0x00, 0x13, 0x2C, 0x43, 0x57, 0x67, 0x71, 0x71, 0x67, 0x57, 0x43, 0x2C, 0x13, 0x00, 0x00, 0x00, 0x00, 0x00, 0x00,
    0x00, 0x01, 0x12, 0x20, 0x2A, 0x2F, 0x2F, 0x2A, 0x24, 0x20, 0x2A, 0x2F, 0x2F, 0x2A, 0x20, 0x12, 0x01, 0x00, 0x00, 0x00, 0x00, 0x00, 0x00, 0x00,
    0x18, 0x24, 0x2D, 0x30, 0x2E, 0x26, 0x1B, 0x1D, 0x31, 0x43, 0x50, 0x57, 0x57, 0x50, 0x43, 0x31, 0x1D, 0x28, 0x2F, 0x30, 0x2B, 0x22, 0x15, 0x04,
    0x00, 0x01, 0x12, 0x20, 0x2A, 0x2F, 0x30, 0x30, 0x30, 0x30, 0x30, 0x30, 0x30, 0x30, 0x30, 0x30, 0x30, 0x30, 0x2F, 0x2A, 0x20, 0x12, 0x01, 0x00,
    0x00, 0x00, 0x00, 0x00, 0x00, 0x00, 0x00, 0x00, 0x13, 0x2E, 0x48, 0x61, 0x77, 0x88, 0x8E, 0x85, 0x73, 0x5C, 0x43, 0x29, 0x0E, 0x00, 0x00, 0x00,
    0x00, 0x00, 0x00, 0x00, 0x09, 0x23, 0x3E, 0x57, 0x6E, 0x82, 0x8D, 0x8A, 0x7B, 0x65, 0x4D, 0x33, 0x19, 0x00, 0x00, 0x00, 0x00, 0x00, 0x00, 0x00,
    0x00, 0x00, 0x00, 0x00, 0x00, 0x00, 0x00, 0x00, 0x00, 0x00, 0x00, 0x00, 0x00, 0x00, 0x00, 0x00, 0x00, 0x00, 0x00, 0x00, 0x00, 0x00, 0x00, 0x00,
    0x00, 0x00, 0x05, 0x08, 0x08, 0x08, 0x08, 0x08, 0x08, 0x08, 0x08, 0x08, 0x08, 0x08, 0x08, 0x08, 0x08, 0x08, 0x08, 0x08, 0x08, 0x05, 0x00, 0x00,
    0x00, 0x00, 0x00, 0x00, 0x00, 0x03, 0x1E, 0x38, 0x52, 0x6A, 0x7F, 0x8C, 0x8C, 0x7F, 0x6A, 0x52, 0x38, 0x1E, 0x03, 0x00, 0x00, 0x00, 0x00, 0x00,
    0x00, 0x15, 0x28, 0x38, 0x45, 0x4B, 0x4B, 0x45, 0x3F, 0x39, 0x45, 0x4B, 0x4B, 0x45, 0x38, 0x28, 0x15, 0x06, 0x00, 0x00, 0x00, 0x00, 0x00, 0x00,
    0x2F, 0x3E, 0x48, 0x4C, 0x49, 0x40, 0x32, 0x2D, 0x44, 0x59, 0x69, 0x73, 0x73, 0x69, 0x59, 0x44, 0x35, 0x43, 0x4A, 0x4C, 0x46, 0x3B, 0x2C, 0x19,
    0x00, 0x15, 0x28, 0x38, 0x45, 0x4B, 0x4C, 0x4C, 0x4C, 0x4C, 0x4C, 0x4C, 0x4C, 0x4C, 0x4C, 0x4C, 0x4C, 0x4C, 0x4B, 0x45, 0x38, 0x28, 0x15, 0x00,
    0x00, 0x00, 0x00, 0x00, 0x00, 0x00, 0x00, 0x00, 0x19, 0x35, 0x50, 0x6C, 0x86, 0x9E, 0xAA, 0x9A, 0x81, 0x66, 0x4B, 0x2F, 0x14, 0x00, 0x00, 0x00,
    0x00, 0x00, 0x00, 0x00, 0x0E, 0x2A, 0x45, 0x61, 0x7C, 0x95, 0xA8, 0xA2, 0x8B, 0x71, 0x56, 0x3A, 0x1F, 0x03, 0x00, 0x00, 0x00, 0x00, 0x00, 0x00,
    0x00, 0x00, 0x00, 0x00, 0x00, 0x00, 0x00, 0x00, 0x00, 0x00, 0x00, 0x00, 0x00, 0x00, 0x00, 0x00, 0x00, 0x00, 0x00, 0x00, 0x00, 0x00, 0x00, 0x00,
    0x0D, 0x19, 0x21, 0x24, 0x24, 0x24, 0x24, 0x24, 0x24, 0x24, 0x24, 0x24, 0x24, 0x24, 0x24, 0x24, 0x24, 0x24, 0x24, 0x24, 0x24, 0x21, 0x19, 0x0D,
    0x00, 0x00, 0x00, 0x00, 0x00, 0x09, 0x24, 0x40, 0x5B, 0x77, 0x91, 0xA6, 0xA6, 0x91, 0x77, 0x5B, 0x40, 0x24, 0x09, 0x00, 0x00, 0x00, 0x00, 0x00,
    0x0F, 0x26, 0x3C, 0x4F, 0x5E, 0x67, 0x67, 0x61, 0x5A, 0x54, 0x5E, 0x67, 0x67, 0x5E, 0x4F, 0x3C, 0x27, 0x21, 0x1B, 0x14, 0x0E, 0x08, 0x01, 0x00,
    0x44, 0x56, 0x63, 0x68, 0x64, 0x59, 0x48, 0x39, 0x53, 0x6B, 0x80, 0x8E, 0x8E, 0x80, 0x6B, 0x53, 0x4C, 0x5C, 0x66, 0x68, 0x61, 0x53, 0x40, 0x2B,
    0x0F, 0x26, 0x3C, 0x4F, 0x5E, 0x67, 0x68, 0x68, 0x68, 0x68, 0x68, 0x68, 0x68, 0x68, 0x68, 0x68, 0x68, 0x68, 0x67, 0x5E, 0x4F, 0x3C, 0x26, 0x0F,
    0x00, 0x00, 0x00, 0x00, 0x00, 0x00, 0x00, 0x00, 0x1B, 0x37, 0x53, 0x6F, 0x8B, 0xA7, 0xBD, 0xA1, 0x85, 0x69, 0x4D, 0x31, 0x15, 0x00, 0x00, 0x00,
    0x00, 0x00, 0x00, 0x00, 0x0F, 0x2B, 0x47, 0x63, 0x7F, 0x9B, 0xB7, 0xAC, 0x90, 0x74, 0x58, 0x3C, 0x20, 0x04, 0x00, 0x00, 0x00, 0x00, 0x00, 0x00,
    0x00, 0x00, 0x00, 0x00, 0x00, 0x00, 0x00, 0x00, 0x00, 0x00, 0x00, 0x00, 0x00, 0x00, 0x00, 0x00, 0x00, 0x00, 0x00, 0x00, 0x00, 0x00, 0x00, 0x00,
    0x25, 0x33, 0x3C, 0x40, 0x40, 0x40, 0x40, 0x40, 0x40, 0x40, 0x40, 0x40, 0x40, 0x40, 0x40, 0x40, 0x40, 0x40, 0x40, 0x40, 0x40, 0x3C, 0x33, 0x25,
    0x00, 0x00, 0x00, 0x06, 0x0A, 0x0A, 0x26, 0x42, 0x5E, 0x7A, 0x96, 0xB2, 0xB2, 0x96, 0x7A, 0x5E, 0x42, 0x26, 0x0A, 0x0A, 0x06, 0x00, 0x00, 0x00,
    0x1B, 0x34, 0x4D, 0x64, 0x77, 0x82, 0x82, 0x7C, 0x76, 0x6F, 0x77, 0x82, 0x82, 0x77, 0x64, 0x4D, 0x43, 0x3C, 0x36, 0x30, 0x29, 0x23, 0x1B, 0x0F,
    0x56, 0x6C, 0x7C, 0x84, 0x7F, 0x70, 0x5B, 0x43, 0x5C, 0x77, 0x91, 0xA8, 0xA8, 0x91, 0x77, 0x5C, 0x5F, 0x73, 0x81, 0x83, 0x7A, 0x68, 0x52, 0x39,
    0x1B, 0x34, 0x4D, 0x64, 0x77, 0x82, 0x84, 0x84, 0x84, 0x84, 0x84, 0x84, 0x84, 0x84, 0x84, 0x84, 0x84, 0x84, 0x82, 0x77, 0x64, 0x4D, 0x34, 0x1B,
    0x00, 0x00, 0x00, 0x00, 0x00, 0x00, 0x00, 0x00, 0x1B, 0x37, 0x53, 0x6F, 0x8B, 0xA7, 0xBD, 0xA1, 0x85, 0x69, 0x4D, 0x31, 0x15, 0x00, 0x00, 0x00,
    0x00, 0x00, 0x00, 0x00, 0x0F, 0x2B, 0x47, 0x63, 0x7F, 0x9B, 0xB7, 0xAC, 0x90, 0x74, 0x58, 0x3C, 0x20, 0x04, 0x00, 0x00, 0x00, 0x00, 0x00, 0x00,
    0x00, 0x00, 0x00, 0x00, 0x00, 0x00, 0x00, 0x00, 0x00, 0x00, 0x00, 0x00, 0x00, 0x00, 0x00, 0x00, 0x00, 0x00, 0x00, 0x00, 0x00, 0x00, 0x00, 0x00,
    0x3B, 0x4C, 0x57, 0x5C, 0x5C, 0x5C, 0x5C, 0x5C, 0x5C, 0x5C, 0x5C, 0x5C, 0x5C, 0x5C, 0x5C, 0x5C, 0x5C, 0x5C, 0x5C, 0x5C, 0x5C, 0x57, 0x4C, 0x3B,
    0x00, 0x0C, 0x19, 0x22, 0x26, 0x26, 0x26, 0x42, 0x5E, 0x7A, 0x96, 0xB2, 0xB2, 0x96, 0x7A, 0x5E, 0x42, 0x26, 0x26, 0x26, 0x22, 0x19, 0x0C, 0x00,
    0x23, 0x3E, 0x59, 0x73, 0x8B, 0x9D, 0x9E, 0x97, 0x91, 0x8A, 0x8B, 0x9D, 0x9D, 0x8B, 0x73, 0x64, 0x5E, 0x58, 0x51, 0x4B, 0x44, 0x3E, 0x35, 0x27,
    0x63, 0x7D, 0x93, 0xA0, 0x97, 0x82, 0x69, 0x4F, 0x64, 0x7F, 0x9A, 0xB5, 0xB0, 0x95, 0x79, 0x5D, 0x6E, 0x87, 0x9A, 0x9F, 0x8F, 0x78, 0x5E, 0x43,
    0x23, 0x3E, 0x59, 0x73, 0x8B, 0x9D, 0xA0, 0xA0, 0xA0, 0xA0, 0xA0, 0xA0, 0xA0, 0xA0, 0xA0, 0xA0, 0xA0, 0xA0, 0x9D, 0x8B, 0x73, 0x59, 0x3E, 0x23,
    0x00, 0x00, 0x00, 0x00, 0x00, 0x00, 0x00, 0x00, 0x1B, 0x37, 0x53, 0x6F, 0x8B, 0xA7, 0xBD, 0xA1, 0x85, 0x69, 0x4D, 0x31, 0x15, 0x00, 0x00, 0x00,
    0x00, 0x00, 0x00, 0x00, 0x0F, 0x2B, 0x47, 0x63, 0x7F, 0x9B, 0xB7, 0xAC, 0x90, 0x74, 0x58, 0x3C, 0x20, 0x04, 0x00, 0x00, 0x00, 0x00, 0x00, 0x00,
    0x00, 0x00, 0x00, 0x0B, 0x14, 0x19, 0x1A, 0x1A, 0x1A, 0x1A, 0x1A, 0x1A, 0x1A, 0x1A, 0x1A, 0x1A, 0x1A, 0x1A, 0x19, 0x14, 0x0B, 0x00, 0x00, 0x00,
    0x4F, 0x63, 0x71, 0x78, 0x78, 0x78, 0x78, 0x78, 0x78, 0x78, 0x78, 0x78, 0x78, 0x78, 0x78, 0x78, 0x78, 0x78, 0x78, 0x78, 0x78, 0x71, 0x63, 0x4F,
    0x12, 0x24, 0x32, 0x3D, 0x42, 0x42, 0x42, 0x42, 0x5E, 0x7A, 0x96, 0xB2, 0xB2, 0x96, 0x7A, 0x5E, 0x42, 0x42, 0x42, 0x42, 0x3D, 0x32, 0x24, 0x12,
    0x26, 0x42, 0x5E, 0x7A, 0x96, 0xB1, 0xB9, 0xB2, 0xAC, 0xA6, 0x9F, 0xB1, 0xB1, 0x96, 0x86, 0x80, 0x79, 0x73, 0x6C, 0x66, 0x60, 0x59, 0x4E, 0x3D,
    0x69, 0x85, 0xA1, 0xBB, 0xA7, 0x8D, 0x74, 0x5A, 0x6B, 0x86, 0xA1, 0xBC, 0xA9, 0x8E, 0x73, 0x5B, 0x76, 0x91, 0xAC, 0xB7, 0x9B, 0x7F, 0x63, 0x47,
    0x26, 0x42, 0x5E, 0x7A, 0x96, 0xB1, 0xBC, 0xBC, 0xBC, 0xBC, 0xBC, 0xBC, 0xBC, 0xBC, 0xBC, 0xBC, 0xBC, 0xBC, 0xB1, 0x96, 0x7A, 0x5E, 0x42, 0x26,
    0x00, 0x00, 0x00, 0x00, 0x00, 0x00, 0x00, 0x00, 0x1B, 0x37, 0x53, 0x6F, 0x8B, 0xA7, 0xBD, 0xA1, 0x85, 0x69, 0x4D, 0x31, 0x15, 0x00, 0x00, 0x00,
    0x00, 0x00, 0x00, 0x00, 0x0F, 0x2B, 0x47, 0x63, 0x7F, 0x9B, 0xB7, 0xAC, 0x90, 0x74, 0x58, 0x3C, 0x20, 0x04, 0x00, 0x00, 0x00, 0x00, 0x00, 0x00,
    0x00, 0x05, 0x16, 0x25, 0x2F, 0x35, 0x36, 0x36, 0x36, 0x36, 0x36, 0x36, 0x36, 0x36, 0x36, 0x36, 0x36, 0x36, 0x35, 0x2F, 0x25, 0x16, 0x05, 0x00,
    0x5E, 0x76, 0x8A, 0x94, 0x94, 0x94, 0x94, 0x94, 0x94, 0x94, 0x94, 0x94, 0x94, 0x94, 0x94, 0x94, 0x94, 0x94, 0x94, 0x94, 0x94, 0x8A, 0x76, 0x5E,
    0x25, 0x39, 0x4B, 0x57, 0x5D, 0x5E, 0x5E, 0x5E, 0x5E, 0x7A, 0x96, 0xB2, 0xB2, 0x96, 0x7A, 0x5E, 0x5E, 0x5E, 0x5E, 0x5D, 0x57, 0x4B, 0x39, 0x25,
    0x24, 0x40, 0x5B, 0x76, 0x8F, 0xA4, 0xAC, 0xB2, 0xB8, 0xBF, 0xBB, 0xB4, 0xB2, 0xA8, 0xA1, 0x9B, 0x94, 0x8E, 0x88, 0x81, 0x7B, 0x73, 0x64, 0x50,
    0x66, 0x80, 0x9A, 0xB4, 0xB2, 0x98, 0x7E, 0x65, 0x73, 0x8E, 0xA9, 0xBC, 0xA1, 0x86, 0x6B, 0x62, 0x7D, 0x98, 0xB3, 0xB1, 0x96, 0x7B, 0x60, 0x45,
    0x24, 0x40, 0x5B, 0x76, 0x8F, 0xA4, 0xA8, 0xA8, 0xA8, 0xA8, 0xA8, 0xA8, 0xA8, 0xA8, 0xA8, 0xA8, 0xA8, 0xA8, 0xA4, 0x8F, 0x76, 0x5B, 0x40, 0x24,
    0x00, 0x00, 0x00, 0x00, 0x00, 0x00, 0x00, 0x00, 0x1B, 0x37, 0x53, 0x6F, 0x8B, 0xA7, 0xBD, 0xA1, 0x85, 0x69, 0x4D, 0x31, 0x15, 0x00, 0x00, 0x00,
    0x00, 0x05, 0x0C, 0x0E, 0x0F, 0x2B, 0x47, 0x63, 0x7F, 0x9B, 0xB7, 0xAC, 0x90, 0x74, 0x58, 0x3C, 0x20, 0x0E, 0x0E, 0x0E, 0x0E, 0x0C, 0x05, 0x00,
    0x02, 0x18, 0x2C, 0x3D, 0x4A, 0x51, 0x52, 0x52, 0x52, 0x52, 0x52, 0x52, 0x52, 0x52, 0x52, 0x52, 0x52, 0x52, 0x51, 0x4A, 0x3D, 0x2C, 0x18, 0x02,
    0x68, 0x83, 0x9D, 0xAF, 0xB0, 0xB0, 0xB0, 0xB0, 0xB0, 0xB0, 0xB0, 0xB0, 0xB0, 0xB0, 0xB0, 0xB0, 0xB0, 0xB0, 0xB0, 0xB0, 0xAF, 0x9D, 0x83, 0x68,
    0x35, 0x4C, 0x61, 0x71, 0x79, 0x7A, 0x7A, 0x7A, 0x7A, 0x7A, 0x96, 0xB2, 0xB2, 0x96, 0x7A, 0x7A, 0x7A, 0x7A, 0x7A, 0x79, 0x71, 0x61, 0x4C, 0x35,
    0x1D, 0x38, 0x51, 0x69, 0x7D, 0x8A, 0x90, 0x97, 0x9D, 0xA3, 0xAA, 0xB2, 0xB6, 0xBD, 0xBC, 0xB6, 0xB0, 0xA9, 0xA3, 0x9D, 0x96, 0x8C, 0x78, 0x5F,
    0x5C, 0x75, 0x8F, 0xA9, 0xBD, 0xA3, 0x89, 0x70, 0x7A, 0x95, 0xB0, 0xB5, 0x9A, 0x7F, 0x64, 0x6A, 0x85, 0xA0, 0xBB, 0xAA, 0x8F, 0x74, 0x59, 0x3E,
    0x1D, 0x38, 0x51, 0x69, 0x7D, 0x8A, 0x8C, 0x8C, 0x8C, 0x8C, 0x8C, 0x8C, 0x8C, 0x8C, 0x8C, 0x8C, 0x8C, 0x8C, 0x8A, 0x7D, 0x69, 0x51, 0x38, 0x1D,
    0x00, 0x00, 0x00, 0x00, 0x00, 0x00, 0x00, 0x00, 0x1B, 0x37, 0x53, 0x6F, 0x8B, 0xA7, 0xBD, 0xA1, 0x85, 0x69, 0x4D, 0x31, 0x15, 0x00, 0x00, 0x00,
    0x13, 0x1F, 0x27, 0x2A, 0x2A, 0x2B, 0x47, 0x63, 0x7F, 0x9B, 0xB7, 0xAC, 0x90, 0x74, 0x58, 0x3C, 0x2A, 0x2A, 0x2A, 0x2A, 0x2A, 0x27, 0x1F, 0x13,
    0x11, 0x29, 0x40, 0x54, 0x63, 0x6C, 0x6E, 0x6E, 0x6E, 0x6E, 0x6E, 0x6E, 0x6E, 0x6E, 0x6E, 0x6E, 0x6E, 0x6E, 0x6C, 0x63, 0x54, 0x40, 0x29, 0x11,
    0x68, 0x84, 0x9F, 0xB8, 0xB4, 0xB4, 0xB4, 0xB4, 0xB4, 0xB4, 0xB4, 0xB4, 0xB4, 0xB4, 0xB4, 0xB4, 0xB4, 0xB4, 0xB4, 0xB4, 0xB4, 0x9F, 0x84, 0x68,
    0x40, 0x5A, 0x73, 0x88, 0x95, 0x96, 0x96, 0x96, 0x96, 0x96, 0x96, 0xB2, 0xB2, 0x96, 0x96, 0x96, 0x96, 0x96, 0x96, 0x95, 0x88, 0x73, 0x5A, 0x40,
    0x12, 0x2B, 0x41, 0x55, 0x65, 0x6F, 0x75, 0x7B, 0x82, 0x88, 0x96, 0xB2, 0xB2, 0xA2, 0xA8, 0xAE, 0xB5, 0xBB, 0xBE, 0xB8, 0xB2, 0x9E, 0x83, 0x68,
    0x51, 0x6B, 0x84, 0x9E, 0xB8, 0xAE, 0x94, 0x7A, 0x82, 0x9D, 0xB8, 0xAD, 0x92, 0x77, 0x5C, 0x71, 0x8C, 0xA7, 0xBD, 0xA2, 0x87, 0x6C, 0x51, 0x36,
    0x12, 0x2B, 0x41, 0x55, 0x65, 0x6F, 0x70, 0x70, 0x70, 0x70, 0x70, 0x70, 0x70, 0x70, 0x70, 0x70, 0x70, 0x70, 0x6F, 0x65, 0x55, 0x41, 0x2B, 0x12,
    0x00, 0x00, 0x00, 0x00, 0x00, 0x00, 0x00, 0x00, 0x1B, 0x37, 0x53, 0x6F, 0x8B, 0xA7, 0xBD, 0xA1, 0x85, 0x69, 0x4D, 0x31, 0x15, 0x00, 0x00, 0x00,
    0x2B, 0x39, 0x42, 0x46, 0x46, 0x46, 0x47, 0x63, 0x7F, 0x9B, 0xB7, 0xAC, 0x90, 0x74, 0x58, 0x46, 0x46, 0x46, 0x46, 0x46, 0x46, 0x42, 0x39, 0x2B,
    0x1D, 0x37, 0x50, 0x67, 0x7B, 0x88, 0x8A, 0x8A, 0x8A, 0x8A, 0x8A, 0x8A, 0x8A, 0x8A, 0x8A, 0x8A, 0x8A, 0x8A, 0x88, 0x7B, 0x67, 0x50, 0x37, 0x1D,
    0x60, 0x7A, 0x93, 0xAC, 0xBA, 0xA1, 0x98, 0x98, 0x98, 0x98, 0x98, 0x98, 0x98, 0x98, 0x98, 0x98, 0x98, 0x98, 0x98, 0x98, 0x98, 0x8E, 0x79, 0x60,
    0x47, 0x62, 0x7E, 0x99, 0xB0, 0xB2, 0xB2, 0xB2, 0xB2, 0xB2, 0xB2, 0xB2, 0xB2, 0xB2, 0xB2, 0xB2, 0xB2, 0xB2, 0xB2, 0xB0, 0x99, 0x7E, 0x62, 0x47,
    0x04, 0x1A, 0x2E, 0x3F, 0x4C, 0x53, 0x5A, 0x60, 0x66, 0x7A, 0x96, 0xB2, 0xB2, 0x96, 0x8D, 0x93, 0x99, 0xA0, 0xA6, 0xAC, 0xB2, 0x9E, 0x83, 0x68,
    0x46, 0x60, 0x79, 0x93, 0xAD, 0xB9, 0x9F, 0x85, 0x89, 0xA4, 0xBF, 0xA6, 0x8B, 0x70, 0x5E, 0x79, 0x94, 0xAF, 0xB6, 0x9B, 0x80, 0x65, 0x4A, 0x2F,
    0x09, 0x1A, 0x2E, 0x3F, 0x4C, 0x53, 0x54, 0x54, 0x54, 0x54, 0x54, 0x54, 0x54, 0x54, 0x54, 0x54, 0x54, 0x54, 0x53, 0x4C, 0x3F, 0x2E, 0x1A, 0x09,
    0x00, 0x00, 0x00, 0x00, 0x00, 0x00, 0x00, 0x00, 0x1B, 0x37, 0x53, 0x6F, 0x8B, 0xA7, 0xBD, 0xA1, 0x85, 0x69, 0x4D, 0x31, 0x15, 0x00, 0x00, 0x00,
    0x40, 0x51, 0x5D, 0x62, 0x62, 0x62, 0x62, 0x63, 0x7F, 0x9B, 0xB7, 0xAC, 0x90, 0x74, 0x62, 0x62, 0x62, 0x62, 0x62, 0x62, 0x62, 0x5D, 0x51, 0x40,
    0x24, 0x3F, 0x5A, 0x75, 0x8E, 0xA2, 0xA6, 0xA6, 0xA6, 0xA6, 0xA6, 0xA6, 0xA6, 0xA6, 0xA6, 0xA6, 0xA6, 0xA6, 0xA2, 0x8E, 0x75, 0x5A, 0x3F, 0x24,
    0x54, 0x6E, 0x87, 0xA0, 0xB9, 0xAD, 0x94, 0x7C, 0x7C, 0x7C, 0x7C, 0x7C, 0x7C, 0x7C, 0x7C, 0x7C, 0x7C, 0x7C, 0x7C, 0x7C, 0x7C, 0x75, 0x66, 0x52,
    0x47, 0x62, 0x7E, 0x99, 0xB1, 0xB9, 0xB2, 0xB2, 0xB2, 0xB2, 0xB2, 0xB2, 0xB2, 0xB2, 0xB2, 0xB2, 0xB2, 0xB2, 0xB2, 0xB0, 0x99, 0x7E, 0x62, 0x47,
    0x00, 0x06, 0x18, 0x27, 0x31, 0x38, 0x3F, 0x45, 0x5E, 0x7A, 0x96, 0xB2, 0xB2, 0x96, 0x7A, 0x78, 0x7E, 0x84, 0x8B, 0x91, 0x96, 0x8C, 0x78, 0x5F,
    0x3B, 0x55, 0x6F, 0x88, 0xA2, 0xBC, 0xAA, 0x90, 0x91, 0xAC, 0xB9, 0x9E, 0x83, 0x68, 0x65, 0x80, 0x9B, 0xB6, 0xAE, 0x93, 0x78, 0x5D, 0x42, 0x27,
    0x21, 0x2F, 0x38, 0x3B, 0x3B, 0x3B, 0x3B, 0x3B, 0x3B, 0x3B, 0x3B, 0x3B, 0x3B, 0x3B, 0x3B, 0x3B, 0x3B, 0x3B, 0x3B, 0x3B, 0x3B, 0x38, 0x2F, 0x21,
    0x00, 0x00, 0x00, 0x00, 0x00, 0x00, 0x00, 0x00, 0x1B, 0x37, 0x53, 0x6F, 0x8B, 0xA7, 0xBD, 0xA1, 0x85, 0x69, 0x4D, 0x31, 0x15, 0x00, 0x00, 0x00,
    0x53, 0x68, 0x77, 0x7E, 0x7E, 0x7E, 0x7E, 0x7E, 0x7F, 0x9B, 0xB7, 0xAC, 0x90, 0x7E, 0x7E, 0x7E, 0x7E, 0x7E, 0x7E, 0x7E, 0x7E, 0x77, 0x68, 0x53,
    0x26, 0x42, 0x5E, 0x7A, 0x96, 0xB2, 0xBE, 0xBE, 0xBE, 0xBE, 0xBE, 0xBE, 0xBE, 0xBE, 0xBE, 0xBE, 0xBE, 0xBE, 0xB2, 0x96, 0x7A, 0x5E, 0x42, 0x26,
    0x48, 0x61, 0x7B, 0x94, 0xAD, 0xB9, 0xA0, 0x87, 0x6D, 0x60, 0x60, 0x60, 0x60, 0x60, 0x60, 0x60, 0x60, 0x60, 0x60, 0x60, 0x60, 0x5B, 0x4F, 0x3F,
    0x40, 0x5A, 0x73, 0x8A, 0xA0, 0xB6, 0xB3, 0x9D, 0x96, 0x96, 0x96, 0x96, 0x96, 0x96, 0x96, 0x96, 0x96, 0x96, 0x96, 0x95, 0x88, 0x73, 0x5A, 0x40,
    0x00, 0x00, 0x01, 0x0D, 0x16, 0x1D, 0x26, 0x42, 0x5E, 0x7A, 0x96, 0xB2, 0xB2, 0x96, 0x7A, 0x5E, 0x63, 0x69, 0x70, 0x76, 0x7A, 0x73, 0x64, 0x50,
    0x30, 0x4A, 0x64, 0x7D, 0x97, 0xB1, 0xB5, 0x9B, 0x98, 0xB3, 0xB2, 0x97, 0x7C, 0x61, 0x6D, 0x88, 0xA3, 0xBE, 0xA7, 0x8C, 0x71, 0x56, 0x3B, 0x20,
    0x38, 0x48, 0x53, 0x57, 0x57, 0x57, 0x57, 0x57, 0x57, 0x57, 0x57, 0x57, 0x57, 0x57, 0x57, 0x57, 0x57, 0x57, 0x57, 0x57, 0x57, 0x53, 0x48, 0x38,
    0x00, 0x00, 0x00, 0x00, 0x00, 0x00, 0x00, 0x00, 0x1B, 0x37, 0x53, 0x6F, 0x8B, 0xA7, 0xBD, 0xA1, 0x85, 0x69, 0x4D, 0x31, 0x15, 0x00, 0x00, 0x00,
    0x61, 0x7A, 0x8F, 0x9A, 0x9A, 0x9A, 0x9A, 0x9A, 0x9A, 0x9B, 0xB7, 0xAC, 0x9A, 0x9A, 0x9A, 0x9A, 0x9A, 0x9A, 0x9A, 0x9A, 0x9A, 0x8F, 0x7A, 0x61,
    0x23, 0x3E, 0x59, 0x74, 0x8C, 0x9F, 0xA2, 0xA2, 0xA2, 0xA2, 0xA2, 0xA2, 0xA2, 0xA2, 0xA2, 0xA2, 0xA2, 0xA2, 0x9F, 0x8C, 0x74, 0x59, 0x3E, 0x23,
    0x3C, 0x55, 0x6F, 0x88, 0xA1, 0xBA, 0xAC, 0x93, 0x79, 0x60, 0x47, 0x44, 0x44, 0x44, 0x44, 0x44, 0x44, 0x44, 0x44, 0x44, 0x44, 0x40, 0x37, 0x29,
    0x35, 0x4C, 0x62, 0x79, 0x8F, 0xA6, 0xBC, 0xAD, 0x97, 0x81, 0x7A, 0x7A, 0x7A, 0x7A, 0x7A, 0x7A, 0x7A, 0x7A, 0x7A, 0x79, 0x71, 0x61, 0x4C, 0x35,
    0x00, 0x00, 0x00, 0x00, 0x00, 0x0A, 0x26, 0x42, 0x5E, 0x7A, 0x96, 0xB2, 0xB2, 0x96, 0x7A, 0x5E, 0x48, 0x4E, 0x54, 0x5B, 0x5E, 0x59, 0x4E, 0x3D,
    0x25, 0x3F, 0x59, 0x73, 0x8C, 0xA6, 0xC0, 0xA6, 0xA0, 0xBB, 0xAA, 0x8F, 0x74, 0x59, 0x74, 0x8F, 0xAA, 0xBA, 0x9F, 0x84, 0x69, 0x4E, 0x33, 0x18,
    0x4C, 0x5F, 0x6D, 0x73, 0x73, 0x73, 0x73, 0x73, 0x73, 0x73, 0x73, 0x73, 0x73, 0x73, 0x73, 0x73, 0x73, 0x73, 0x73, 0x73, 0x73, 0x6D, 0x5F, 0x4C,
    0x00, 0x00, 0x00, 0x00, 0x00, 0x00, 0x00, 0x00, 0x1B, 0x37, 0x53, 0x6F, 0x8B, 0xA7, 0xBD, 0xA1, 0x85, 0x69, 0x4D, 0x31, 0x15, 0x00, 0x00, 0x00,
    0x69, 0x84, 0xA0, 0xB6, 0xB6, 0xB6, 0xB6, 0xB6, 0xB6, 0xB6, 0xB7, 0xB6, 0xB6, 0xB6, 0xB6, 0xB6, 0xB6, 0xB6, 0xB6, 0xB6, 0xB6, 0xA0, 0x84, 0x69,
    0x1B, 0x35, 0x4E, 0x65, 0x78, 0x84, 0x86, 0x86, 0x86, 0x86, 0x86, 0x86, 0x86, 0x86, 0x86, 0x86, 0x86, 0x86, 0x84, 0x78, 0x65, 0x4E, 0x35, 0x1B,
    0x30, 0x49, 0x63, 0x7C, 0x95, 0xAE, 0xB8, 0x9F, 0x85, 0x6C, 0x53, 0x3A, 0x28, 0x28, 0x28, 0x28, 0x28, 0x28, 0x28, 0x28, 0x28, 0x25, 0x1D, 0x11,
    0x25, 0x3B, 0x52, 0x68, 0x7E, 0x95, 0xAB, 0xBE, 0xA8, 0x91, 0x7B, 0x65, 0x5E, 0x5E, 0x5E, 0x5E, 0x5E, 0x5E, 0x5E, 0x5D, 0x57, 0x4B, 0x39, 0x25,
    0x00, 0x00, 0x00, 0x00, 0x00, 0x0A, 0x26, 0x42, 0x5E, 0x7A, 0x96, 0xB2, 0xB2, 0x96, 0x7A, 0x5E, 0x42, 0x33, 0x39, 0x3F, 0x42, 0x3E, 0x35, 0x27,
    0x1A, 0x34, 0x4E, 0x68, 0x81, 0x9B, 0xB5, 0xB1, 0x9C, 0xAD, 0xA1, 0x88, 0x6D, 0x61, 0x7C, 0x97, 0xB2, 0xB3, 0x98, 0x7D, 0x62, 0x47, 0x2C, 0x11,
    0x5C, 0x73, 0x86, 0x8F, 0x8F, 0x8F, 0x8F, 0x8F, 0x8F, 0x8F, 0x8F, 0x8F, 0x8F, 0x8F, 0x8F, 0x8F, 0x8F, 0x8F, 0x8F, 0x8F, 0x8F, 0x86, 0x73, 0x5C,
    0x00, 0x00, 0x00, 0x00, 0x00, 0x00, 0x00, 0x00, 0x1B, 0x37, 0x53, 0x6F, 0x8B, 0xA7, 0xBD, 0xA1, 0x85, 0x69, 0x4D, 0x31, 0x15, 0x00, 0x00, 0x00,
    0x67, 0x82, 0x9C, 0xAD, 0xAD, 0xAD, 0xAD, 0xAD, 0xAD, 0xAD, 0xB7, 0xAD, 0xAD, 0xAD, 0xAD, 0xAD, 0xAD, 0xAD, 0xAD, 0xAD, 0xAD, 0x9C, 0x82, 0x67,
    0x10, 0x27, 0x3E, 0x51, 0x60, 0x69, 0x6A, 0x6A, 0x6A, 0x6A, 0x6A, 0x6A, 0x6A, 0x6A, 0x6A, 0x6A, 0x6A, 0x6A, 0x69, 0x60, 0x51, 0x3E, 0x27, 0x10,
    0x24, 0x3D, 0x57, 0x70, 0x89, 0xA2, 0xBC, 0xAB, 0x92, 0x78, 0x5F, 0x46, 0x2D, 0x13, 0x0C, 0x0C, 0x0C, 0x0C, 0x0C, 0x0C, 0x0C, 0x09, 0x03, 0x00,
    0x14, 0x2A, 0x41, 0x57, 0x6E, 0x84, 0x9A, 0xB1, 0xB9, 0xA2, 0x8C, 0x75, 0x5F, 0x49, 0x42, 0x42, 0x42, 0x42, 0x42, 0x42, 0x3D, 0x32, 0x24, 0x12,
    0x00, 0x01, 0x07, 0x0A, 0x0A, 0x0A, 0x26, 0x42, 0x5E, 0x7A, 0x96, 0xB2, 0xB2, 0x96, 0x7A, 0x5E, 0x42, 0x26, 0x1E, 0x24, 0x26, 0x23, 0x1B, 0x0F,
    0x0F, 0x29, 0x43, 0x5D, 0x76, 0x90, 0xAA, 0xBC, 0xA2, 0x91, 0x8B, 0x79, 0x62, 0x63, 0x7F, 0x9B, 0xB5, 0xAB, 0x90, 0x75, 0x5A, 0x3F, 0x24, 0x09,
    0x67, 0x81, 0x9B, 0xAB, 0xAB, 0xAB, 0xAB, 0xAB, 0xAB, 0xAB, 0xAB, 0xAB, 0xAB, 0xAB, 0xAB, 0xAB, 0xAB, 0xAB, 0xAB, 0xAB, 0xAB, 0x9B, 0x81, 0x67,
    0x00, 0x00, 0x00, 0x00, 0x00, 0x00, 0x00, 0x04, 0x1B, 0x37, 0x53, 0x6F, 0x8B, 0xA7, 0xBD, 0xA1, 0x85, 0x69, 0x4D, 0x31, 0x15, 0x00, 0x00, 0x00,
    0x5D, 0x75, 0x88, 0x91, 0x91, 0x91, 0x91, 0x91, 0x91, 0x9B, 0xB7, 0xAC, 0x91, 0x91, 0x91, 0x91, 0x91, 0x91, 0x91, 0x91, 0x91, 0x88, 0x75, 0x5D,
    0x00, 0x16, 0x2A, 0x3A, 0x47, 0x4D, 0x4E, 0x4E, 0x4E, 0x4E, 0x4E, 0x4E, 0x4E, 0x4E, 0x4E, 0x4E, 0x4E, 0x4E, 0x4D, 0x47, 0x3A, 0x2A, 0x16, 0x00,
    0x18, 0x31, 0x4A, 0x64, 0x7D, 0x96, 0xB0, 0xB7, 0x9E, 0x84, 0x6B, 0x52, 0x39, 0x1F, 0x06, 0x00, 0x00, 0x00, 0x00, 0x00, 0x00, 0x00, 0x00, 0x00,
    0x03, 0x1A, 0x30, 0x46, 0x5D, 0x73, 0x8A, 0xA0, 0xB6, 0xB3, 0x9D, 0x86, 0x70, 0x59, 0x43, 0x2D, 0x26, 0x26, 0x26, 0x26, 0x22, 0x19, 0x0C, 0x00,
    0x0F, 0x1B, 0x23, 0x26, 0x26, 0x26, 0x26, 0x42, 0x5E, 0x7A, 0x96, 0xB2, 0xB2, 0x96, 0x7A, 0x5E, 0x42, 0x26, 0x26, 0x26, 0x26, 0x23, 0x1B, 0x0F,
    0x04, 0x1E, 0x38, 0x52, 0x6C, 0x85, 0x9F, 0xB9, 0xAD, 0x93, 0x79, 0x64, 0x52, 0x5D, 0x77, 0x8E, 0x9D, 0x98, 0x85, 0x6D, 0x53, 0x38, 0x1D, 0x02,
    0x69, 0x85, 0xA0, 0xB8, 0xB9, 0xB9, 0xB9, 0xB9, 0xB9, 0xB9, 0xB9, 0xB9, 0xB9, 0xB9, 0xB9, 0xB9, 0xB9, 0xB9, 0xB9, 0xB9, 0xB8, 0xA0, 0x85, 0x69,
    0x00, 0x00, 0x00, 0x00, 0x00, 0x00, 0x01, 0x16, 0x2C, 0x41, 0x57, 0x6F, 0x8B, 0xA7, 0xBD, 0xA1, 0x85, 0x69, 0x4D, 0x31, 0x15, 0x00, 0x00, 0x00,
    0x4D, 0x61, 0x6F, 0x75, 0x75, 0x75, 0x75, 0x75, 0x7F, 0x9B, 0xB7, 0xAC, 0x90, 0x75, 0x75, 0x75, 0x75, 0x75, 0x75, 0x75, 0x75, 0x6F, 0x61, 0x4D,
    0x00, 0x02, 0x14, 0x22, 0x2C, 0x31, 0x32, 0x32, 0x32, 0x32, 0x32, 0x32, 0x32, 0x32, 0x32, 0x32, 0x32, 0x32, 0x31, 0x2C, 0x22, 0x14, 0x02, 0x00,
    0x0C, 0x25, 0x3E, 0x58, 0x71, 0x8A, 0xA3, 0xBD, 0xAA, 0x90, 0x77, 0x5E, 0x45, 0x2B, 0x12, 0x00, 0x00, 0x00, 0x00, 0x00, 0x00, 0x00, 0x00, 0x00,
    0x00, 0x09, 0x1F, 0x36, 0x4C, 0x62, 0x79, 0x8F, 0xA6, 0xBC, 0xAD, 0x97, 0x81, 0x6A, 0x54, 0x3D, 0x27, 0x11, 0x0A, 0x0A, 0x06, 0x00, 0x00, 0x00,
    0x27, 0x35, 0x3E, 0x42, 0x42, 0x42, 0x42, 0x42, 0x5E, 0x7A, 0x96, 0xB2, 0xB2, 0x96, 0x7A, 0x5E, 0x42, 0x42, 0x42, 0x42, 0x42, 0x3E, 0x35, 0x27,
    0x00, 0x13, 0x2D, 0x47, 0x61, 0x7A, 0x94, 0xAE, 0xB8, 0x9E, 0x84, 0x6A, 0x51, 0x50, 0x66, 0x78, 0x81, 0x7F, 0x72, 0x5E, 0x47, 0x2E, 0x15, 0x00,
    0x62, 0x7B, 0x91, 0x9C, 0x9D, 0x9D, 0x9D, 0x9D, 0x9D, 0x9D, 0x9D, 0xB2, 0xB2, 0x9D, 0x9D, 0x9D, 0x9D, 0x9D, 0x9D, 0x9D, 0x9C, 0x91, 0x7B, 0x62,
    0x00, 0x00, 0x00, 0x00, 0x00, 0x00, 0x13, 0x28, 0x3E, 0x53, 0x69, 0x7E, 0x94, 0xA9, 0xBD, 0xA1, 0x85, 0x69, 0x4D, 0x31, 0x15, 0x00, 0x00, 0x00,
    0x3A, 0x4A, 0x55, 0x59, 0x59, 0x59, 0x59, 0x63, 0x7F, 0x9B, 0xB7, 0xAC, 0x90, 0x74, 0x59, 0x59, 0x59, 0x59, 0x59, 0x59, 0x59, 0x55, 0x4A, 0x3A,
    0x00, 0x00, 0x00, 0x08, 0x11, 0x16, 0x16, 0x16, 0x16, 0x16, 0x16, 0x16, 0x16, 0x16, 0x16, 0x16, 0x16, 0x16, 0x16, 0x11, 0x08, 0x00, 0x00, 0x00,
    0x00, 0x19, 0x32, 0x4C, 0x65, 0x7E, 0x97, 0xB1, 0xB6, 0x9D, 0x83, 0x6A, 0x51, 0x37, 0x1E, 0x19, 0x18, 0x11, 0x07, 0x00, 0x00, 0x00, 0x00, 0x00,
    0x00, 0x00, 0x0E, 0x25, 0x3B, 0x52, 0x68, 0x7E, 0x95, 0xAB, 0xBE, 0xA8, 0x91, 0x7B, 0x65, 0x4E, 0x38, 0x21, 0x0B, 0x00, 0x00, 0x00, 0x00, 0x00,
    0x3D, 0x4E, 0x59, 0x5E, 0x5E, 0x5E, 0x5E, 0x5E, 0x5E, 0x7A, 0x96, 0xB2, 0xB2, 0x96, 0x7A, 0x5E, 0x5E, 0x5E, 0x5E, 0x5E, 0x5E, 0x59, 0x4E, 0x3D,
    0x00, 0x08, 0x22, 0x3C, 0x56, 0x70, 0x89, 0xA3, 0xBD, 0xA9, 0x8F, 0x75, 0x5C, 0x42, 0x51, 0x5F, 0x65, 0x64, 0x5A, 0x4A, 0x37, 0x20, 0x09, 0x00,
    0x54, 0x69, 0x79, 0x80, 0x81, 0x81, 0x81, 0x81, 0x81, 0x81, 0x96, 0xB2, 0xB2, 0x96, 0x81, 0x81, 0x81, 0x81, 0x81, 0x81, 0x80, 0x79, 0x69, 0x54,
    0x00, 0x00, 0x00, 0x00, 0x00, 0x0F, 0x25, 0x3A, 0x50, 0x65, 0x7B, 0x90, 0xA6, 0xBB, 0xBD, 0xA1, 0x85, 0x69, 0x4D, 0x31, 0x15, 0x00, 0x00, 0x00,
    0x23, 0x31, 0x3A, 0x3D, 0x3D, 0x3D, 0x47, 0x63, 0x7F, 0x9B, 0xB7, 0xAC, 0x90, 0x74, 0x58, 0x3D, 0x3D, 0x3D, 0x3D, 0x3D, 0x3D, 0x3A, 0x31, 0x23,
    0x00, 0x00, 0x00, 0x00, 0x00, 0x00, 0x00, 0x00, 0x00, 0x00, 0x00, 0x00, 0x00, 0x00, 0x00, 0x00, 0x00, 0x00, 0x00, 0x00, 0x00, 0x00, 0x00, 0x00,
    0x00, 0x0D, 0x26, 0x40, 0x59, 0x72, 0x8B, 0xA5, 0xBE, 0xA9, 0x8F, 0x76, 0x5D, 0x44, 0x32, 0x35, 0x33, 0x2C, 0x1F, 0x10, 0x00, 0x00, 0x00, 0x00,
    0x00, 0x00, 0x00, 0x14, 0x2A, 0x41, 0x57, 0x6E, 0x84, 0x9A, 0xB1, 0xB9, 0xA2, 0x8C, 0x75, 0x5F, 0x49, 0x32, 0x1C, 0x05, 0x00, 0x00, 0x00, 0x00,
    0x50, 0x64, 0x73, 0x7A, 0x7A, 0x7A, 0x7A, 0x7A, 0x7A, 0x7A, 0x96, 0xB2, 0xB2, 0x96, 0x7A, 0x7A, 0x7A, 0x7A, 0x7A, 0x7A, 0x7A, 0x73, 0x64, 0x50,
    0x00, 0x00, 0x17, 0x31, 0x4B, 0x65, 0x7E, 0x98, 0xB2, 0xB4, 0x9A, 0x80, 0x66, 0x4D, 0x39, 0x44, 0x49, 0x48, 0x40, 0x34, 0x23, 0x0F, 0x00, 0x00,
    0x42, 0x53, 0x60, 0x65, 0x65, 0x65, 0x65, 0x65, 0x65, 0x7A, 0x96, 0xB2, 0xB2, 0x96, 0x7A, 0x65, 0x65, 0x65, 0x65, 0x65, 0x65, 0x60, 0x53, 0x42,
    0x00, 0x00, 0x00, 0x00, 0x0C, 0x21, 0x37, 0x4C, 0x62, 0x77, 0x8D, 0xA2, 0xB8, 0xB3, 0xBD, 0xA1, 0x85, 0x69, 0x4D, 0x31, 0x15, 0x00, 0x00, 0x00,
    0x0B, 0x17, 0x1E, 0x21, 0x21, 0x2B, 0x47, 0x63, 0x7F, 0x9B, 0xB7, 0xAC, 0x90, 0x74, 0x58, 0x3C, 0x21, 0x21, 0x21, 0x21, 0x21, 0x1E, 0x17, 0x0B,
    0x00, 0x00, 0x00, 0x00, 0x00, 0x00, 0x00, 0x00, 0x00, 0x00, 0x00, 0x00, 0x00, 0x00, 0x00, 0x00, 0x00, 0x00, 0x00, 0x00, 0x00, 0x00, 0x00, 0x00,
    0x00, 0x01, 0x1A, 0x33, 0x4D, 0x66, 0x7F, 0x98, 0xB2, 0xB5, 0x9B, 0x82, 0x69, 0x50, 0x4D, 0x51, 0x4F, 0x45, 0x37, 0x25, 0x10, 0x00, 0x00, 0x00,
    0x00, 0x00, 0x00, 0x03, 0x1A, 0x30, 0x46, 0x5D, 0x73, 0x8A, 0xA0, 0xB6, 0xB3, 0x9D, 0x86, 0x70, 0x59, 0x43, 0x2D, 0x16, 0x00, 0x00, 0x00, 0x00,
    0x5F, 0x78, 0x8C, 0x96, 0x96, 0x96, 0x96, 0x96, 0x96, 0x96, 0x96, 0xB2, 0xB2, 0x96, 0x96, 0x96, 0x96, 0x96, 0x96, 0x96, 0x96, 0x8C, 0x78, 0x5F,
    0x00, 0x00, 0x0C, 0x26, 0x40, 0x5A, 0x74, 0x8D, 0xA7, 0xBF, 0xA5, 0x8B, 0x71, 0x58, 0x3E, 0x29, 0x2D, 0x2C, 0x26, 0x1B, 0x0D, 0x00, 0x00, 0x00,
    0x2C, 0x3B, 0x45, 0x49, 0x49, 0x49, 0x49, 0x49, 0x5E, 0x7A, 0x96, 0xB2, 0xB2, 0x96, 0x7A, 0x5E, 0x49, 0x49, 0x49, 0x49, 0x49, 0x45, 0x3B, 0x2C,
    0x00, 0x00, 0x00, 0x08, 0x1D, 0x33, 0x48, 0x5E, 0x73, 0x89, 0x9E, 0xB4, 0xB6, 0xA7, 0xBD, 0xA1, 0x85, 0x69, 0x4D, 0x31, 0x15, 0x00, 0x00, 0x00,
    0x00, 0x00, 0x03, 0x05, 0x0F, 0x2B, 0x47, 0x63, 0x7F, 0x9B, 0xB7, 0xAC, 0x90, 0x74, 0x58, 0x3C, 0x20, 0x05, 0x05, 0x05, 0x05, 0x03, 0x00, 0x00,
    0x00, 0x00, 0x00, 0x00, 0x00, 0x00, 0x00, 0x00, 0x00, 0x00, 0x00, 0x00, 0x00, 0x00, 0x00, 0x00, 0x00, 0x00, 0x00, 0x00, 0x00, 0x00, 0x00, 0x00,
    0x00, 0x00, 0x0E, 0x27, 0x41, 0x5A, 0x73, 0x8C, 0xA6, 0xBF, 0xA7, 0x8E, 0x75, 0x5C, 0x68, 0x6D, 0x6A, 0x5E, 0x4C, 0x37, 0x20, 0x07, 0x00, 0x00,
    0x00, 0x00, 0x00, 0x00, 0x09, 0x1F, 0x36, 0x4C, 0x62, 0x7A, 0x96, 0xB2, 0xBC, 0xAD, 0x97, 0x81, 0x6A, 0x54, 0x3D, 0x27, 0x11, 0x00, 0x00, 0x00,
    0x68, 0x83, 0x9E, 0xB2, 0xB2, 0xB2, 0xB2, 0xB2, 0xB2, 0xB2, 0xB2, 0xB2, 0xB2, 0xB2, 0xB2, 0xB2, 0xB2, 0xB2, 0xB2, 0xB2, 0xB2, 0x9E, 0x83, 0x68,
    0x00, 0x00, 0x02, 0x1B, 0x35, 0x4F, 0x69, 0x82, 0x9C, 0xB6, 0xB0, 0x96, 0x7C, 0x62, 0x49, 0x2F, 0x15, 0x11, 0x0B, 0x02, 0x00, 0x00, 0x00, 0x00,
    0x15, 0x21, 0x29, 0x2D, 0x2D, 0x2D, 0x2D, 0x42, 0x5E, 0x7A, 0x96, 0xB2, 0xB2, 0x96, 0x7A, 0x5E, 0x42, 0x2D, 0x2D, 0x2D, 0x2D, 0x29, 0x21, 0x15,
    0x00, 0x00, 0x04, 0x1A, 0x2F, 0x45, 0x5A, 0x70, 0x85, 0x9B, 0xB0, 0xBA, 0xA4, 0xA7, 0xBD, 0xA1, 0x85, 0x69, 0x4D, 0x31, 0x15, 0x00, 0x00, 0x00,
    0x00, 0x00, 0x00, 0x00, 0x0F, 0x2B, 0x47, 0x63, 0x7F, 0x9B, 0xB7, 0xAC, 0x90, 0x74, 0x58, 0x3C, 0x20, 0x04, 0x00, 0x00, 0x00, 0x00, 0x00, 0x00,
    0x00, 0x00, 0x00, 0x00, 0x00, 0x00, 0x00, 0x00, 0x00, 0x00, 0x00, 0x00, 0x00, 0x00, 0x00, 0x00, 0x00, 0x00, 0x00, 0x00, 0x00, 0x00, 0x00, 0x00,
    0x00, 0x00, 0x02, 0x1B, 0x35, 0x4E, 0x67, 0x80, 0x9A, 0xB3, 0xB4, 0x9A, 0x81, 0x70, 0x81, 0x89, 0x84, 0x74, 0x5E, 0x46, 0x2C, 0x12, 0x00, 0x00,
    0x00, 0x00, 0x00, 0x00, 0x00, 0x0E, 0x26, 0x42, 0x5E, 0x7A, 0x96, 0xB2, 0xB2, 0xBE, 0xA8, 0x91, 0x7B, 0x65, 0x4E, 0x38, 0x21, 0x0B, 0x00, 0x00,
    0x68, 0x83, 0x9E, 0xB2, 0xB2, 0xB2, 0xB2, 0xB2, 0xB2, 0xB2, 0xB2, 0xB2, 0xB2, 0xB2, 0xB2, 0xB2, 0xB2, 0xB2, 0xB2, 0xB2, 0xB2, 0x9E, 0x83, 0x68,
    0x00, 0x00, 0x00, 0x10, 0x2A, 0x44, 0x5E, 0x78, 0x91, 0xAB, 0xBB, 0xA1, 0x87, 0x6D, 0x54, 0x3A, 0x20, 0x06, 0x00, 0x00, 0x00, 0x00, 0x00, 0x00,
    0x00, 0x07, 0x0E, 0x11, 0x11, 0x11, 0x26, 0x42, 0x5E, 0x7A, 0x96, 0xB2, 0xB2, 0x96, 0x7A, 0x5E, 0x42, 0x26, 0x11, 0x11, 0x11, 0x0E, 0x07, 0x00,
    0x00, 0x01, 0x16, 0x2C, 0x41, 0x57, 0x6C, 0x82, 0x97, 0xAD, 0xBD, 0xA8, 0x92, 0xA7, 0xBD, 0xA1, 0x85, 0x69, 0x4D, 0x31, 0x15, 0x00, 0x00, 0x00,
    0x00, 0x00, 0x00, 0x00, 0x0F, 0x2B, 0x47, 0x63, 0x7F, 0x9B, 0xB7, 0xAC, 0x90, 0x74, 0x58, 0x3C, 0x20, 0x04, 0x00, 0x00, 0x00, 0x00, 0x00, 0x00,
    0x00, 0x00, 0x00, 0x00, 0x00, 0x00, 0x00, 0x00, 0x00, 0x00, 0x00, 0x00, 0x00, 0x00, 0x00, 0x00, 0x00, 0x00, 0x00, 0x00, 0x00, 0x00, 0x00, 0x00,
    0x00, 0x00, 0x00, 0x0F, 0x28, 0x42, 0x5B, 0x74, 0x8E, 0xA7, 0xC0, 0xA6, 0x8D, 0x83, 0x97, 0xA5, 0x9B, 0x84, 0x6A, 0x50, 0x34, 0x19, 0x00, 0x00,
    0x00, 0x00, 0x02, 0x04, 0x04, 0x0A, 0x26, 0x42, 0x5E, 0x7A, 0x96, 0xB2, 0xB2, 0xB1, 0xB9, 0xA2, 0x8C, 0x75, 0x5F, 0x49, 0x32, 0x1C, 0x05, 0x00,
    0x5F, 0x78, 0x8C, 0x96, 0x96, 0x96, 0x96, 0x96, 0x96, 0x96, 0x96, 0xB2, 0xB2, 0x96, 0x96, 0x96, 0x96, 0x96, 0x96, 0x96, 0x96, 0x8C, 0x78, 0x5F,
    0x00, 0x00, 0x00, 0x06, 0x1F, 0x39, 0x53, 0x6D, 0x86, 0xA0, 0xBA, 0xAC, 0x92, 0x78, 0x5E, 0x45, 0x2B, 0x11, 0x00, 0x00, 0x00, 0x00, 0x00, 0x00,
    0x00, 0x00, 0x00, 0x00, 0x00, 0x0A, 0x26, 0x42, 0x5E, 0x7A, 0x96, 0xB2, 0xB2, 0x96, 0x7A, 0x5E, 0x42, 0x26, 0x0A, 0x00, 0x00, 0x00, 0x00, 0x00,
    0x00, 0x13, 0x28, 0x3E, 0x53, 0x69, 0x7E, 0x94, 0xA9, 0xBF, 0xAB, 0x96, 0x8B, 0xA7, 0xBD, 0xA1, 0x85, 0x69, 0x4D, 0x31, 0x15, 0x00, 0x00, 0x00,
    0x00, 0x00, 0x00, 0x00, 0x0F, 0x2B, 0x47, 0x63, 0x7F, 0x9B, 0xB7, 0xAC, 0x90, 0x74, 0x58, 0x3F, 0x26, 0x0E, 0x00, 0x00, 0x00, 0x00, 0x00, 0x00,
    0x00, 0x00, 0x00, 0x00, 0x00, 0x00, 0x00, 0x00, 0x00, 0x00, 0x00, 0x00, 0x00, 0x00, 0x00, 0x00, 0x00, 0x00, 0x00, 0x00, 0x00, 0x00, 0x00, 0x00,
    0x00, 0x00, 0x00, 0x03, 0x1C, 0x36, 0x4F, 0x68, 0x81, 0x9B, 0xB4, 0xB2, 0x99, 0x95, 0xAA, 0xBF, 0xA7, 0x8B, 0x6F, 0x53, 0x37, 0x1B, 0x00, 0x00,
    0x0A, 0x16, 0x1D, 0x20, 0x20, 0x20, 0x26, 0x42, 0x5E, 0x7A, 0x96, 0xB2, 0xB2, 0xA0, 0xB6, 0xB3, 0x9D, 0x86, 0x70, 0x59, 0x43, 0x2D, 0x16, 0x00,
    0x50, 0x64, 0x73, 0x7A, 0x7A, 0x7A, 0x7A, 0x7A, 0x7A, 0x7A, 0x96, 0xB2, 0xB2, 0x96, 0x7A, 0x7A, 0x7A, 0x7A, 0x7A, 0x7A, 0x7A, 0x73, 0x64, 0x50,
    0x00, 0x00, 0x00, 0x00, 0x14, 0x2E, 0x48, 0x62, 0x7C, 0x95, 0xAF, 0xB7, 0x9D, 0x83, 0x69, 0x50, 0x36, 0x1C, 0x02, 0x00, 0x00, 0x00, 0x00, 0x00,
    0x00, 0x00, 0x00, 0x00, 0x00, 0x0A, 0x26, 0x42, 0x5E, 0x7A, 0x96, 0xB2, 0xB2, 0x96, 0x7A, 0x5E, 0x42, 0x26, 0x0A, 0x00, 0x00, 0x00, 0x00, 0x00,
    0x0F, 0x25, 0x3A, 0x50, 0x65, 0x7B, 0x90, 0xA6, 0xBB, 0xAF, 0x99, 0x84, 0x8B, 0xA7, 0xBD, 0xA1, 0x85, 0x69, 0x4D, 0x31, 0x15, 0x00, 0x00, 0x00,
    0x00, 0x00, 0x00, 0x00, 0x0F, 0x2B, 0x47, 0x63, 0x7F, 0x9B, 0xB7, 0xB0, 0x97, 0x7E, 0x65, 0x4C, 0x33, 0x1A, 0x01, 0x00, 0x00, 0x00, 0x00, 0x00,
    0x00, 0x00, 0x00, 0x00, 0x00, 0x00, 0x00, 0x00, 0x00, 0x00, 0x00, 0x00, 0x00, 0x00, 0x00, 0x00, 0x00, 0x00, 0x00, 0x00, 0x00, 0x00, 0x00, 0x00,
    0x00, 0x00, 0x00, 0x00, 0x10, 0x2A, 0x43, 0x5C, 0x75, 0x8F, 0xA8, 0xBF, 0xA5, 0xA8, 0xBD, 0xAE, 0x99, 0x83, 0x69, 0x4F, 0x33, 0x18, 0x00, 0x00,
    0x22, 0x30, 0x39, 0x3C, 0x3C, 0x3C, 0x3C, 0x42, 0x5E, 0x7A, 0x96, 0xB2, 0xB2, 0x96, 0xA6, 0xBC, 0xAD, 0x97, 0x81, 0x6A, 0x54, 0x3D, 0x27, 0x11,
    0x3D, 0x4E, 0x59, 0x5E, 0x5E, 0x5E, 0x5E, 0x5E, 0x5E, 0x7A, 0x96, 0xB2, 0xB2, 0x96, 0x7A, 0x5E, 0x5E, 0x5E, 0x5E, 0x5E, 0x5E, 0x59, 0x4E, 0x3D,
    0x00, 0x00, 0x00, 0x00, 0x0A, 0x23, 0x3D, 0x57, 0x71, 0x8A, 0xA4, 0xBE, 0xA8, 0x8E, 0x74, 0x5A, 0x41, 0x27, 0x0D, 0x00, 0x00, 0x00, 0x00, 0x00,
    0x00, 0x00, 0x00, 0x00, 0x00, 0x0A, 0x26, 0x42, 0x5E, 0x7A, 0x96, 0xB2, 0xB2, 0x96, 0x7A, 0x5E, 0x42, 0x26, 0x0A, 0x00, 0x00, 0x00, 0x00, 0x00,
    0x21, 0x37, 0x4C, 0x62, 0x77, 0x8D, 0xA2, 0xB8, 0xB3, 0x9D, 0x88, 0x72, 0x8B, 0xA7, 0xBD, 0xA1, 0x85, 0x69, 0x4D, 0x31, 0x15, 0x00, 0x00, 0x00,
    0x00, 0x00, 0x00, 0x00, 0x0D, 0x28, 0x44, 0x5E, 0x78, 0x91, 0xAA, 0xBD, 0xA4, 0x8B, 0x72, 0x59, 0x40, 0x27, 0x0E, 0x00, 0x00, 0x00, 0x00, 0x00,
    0x00, 0x00, 0x00, 0x00, 0x00, 0x00, 0x00, 0x00, 0x00, 0x00, 0x00, 0x00, 0x00, 0x00, 0x00, 0x00, 0x00, 0x00, 0x00, 0x00, 0x00, 0x00, 0x00, 0x00,
    0x00, 0x00, 0x00, 0x00, 0x04, 0x1E, 0x37, 0x50, 0x69, 0x83, 0x9C, 0xB5, 0xB1, 0xBB, 0xB0, 0x9B, 0x86, 0x72, 0x5C, 0x44, 0x2B, 0x11, 0x00, 0x00,
    0x39, 0x49, 0x54, 0x58, 0x58, 0x58, 0x58, 0x58, 0x5E, 0x7A, 0x96, 0xB2, 0xB2, 0x96, 0x95, 0xAB, 0xBE, 0xA8, 0x91, 0x7B, 0x65, 0x4E, 0x38, 0x21,
    0x27, 0x35, 0x3E, 0x42, 0x42, 0x42, 0x42, 0x42, 0x5E, 0x7A, 0x96, 0xB2, 0xB2, 0x96, 0x7C, 0x63, 0x49, 0x42, 0x42, 0x42, 0x42, 0x3E, 0x35, 0x27,
    0x00, 0x00, 0x00, 0x00, 0x00, 0x18, 0x32, 0x4C, 0x66, 0x80, 0x99, 0xB3, 0xB3, 0x99, 0x7F, 0x65, 0x4C, 0x32, 0x18, 0x00, 0x00, 0x00, 0x00, 0x00,
    0x00, 0x00, 0x00, 0x00, 0x00, 0x0A, 0x26, 0x42, 0x5E, 0x7A, 0x96, 0xB2, 0xB2, 0x96, 0x7C, 0x63, 0x49, 0x2F, 0x15, 0x00, 0x00, 0x00, 0x00, 0x00,
    0x32, 0x48, 0x5E, 0x73, 0x89, 0x9E, 0xB4, 0xB6, 0xA1, 0x8B, 0x76, 0x6F, 0x8B, 0xA7, 0xBD, 0xA1, 0x85, 0x69, 0x4D, 0x31, 0x15, 0x00, 0x00, 0x00,
    0x00, 0x00, 0x00, 0x00, 0x06, 0x20, 0x3A, 0x53, 0x6C, 0x85, 0x9D, 0xB6, 0xB0, 0x98, 0x7F, 0x66, 0x4D, 0x34, 0x1B, 0x02, 0x00, 0x00, 0x00, 0x00,
    0x00, 0x00, 0x00, 0x00, 0x00, 0x00, 0x00, 0x00, 0x00, 0x00, 0x00, 0x00, 0x00, 0x00, 0x00, 0x00, 0x00, 0x00, 0x00, 0x00, 0x00, 0x00, 0x00, 0x00,
    0x00, 0x00, 0x00, 0x00, 0x14, 0x28, 0x3D, 0x52, 0x66, 0x7B, 0x90, 0xA9, 0xBD, 0xB2, 0x9D, 0x88, 0x74, 0x5F, 0x4A, 0x35, 0x1E, 0x06, 0x00, 0x00,
    0x4D, 0x60, 0x6E, 0x74, 0x74, 0x74, 0x74, 0x74, 0x74, 0x7A, 0x96, 0xB2, 0xB2, 0x96, 0x84, 0x9A, 0xB1, 0xB9, 0xA2, 0x8C, 0x75, 0x5F, 0x49, 0x32,
    0x0F, 0x1B, 0x23, 0x26, 0x26, 0x26, 0x26, 0x40, 0x5C, 0x77, 0x92, 0xAB, 0xBB, 0xA1, 0x87, 0x6E, 0x54, 0x3A, 0x26, 0x26, 0x26, 0x23, 0x1B, 0x0F,
    0x00, 0x00, 0x00, 0x00, 0x00, 0x0E, 0x27, 0x41, 0x5B, 0x75, 0x8E, 0xA8, 0xBE, 0xA4, 0x8A, 0x70, 0x56, 0x3D, 0x23, 0x09, 0x00, 0x00, 0x00, 0x00,
    0x00, 0x00, 0x00, 0x00, 0x00, 0x09, 0x25, 0x40, 0x5C, 0x77, 0x92, 0xAB, 0xBB, 0xA1, 0x87, 0x6E, 0x54, 0x3A, 0x20, 0x07, 0x00, 0x00, 0x00, 0x00,
    0x3E, 0x58, 0x70, 0x85, 0x9B, 0xB0, 0xBA, 0xA4, 0x8F, 0x79, 0x64, 0x6F, 0x8B, 0xA7, 0xBD, 0xA1, 0x85, 0x69, 0x4D, 0x31, 0x15, 0x00, 0x00, 0x00,
    0x00, 0x00, 0x00, 0x00, 0x00, 0x14, 0x2D, 0x46, 0x5F, 0x78, 0x91, 0xAA, 0xBD, 0xA4, 0x8B, 0x73, 0x5A, 0x41, 0x28, 0x0F, 0x00, 0x00, 0x00, 0x00,
    0x00, 0x00, 0x00, 0x00, 0x00, 0x00, 0x00, 0x00, 0x00, 0x00, 0x00, 0x00, 0x00, 0x00, 0x00, 0x00, 0x00, 0x00, 0x00, 0x00, 0x00, 0x00, 0x00, 0x00,
    0x00, 0x00, 0x00, 0x12, 0x26, 0x3B, 0x50, 0x64, 0x79, 0x8E, 0xA3, 0xB7, 0xB6, 0xB0, 0x97, 0x7E, 0x64, 0x4C, 0x37, 0x23, 0x0E, 0x00, 0x00, 0x00,
    0x5D, 0x74, 0x87, 0x90, 0x90, 0x90, 0x90, 0x90, 0x90, 0x90, 0x96, 0xB2, 0xB2, 0x96, 0x90, 0x90, 0xA0, 0xB6, 0xB3, 0x9D, 0x86, 0x70, 0x58, 0x3E,
    0x00, 0x01, 0x07, 0x0A, 0x0A, 0x0A, 0x1F, 0x39, 0x53, 0x6D, 0x86, 0xA0, 0xBA, 0xAC, 0x92, 0x79, 0x5F, 0x45, 0x2C, 0x12, 0x0A, 0x07, 0x01, 0x00,
    0x00, 0x00, 0x00, 0x00, 0x00, 0x03, 0x1C, 0x36, 0x50, 0x6A, 0x84, 0x9D, 0xB7, 0xAF, 0x95, 0x7B, 0x61, 0x48, 0x2E, 0x14, 0x00, 0x00, 0x00, 0x00,
    0x00, 0x00, 0x00, 0x00, 0x00, 0x04, 0x1F, 0x39, 0x53, 0x6D, 0x86, 0xA0, 0xBA, 0xAC, 0x92, 0x79, 0x5F, 0x45, 0x2C, 0x12, 0x00, 0x00, 0x00, 0x00,
    0x46, 0x61, 0x7D, 0x96, 0xAD, 0xBD, 0xA8, 0x92, 0x7D, 0x67, 0x53, 0x6F, 0x8B, 0xA7, 0xBD, 0xA1, 0x85, 0x69, 0x4D, 0x31, 0x15, 0x00, 0x00, 0x00,
    0x00, 0x00, 0x00, 0x00, 0x00, 0x07, 0x20, 0x39, 0x52, 0x6B, 0x84, 0x9D, 0xB6, 0xB1, 0x98, 0x7F, 0x66, 0x4E, 0x35, 0x1C, 0x03, 0x00, 0x00, 0x00,
    0x00, 0x00, 0x00, 0x00, 0x00, 0x00, 0x00, 0x00, 0x00, 0x00, 0x00, 0x00, 0x00, 0x00, 0x00, 0x00, 0x00, 0x00, 0x00, 0x00, 0x00, 0x00, 0x00, 0x00,
    0x00, 0x00, 0x10, 0x24, 0x39, 0x4E, 0x63, 0x77, 0x8C, 0xA1, 0xB5, 0xB5, 0xAA, 0xBC, 0xA3, 0x8A, 0x71, 0x57, 0x3E, 0x25, 0x0B, 0x00, 0x00, 0x00,
    0x67, 0x82, 0x9B, 0xAC, 0xAC, 0xAC, 0xAC, 0xAC, 0xAC, 0xAC, 0xAC, 0xB2, 0xB2, 0xAC, 0xAC, 0xAC, 0xAC, 0xAC, 0xBC, 0xAD, 0x96, 0x7D, 0x61, 0x46,
    0x00, 0x00, 0x00, 0x00, 0x00, 0x00, 0x14, 0x2E, 0x48, 0x62, 0x7B, 0x95, 0xAF, 0xB7, 0x9D, 0x84, 0x6A, 0x50, 0x37, 0x1D, 0x03, 0x00, 0x00, 0x00,
    0x00, 0x00, 0x00, 0x00, 0x00, 0x00, 0x12, 0x2B, 0x45, 0x5F, 0x79, 0x92, 0xAC, 0xBA, 0xA0, 0x86, 0x6C, 0x52, 0x39, 0x1F, 0x05, 0x00, 0x00, 0x00,
    0x00, 0x00, 0x00, 0x00, 0x00, 0x00, 0x14, 0x2E, 0x48, 0x62, 0x7B, 0x95, 0xAF, 0xB7, 0x9D, 0x84, 0x6A, 0x50, 0x37, 0x1D, 0x03, 0x00, 0x00, 0x00,
    0x47, 0x63, 0x7F, 0x9A, 0xB4, 0xAB, 0x96, 0x80, 0x6B, 0x55, 0x53, 0x6F, 0x8B, 0xA7, 0xBD, 0xA1, 0x85, 0x69, 0x4D, 0x31, 0x15, 0x00, 0x00, 0x00,
    0x00, 0x00, 0x00, 0x00, 0x00, 0x00, 0x13, 0x2C, 0x45, 0x5E, 0x77, 0x90, 0xA9, 0xBE, 0xA5, 0x8C, 0x73, 0x5A, 0x41, 0x29, 0x10, 0x00, 0x00, 0x00,
    0x04, 0x0F, 0x17, 0x19, 0x1A, 0x1A, 0x1A, 0x1A, 0x1A, 0x1A, 0x1A, 0x1A, 0x1A, 0x1A, 0x1A, 0x1A, 0x1A, 0x1A, 0x1A, 0x1A, 0x19, 0x17, 0x0F, 0x04,
    0x00, 0x0E, 0x23, 0x37, 0x4C, 0x61, 0x75, 0x8A, 0x9F, 0xB4, 0xB7, 0xA3, 0x9E, 0xB7, 0xAF, 0x96, 0x7D, 0x63, 0x4A, 0x31, 0x18, 0x00, 0x00, 0x00,
    0x69, 0x84, 0xA0, 0xB7, 0xB7, 0xB7, 0xB7, 0xB7, 0xB7, 0xB7, 0xB7, 0xB7, 0xB7, 0xB7, 0xB7, 0xB7, 0xB7, 0xB7, 0xB7, 0xB4, 0x9A, 0x7F, 0x63, 0x47,
    0x00, 0x00, 0x00, 0x00, 0x00, 0x00, 0x09, 0x23, 0x3D, 0x57, 0x70, 0x8A, 0xA4, 0xBD, 0xA9, 0x8F, 0x75, 0x5B, 0x42, 0x28, 0x0E, 0x00, 0x00, 0x00,
    0x00, 0x00, 0x00, 0x00, 0x00, 0x00, 0x07, 0x20, 0x3A, 0x54, 0x6E, 0x88, 0xA1, 0xBB, 0xAB, 0x91, 0x77, 0x5D, 0x44, 0x2A, 0x10, 0x00, 0x00, 0x00,
    0x00, 0x00, 0x00, 0x00, 0x00, 0x00, 0x09, 0x23, 0x3D, 0x57, 0x70, 0x8A, 0xA4, 0xBD, 0xA9, 0x8F, 0x75, 0x5B, 0x42, 0x28, 0x0E, 0x00, 0x00, 0x00,
    0x42, 0x5D, 0x76, 0x8C, 0x9A, 0x96, 0x84, 0x6E, 0x59, 0x43, 0x53, 0x6F, 0x8B, 0xA7, 0xBD, 0xA1, 0x85, 0x69, 0x4D, 0x31, 0x15, 0x00, 0x00, 0x00,
    0x00, 0x00, 0x00, 0x00, 0x00, 0x00, 0x07, 0x20, 0x38, 0x51, 0x6A, 0x83, 0x9C, 0xB5, 0xB2, 0x99, 0x80, 0x67, 0x4E, 0x35, 0x1D, 0x04, 0x00, 0x00,
    0x1D, 0x2A, 0x32, 0x35, 0x36, 0x36, 0x36, 0x36, 0x36, 0x36, 0x36, 0x36, 0x36, 0x36, 0x36, 0x36, 0x36, 0x36, 0x36, 0x36, 0x35, 0x32, 0x2A, 0x1D,
    0x09, 0x20, 0x35, 0x4A, 0x5F, 0x74, 0x88, 0x9D, 0xB2, 0xB9, 0xA5, 0x90, 0x92, 0xAB, 0xBB, 0xA2, 0x89, 0x6F, 0x56, 0x3D, 0x24, 0x0A, 0x00, 0x00,
    0x62, 0x7B, 0x90, 0x9B, 0x9B, 0x9B, 0x9B, 0x9B, 0x9B, 0x9B, 0x9B, 0xB2, 0xB2, 0x9B, 0x9B, 0x9B, 0x9B, 0x9B, 0x9B, 0x9A, 0x8C, 0x76, 0x5D, 0x42,
    0x00, 0x00, 0x00, 0x00, 0x00, 0x00, 0x00, 0x18, 0x32, 0x4B, 0x65, 0x7F, 0x99, 0xB2, 0xB4, 0x9A, 0x80, 0x67, 0x4D, 0x33, 0x19, 0x00, 0x00, 0x00,
    0x00, 0x00, 0x00, 0x00, 0x00, 0x00, 0x00, 0x16, 0x2F, 0x49, 0x63, 0x7D, 0x96, 0xB0, 0xB6, 0x9C, 0x82, 0x68, 0x4E, 0x35, 0x1B, 0x01, 0x00, 0x00,
    0x00, 0x00, 0x00, 0x00, 0x00, 0x00, 0x00, 0x18, 0x32, 0x4B, 0x65, 0x7F, 0x99, 0xB2, 0xB4, 0x9A, 0x80, 0x67, 0x4D, 0x33, 0x19, 0x00, 0x00, 0x00,
    0x37, 0x4F, 0x65, 0x76, 0x7F, 0x7D, 0x70, 0x5D, 0x47, 0x37, 0x53, 0x6F, 0x8B, 0xA7, 0xBD, 0xA1, 0x85, 0x69, 0x4D, 0x31, 0x15, 0x00, 0x00, 0x00,
    0x00, 0x00, 0x00, 0x00, 0x00, 0x00, 0x00, 0x13, 0x2C, 0x44, 0x5D, 0x76, 0x8F, 0xA8, 0xBF, 0xA6, 0x8D, 0x74, 0x5B, 0x42, 0x29, 0x10, 0x00, 0x00,
    0x33, 0x43, 0x4D, 0x51, 0x52, 0x52, 0x52, 0x52, 0x52, 0x52, 0x52, 0x52, 0x52, 0x52, 0x52, 0x52, 0x52, 0x52, 0x52, 0x52, 0x51, 0x4D, 0x43, 0x33,
    0x17, 0x30, 0x47, 0x5D, 0x72, 0x86, 0x9B, 0xB0, 0xBB, 0xA6, 0x92, 0x7D, 0x86, 0x9F, 0xB8, 0xAE, 0x95, 0x7B, 0x62, 0x49, 0x30, 0x16, 0x00, 0x00,
    0x54, 0x69, 0x78, 0x7F, 0x7F, 0x7F, 0x7F, 0x7F, 0x7F, 0x7F, 0x96, 0xB2, 0xB2, 0x96, 0x7F, 0x7F, 0x7F, 0x7F, 0x7F, 0x7F, 0x76, 0x65, 0x4F, 0x37,
    0x00, 0x00, 0x00, 0x00, 0x00, 0x00, 0x00, 0x0D, 0x27, 0x40, 0x5A, 0x74, 0x8E, 0xA7, 0xBF, 0xA5, 0x8B, 0x72, 0x58, 0x3E, 0x24, 0x0B, 0x00, 0x00,
    0x00, 0x00, 0x00, 0x00, 0x00, 0x00, 0x00, 0x0B, 0x24, 0x3E, 0x58, 0x72, 0x8C, 0xA5, 0xBF, 0xA7, 0x8D, 0x73, 0x59, 0x40, 0x26, 0x0C, 0x00, 0x00,
    0x00, 0x00, 0x00, 0x00, 0x00, 0x00, 0x00, 0x0D, 0x27, 0x40, 0x5A, 0x74, 0x8E, 0xA7, 0xBF, 0xA5, 0x8B, 0x72, 0x58, 0x3E, 0x24, 0x0B, 0x00, 0x00,
    0x28, 0x3D, 0x4F, 0x5D, 0x63, 0x61, 0x58, 0x48, 0x35, 0x37, 0x53, 0x6F, 0x8B, 0xA7, 0xBD, 0xA1, 0x85, 0x69, 0x4D, 0x31, 0x15, 0x00, 0x00, 0x00,
    0x00, 0x00, 0x00, 0x00, 0x00, 0x00, 0x00, 0x06, 0x1F, 0x38, 0x51, 0x69, 0x82, 0x9B, 0xB4, 0xB3, 0x9A, 0x81, 0x68, 0x4F, 0x36, 0x1D, 0x04, 0x00,
    0x48, 0x5B, 0x68, 0x6D, 0x6E, 0x6E, 0x6E, 0x6E, 0x6E, 0x6E, 0x6E, 0x6E, 0x6E, 0x6E, 0x6E, 0x6E, 0x6E, 0x6E, 0x6E, 0x6E, 0x6D, 0x68, 0x5B, 0x48,
    0x20, 0x3B, 0x55, 0x6E, 0x85, 0x99, 0xAE, 0xBD, 0xA8, 0x94, 0x7F, 0x6A, 0x7A, 0x93, 0xAC, 0xBA, 0xA1, 0x88, 0x6E, 0x55, 0x3C, 0x22, 0x09, 0x00,
    0x41, 0x52, 0x5E, 0x63, 0x63, 0x63, 0x63, 0x63, 0x63, 0x7A, 0x96, 0xB2, 0xB2, 0x96, 0x7A, 0x63, 0x63, 0x63, 0x63, 0x63, 0x5D, 0x4F, 0x3D, 0x28,
    0x00, 0x00, 0x00, 0x00, 0x00, 0x00, 0x00, 0x02, 0x1C, 0x35, 0x4F, 0x69, 0x82, 0x9C, 0xB6, 0xB0, 0x96, 0x7D, 0x63, 0x49, 0x30, 0x16, 0x00, 0x00,
    0x00, 0x00, 0x00, 0x00, 0x00, 0x00, 0x00, 0x00, 0x19, 0x33, 0x4D, 0x67, 0x81, 0x9A, 0xB4, 0xB2, 0x98, 0x7E, 0x64, 0x4A, 0x31, 0x17, 0x00, 0x00,
    0x00, 0x00, 0x00, 0x00, 0x00, 0x00, 0x00, 0x02, 0x1C, 0x35, 0x4F, 0x69, 0x82, 0x9C, 0xB6, 0xB0, 0x96, 0x7D, 0x63, 0x49, 0x30, 0x16, 0x00, 0x00,
    0x16, 0x28, 0x37, 0x42, 0x47, 0x46, 0x3E, 0x32, 0x21, 0x37, 0x53, 0x6F, 0x8B, 0xA7, 0xBD, 0xA1, 0x85, 0x69, 0x4D, 0x31, 0x15, 0x00, 0x00, 0x00,
    0x00, 0x00, 0x00, 0x00, 0x00, 0x00, 0x00, 0x00, 0x12, 0x2B, 0x44, 0x5D, 0x76, 0x8E, 0xA7, 0xBF, 0xA7, 0x8E, 0x75, 0x5C, 0x43, 0x2A, 0x11, 0x00,
    0x59, 0x70, 0x81, 0x89, 0x8A, 0x8A, 0x8A, 0x8A, 0x8A, 0x8A, 0x8A, 0x8A, 0x8A, 0x8A, 0x8A, 0x8A, 0x8A, 0x8A, 0x8A, 0x8A, 0x89, 0x81, 0x70, 0x59,
    0x25, 0x41, 0x5D, 0x78, 0x94, 0xAC, 0xBF, 0xAA, 0x95, 0x81, 0x6C, 0x57, 0x6E, 0x87, 0xA0, 0xBA, 0xAD, 0x94, 0x7A, 0x61, 0x48, 0x2F, 0x15, 0x00,
    0x2B, 0x3A, 0x44, 0x47, 0x47, 0x47, 0x47, 0x47, 0x5E, 0x7A, 0x96, 0xB2, 0xB2, 0x96, 0x7A, 0x5E, 0x47, 0x47, 0x47, 0x47, 0x42, 0x37, 0x28, 0x16,
    0x00, 0x00, 0x00, 0x00, 0x00, 0x00, 0x00, 0x00, 0x11, 0x2A, 0x44, 0x5E, 0x77, 0x91, 0xAB, 0xBB, 0xA1, 0x88, 0x6E, 0x54, 0x3B, 0x21, 0x07, 0x00,
    0x00, 0x00, 0x00, 0x00, 0x00, 0x00, 0x00, 0x00, 0x0F, 0x28, 0x42, 0x5C, 0x76, 0x90, 0xA9, 0xBD, 0xA3, 0x89, 0x6F, 0x55, 0x3C, 0x22, 0x08, 0x00,
    0x00, 0x00, 0x00, 0x00, 0x00, 0x00, 0x00, 0x00, 0x11, 0x2A, 0x44, 0x5E, 0x77, 0x91, 0xAB, 0xBB, 0xA1, 0x88, 0x6E, 0x54, 0x3B, 0x21, 0x07, 0x00,
    0x01, 0x11, 0x1E, 0x27, 0x2B, 0x2A, 0x24, 0x19, 0x1B, 0x37, 0x53, 0x6F, 0x8B, 0xA7, 0xBD, 0xA1, 0x85, 0x69, 0x4D, 0x31, 0x15, 0x00, 0x00, 0x00,
    0x00, 0x00, 0x00, 0x00, 0x00, 0x00, 0x00, 0x00, 0x05, 0x1E, 0x37, 0x50, 0x69, 0x82, 0x9B, 0xB3, 0xB3, 0x9A, 0x82, 0x69, 0x50, 0x37, 0x1E, 0x05,
    0x65, 0x7F, 0x97, 0xA5, 0xA6, 0xA6, 0xA6, 0xA6, 0xA6, 0xA6, 0xA6, 0xA6, 0xA6, 0xA6, 0xA6, 0xA6, 0xA6, 0xA6, 0xA6, 0xA6, 0xA5, 0x97, 0x7F, 0x65,
    0x25, 0x41, 0x5D, 0x78, 0x94, 0xAC, 0xAC, 0x97, 0x83, 0x6E, 0x59, 0x48, 0x62, 0x7B, 0x94, 0xAD, 0xB9, 0xA0, 0x86, 0x6D, 0x54, 0x3B, 0x21, 0x08,
    0x14, 0x20, 0x28, 0x2B, 0x2B, 0x2B, 0x2B, 0x42, 0x5E, 0x7A, 0x96, 0xB2, 0xB2, 0x96, 0x7A, 0x5E, 0x42, 0x2B, 0x2B, 0x2B, 0x27, 0x1E, 0x11, 0x01,
    0x00, 0x00, 0x00, 0x00, 0x00, 0x00, 0x00, 0x00, 0x05, 0x1F, 0x39, 0x53, 0x6C, 0x86, 0xA0, 0xB9, 0xAD, 0x93, 0x79, 0x5F, 0x46, 0x2C, 0x12, 0x00,
    0x00, 0x00, 0x00, 0x00, 0x00, 0x00, 0x00, 0x00, 0x04, 0x1D, 0x37, 0x51, 0x6B, 0x85, 0x9E, 0xB8, 0xAE, 0x94, 0x7A, 0x60, 0x46, 0x2D, 0x13, 0x00,
    0x00, 0x00, 0x00, 0x00, 0x00, 0x00, 0x00, 0x00, 0x05, 0x1F, 0x39, 0x53, 0x6C, 0x86, 0xA0, 0xB9, 0xAD, 0x93, 0x79, 0x5F, 0x46, 0x2C, 0x12, 0x00,
    0x00, 0x00, 0x04, 0x0C, 0x0F, 0x0E, 0x09, 0x00, 0x1B, 0x37, 0x53, 0x6F, 0x8B, 0xA7, 0xBD, 0xA1, 0x85, 0x69, 0x4D, 0x31, 0x15, 0x00, 0x00, 0x00,
    0x00, 0x00, 0x00, 0x00, 0x00, 0x00, 0x00, 0x00, 0x00, 0x11, 0x2A, 0x43, 0x5C, 0x75, 0x8E, 0xA7, 0xC0, 0xA7, 0x8E, 0x75, 0x5D, 0x44, 0x2B, 0x12,
    0x69, 0x85, 0xA1, 0xBD, 0xBE, 0xBE, 0xBE, 0xBE, 0xBE, 0xBE, 0xBE, 0xBE, 0xBE, 0xBE, 0xBE, 0xBE, 0xBE, 0xBE, 0xBE, 0xBE, 0xBD, 0xA1, 0x85, 0x69,
    0x20, 0x3B, 0x55, 0x6E, 0x84, 0x94, 0x94, 0x84, 0x70, 0x5B, 0x46, 0x3C, 0x56, 0x6F, 0x88, 0xA1, 0xBB, 0xAC, 0x92, 0x79, 0x60, 0x47, 0x2D, 0x14,
    0x00, 0x06, 0x0D, 0x0F, 0x0F, 0x0F, 0x26, 0x42, 0x5E, 0x7A, 0x96, 0xB2, 0xB2, 0x96, 0x7A, 0x5E, 0x42, 0x26, 0x0F, 0x0F, 0x0C, 0x04, 0x00, 0x00,
    0x00, 0x00, 0x00, 0x00, 0x00, 0x00, 0x00, 0x00, 0x00, 0x14, 0x2E, 0x47, 0x61, 0x7B, 0x95, 0xAE, 0xB8, 0x9E, 0x84, 0x6A, 0x51, 0x37, 0x1D, 0x04,
    0x00, 0x00, 0x00, 0x00, 0x00, 0x00, 0x00, 0x00, 0x00, 0x13, 0x2C, 0x46, 0x60, 0x7A, 0x94, 0xAD, 0xB9, 0x9F, 0x85, 0x6B, 0x51, 0x38, 0x1E, 0x04,
    0x00, 0x00, 0x00, 0x00, 0x00, 0x00, 0x00, 0x00, 0x00, 0x14, 0x2E, 0x47, 0x61, 0x7B, 0x95, 0xAE, 0xB8, 0x9E, 0x84, 0x6A, 0x51, 0x37, 0x1D, 0x04,
    0x00, 0x00, 0x00, 0x00, 0x00, 0x00, 0x00, 0x00, 0x1B, 0x37, 0x53, 0x6F, 0x8B, 0xA7, 0xBD, 0xA1, 0x85, 0x69, 0x4D, 0x31, 0x15, 0x00, 0x00, 0x00,
    0x00, 0x00, 0x00, 0x00, 0x00, 0x00, 0x00, 0x00, 0x00, 0x04, 0x1D, 0x36, 0x4F, 0x68, 0x81, 0x9A, 0xB3, 0xB4, 0x9B, 0x82, 0x69, 0x51, 0x38, 0x1F,
    0x64, 0x7E, 0x95, 0xA2, 0xA2, 0xA2, 0xA2, 0xA2, 0xA2, 0xA2, 0xA2, 0xA2, 0xA2, 0xA2, 0xA2, 0xA2, 0xA2, 0xA2, 0xA2, 0xA2, 0xA2, 0x95, 0x7E, 0x64,
    0x17, 0x30, 0x47, 0x5D, 0x6E, 0x78, 0x78, 0x6E, 0x5D, 0x48, 0x34, 0x30, 0x4A, 0x63, 0x7C, 0x95, 0xAF, 0xB8, 0x9F, 0x85, 0x6C, 0x53, 0x3A, 0x20,
    0x00, 0x00, 0x00, 0x00, 0x00, 0x0A, 0x26, 0x42, 0x5E, 0x7A, 0x96, 0xB2, 0xB2, 0x96, 0x7A, 0x5E, 0x42, 0x26, 0x0A, 0x00, 0x00, 0x00, 0x00, 0x00,
    0x00, 0x00, 0x00, 0x00, 0x00, 0x00, 0x00, 0x00, 0x00, 0x09, 0x23, 0x3C, 0x56, 0x70, 0x8A, 0xA3, 0xBD, 0xA9, 0x8F, 0x76, 0x5C, 0x42, 0x28, 0x0F,
    0x00, 0x00, 0x00, 0x00, 0x00, 0x00, 0x00, 0x00, 0x00, 0x08, 0x21, 0x3B, 0x55, 0x6F, 0x89, 0xA2, 0xBC, 0xAA, 0x90, 0x76, 0x5C, 0x42, 0x29, 0x0F,
    0x00, 0x00, 0x00, 0x00, 0x00, 0x00, 0x00, 0x00, 0x00, 0x09, 0x23, 0x3C, 0x56, 0x70, 0x8A, 0xA3, 0xBD, 0xA9, 0x8F, 0x76, 0x5C, 0x42, 0x28, 0x0F,
    0x00, 0x00, 0x00, 0x00, 0x00, 0x00, 0x00, 0x00, 0x1B, 0x37, 0x53, 0x6F, 0x8B, 0xA7, 0xBD, 0xA1, 0x85, 0x69, 0x4D, 0x31, 0x15, 0x00, 0x00, 0x00,
    0x00, 0x00, 0x00, 0x00, 0x00, 0x00, 0x00, 0x00, 0x00, 0x00, 0x11, 0x29, 0x42, 0x5B, 0x74, 0x8D, 0xA6, 0xBF, 0xA8, 0x8F, 0x76, 0x5D, 0x44, 0x2C,
    0x58, 0x6D, 0x7E, 0x86, 0x86, 0x86, 0x86, 0x86, 0x86, 0x86, 0x86, 0x86, 0x86, 0x86, 0x86, 0x86, 0x86, 0x86, 0x86, 0x86, 0x86, 0x7E, 0x6D, 0x58,
    0x09, 0x20, 0x35, 0x47, 0x55, 0x5D, 0x5D, 0x55, 0x47, 0x35, 0x21, 0x24, 0x3D, 0x57, 0x70, 0x89, 0xA3, 0xBC, 0xAB, 0x91, 0x78, 0x5F, 0x46, 0x2C,
    0x00, 0x00, 0x00, 0x00, 0x00, 0x0A, 0x26, 0x42, 0x5E, 0x7A, 0x96, 0xB2, 0xB2, 0x96, 0x7A, 0x5E, 0x42, 0x26, 0x0A, 0x00, 0x00, 0x00, 0x00, 0x00,
    0x00, 0x00, 0x00, 0x00, 0x00, 0x00, 0x00, 0x00, 0x00, 0x00, 0x18, 0x31, 0x4B, 0x65, 0x7E, 0x98, 0xB2, 0xB4, 0x9A, 0x81, 0x67, 0x4D, 0x34, 0x1A,
    0x00, 0x00, 0x00, 0x00, 0x00, 0x00, 0x00, 0x00, 0x00, 0x00, 0x17, 0x30, 0x4A, 0x64, 0x7E, 0x98, 0xB1, 0xB5, 0x9B, 0x81, 0x67, 0x4D, 0x34, 0x1A,
    0x00, 0x00, 0x00, 0x00, 0x00, 0x00, 0x00, 0x00, 0x00, 0x00, 0x18, 0x31, 0x4B, 0x65, 0x7E, 0x98, 0xB2, 0xB4, 0x9A, 0x81, 0x67, 0x4D, 0x34, 0x1A,
    0x00, 0x00, 0x00, 0x00, 0x00, 0x00, 0x00, 0x00, 0x1B, 0x37, 0x53, 0x6F, 0x8B, 0xA7, 0xBD, 0xA1, 0x85, 0x69, 0x4D, 0x31, 0x15, 0x00, 0x00, 0x00,
    0x00, 0x00, 0x00, 0x00, 0x00, 0x00, 0x00, 0x00, 0x00, 0x00, 0x04, 0x1D, 0x35, 0x4E, 0x67, 0x80, 0x99, 0xB2, 0xB5, 0x9C, 0x83, 0x6A, 0x51, 0x38,
    0x46, 0x58, 0x65, 0x6A, 0x6A, 0x6A, 0x6A, 0x6A, 0x6A, 0x6A, 0x6A, 0x6A, 0x6A, 0x6A, 0x6A, 0x6A, 0x6A, 0x6A, 0x6A, 0x6A, 0x6A, 0x65, 0x58, 0x46,
    0x00, 0x0E, 0x20, 0x30, 0x3B, 0x41, 0x41, 0x3B, 0x30, 0x20, 0x0E, 0x18, 0x31, 0x4B, 0x64, 0x7D, 0x96, 0xB0, 0xB7, 0x9D, 0x84, 0x6B, 0x52, 0x38,
    0x00, 0x00, 0x00, 0x00, 0x00, 0x0A, 0x26, 0x42, 0x5E, 0x7A, 0x96, 0xB2, 0xB2, 0x96, 0x7A, 0x5E, 0x42, 0x26, 0x0A, 0x00, 0x00, 0x00, 0x00, 0x00,
    0x00, 0x00, 0x00, 0x00, 0x00, 0x00, 0x00, 0x00, 0x00, 0x00, 0x0D, 0x26, 0x40, 0x5A, 0x73, 0x8D, 0xA7, 0xBF, 0xA5, 0x8C, 0x72, 0x58, 0x3D, 0x22,
    0x00, 0x00, 0x00, 0x00, 0x00, 0x00, 0x00, 0x00, 0x00, 0x00, 0x0C, 0x25, 0x3F, 0x59, 0x73, 0x8D, 0xA6, 0xBF, 0xA6, 0x8C, 0x72, 0x58, 0x3D, 0x22,
    0x00, 0x00, 0x00, 0x00, 0x00, 0x00, 0x00, 0x00, 0x00, 0x00, 0x0D, 0x26, 0x40, 0x5A, 0x73, 0x8D, 0xA7, 0xBF, 0xA5, 0x8C, 0x72, 0x58, 0x3D, 0x22,
    0x00, 0x00, 0x00, 0x00, 0x00, 0x00, 0x00, 0x00, 0x1B, 0x37, 0x53, 0x6F, 0x8B, 0xA7, 0xBD, 0xA1, 0x85, 0x69, 0x4D, 0x31, 0x15, 0x00, 0x00, 0x00,
    0x00, 0x00, 0x00, 0x00, 0x00, 0x00, 0x00, 0x00, 0x00, 0x00, 0x00, 0x10, 0x29, 0x42, 0x5A, 0x73, 0x8C, 0xA5, 0xBE, 0xA9, 0x90, 0x77, 0x5D, 0x43,
    0x31, 0x40, 0x4A, 0x4E, 0x4E, 0x4E, 0x4E, 0x4E, 0x4E, 0x4E, 0x4E, 0x4E, 0x4E, 0x4E, 0x4E, 0x4E, 0x4E, 0x4E, 0x4E, 0x4E, 0x4E, 0x4A, 0x40, 0x31,
    0x00, 0x00, 0x09, 0x17, 0x20, 0x25, 0x25, 0x20, 0x17, 0x09, 0x00, 0x0C, 0x25, 0x3F, 0x58, 0x71, 0x8A, 0xA4, 0xBD, 0xAA, 0x90, 0x77, 0x5D, 0x43,
    0x00, 0x00, 0x00, 0x00, 0x00, 0x0A, 0x26, 0x42, 0x5E, 0x7A, 0x96, 0xB2, 0xB2, 0x96, 0x7A, 0x5E, 0x42, 0x26, 0x0A, 0x00, 0x00, 0x00, 0x00, 0x00,
    0x00, 0x00, 0x00, 0x00, 0x00, 0x00, 0x00, 0x00, 0x00, 0x00, 0x01, 0x1B, 0x35, 0x4F, 0x68, 0x82, 0x9C, 0xB5, 0xB1, 0x95, 0x7A, 0x5E, 0x42, 0x26,
    0x00, 0x00, 0x00, 0x00, 0x00, 0x00, 0x00, 0x00, 0x00, 0x00, 0x01, 0x1B, 0x34, 0x4E, 0x68, 0x82, 0x9C, 0xB5, 0xB1, 0x95, 0x7A, 0x5E, 0x42, 0x26,
    0x00, 0x00, 0x00, 0x00, 0x00, 0x00, 0x00, 0x00, 0x00, 0x00, 0x01, 0x1B, 0x35, 0x4F, 0x68, 0x82, 0x9C, 0xB5, 0xB1, 0x95, 0x7A, 0x5E, 0x42, 0x26,
    0x00, 0x00, 0x00, 0x00, 0x00, 0x00, 0x00, 0x00, 0x1B, 0x37, 0x53, 0x6F, 0x8B, 0xA7, 0xBD, 0xA1, 0x85, 0x69, 0x4D, 0x31, 0x15, 0x00, 0x00, 0x00,
    0x00, 0x00, 0x00, 0x00, 0x00, 0x00, 0x00, 0x00, 0x00, 0x00, 0x00, 0x03, 0x1C, 0x35, 0x4E, 0x67, 0x7F, 0x98, 0xB1, 0xB6, 0x9B, 0x7F, 0x63, 0x47,
    0x1A, 0x26, 0x2F, 0x32, 0x32, 0x32, 0x32, 0x32, 0x32, 0x32, 0x32, 0x32, 0x32, 0x32, 0x32, 0x32, 0x32, 0x32, 0x32, 0x32, 0x32, 0x2F, 0x26, 0x1A,
    0x00, 0x00, 0x00, 0x00, 0x05, 0x09, 0x09, 0x05, 0x00, 0x00, 0x00, 0x00, 0x19, 0x32, 0x4C, 0x65, 0x7E, 0x98, 0xB1, 0xB6, 0x9B, 0x7F, 0x63, 0x47,
    0x00, 0x00, 0x00, 0x00, 0x00, 0x0A, 0x26, 0x42, 0x5E, 0x7A, 0x96, 0xB2, 0xB2, 0x96, 0x7A, 0x5E, 0x42, 0x26, 0x0A, 0x00, 0x00, 0x00, 0x00, 0x00,
    0x00, 0x00, 0x00, 0x00, 0x00, 0x00, 0x00, 0x00, 0x00, 0x00, 0x00, 0x10, 0x2A, 0x43, 0x5D, 0x77, 0x91, 0xA6, 0xA6, 0x91, 0x77, 0x5B, 0x40, 0x24,
    0x00, 0x00, 0x00, 0x00, 0x00, 0x00, 0x00, 0x00, 0x00, 0x00, 0x00, 0x10, 0x29, 0x43, 0x5D, 0x77, 0x91, 0xA6, 0xA6, 0x91, 0x77, 0x5B, 0x40, 0x24,
    0x00, 0x00, 0x00, 0x00, 0x00, 0x00, 0x00, 0x00, 0x00, 0x00, 0x00, 0x10, 0x2A, 0x43, 0x5D, 0x77, 0x91, 0xA6, 0xA6, 0x91, 0x77, 0x5B, 0x40, 0x24,
    0x00, 0x00, 0x00, 0x00, 0x00, 0x00, 0x00, 0x00, 0x19, 0x35, 0x50, 0x6C, 0x86, 0x9E, 0xAA, 0x9A, 0x81, 0x66, 0x4B, 0x2F, 0x14, 0x00, 0x00, 0x00,
    0x00, 0x00, 0x00, 0x00, 0x00, 0x00, 0x00, 0x00, 0x00, 0x00, 0x00, 0x00, 0x0F, 0x28, 0x41, 0x5A, 0x73, 0x8C, 0xA2, 0xA8, 0x95, 0x7C, 0x61, 0x45,
    0x01, 0x0C, 0x13, 0x16, 0x16, 0x16, 0x16, 0x16, 0x16, 0x16, 0x16, 0x16, 0x16, 0x16, 0x16, 0x16, 0x16, 0x16, 0x16, 0x16, 0x16, 0x13, 0x0C, 0x01,
    0x00, 0x00, 0x00, 0x00, 0x00, 0x00, 0x00, 0x00, 0x00, 0x00, 0x00, 0x00, 0x0D, 0x26, 0x40, 0x59, 0x72, 0x8B, 0xA2, 0xA8, 0x95, 0x7C, 0x61, 0x45,
    0x00, 0x00, 0x00, 0x00, 0x00, 0x09, 0x24, 0x40, 0x5B, 0x77, 0x91, 0xA6, 0xA6, 0x91, 0x77, 0x5B, 0x40, 0x24, 0x09, 0x00, 0x00, 0x00, 0x00, 0x00,
    0x00, 0x00, 0x00, 0x00, 0x00, 0x00, 0x00, 0x00, 0x00, 0x00, 0x00, 0x05, 0x1F, 0x38, 0x52, 0x6A, 0x7F, 0x8C, 0x8C, 0x7F, 0x6A, 0x52, 0x38, 0x1E,
    0x00, 0x00, 0x00, 0x00, 0x00, 0x00, 0x00, 0x00, 0x00, 0x00, 0x00, 0x05, 0x1F, 0x38, 0x52, 0x6A, 0x7F, 0x8C, 0x8C, 0x7F, 0x6A, 0x52, 0x38, 0x1E,
    0x00, 0x00, 0x00, 0x00, 0x00, 0x00, 0x00, 0x00, 0x00, 0x00, 0x00, 0x05, 0x1F, 0x38, 0x52, 0x6A, 0x7F, 0x8C, 0x8C, 0x7F, 0x6A, 0x52, 0x38, 0x1E,
    0x00, 0x00, 0x00, 0x00, 0x00, 0x00, 0x00, 0x00, 0x13, 0x2E, 0x48, 0x61, 0x77, 0x88, 0x8E, 0x85, 0x73, 0x5C, 0x43, 0x29, 0x0E, 0x00, 0x00, 0x00,
    0x00, 0x00, 0x00, 0x00, 0x00, 0x00, 0x00, 0x00, 0x00, 0x00, 0x00, 0x00, 0x02, 0x1B, 0x34, 0x4D, 0x65, 0x7B, 0x8A, 0x8D, 0x82, 0x6E, 0x57, 0x3E,
    0x00, 0x00, 0x00, 0x00, 0x00, 0x00, 0x00, 0x00, 0x00, 0x00, 0x00, 0x00, 0x00, 0x00, 0x00, 0x00, 0x00, 0x00, 0x00, 0x00, 0x00, 0x00, 0x00, 0x00,
    0x00, 0x00, 0x00, 0x00, 0x00, 0x00, 0x00, 0x00, 0x00, 0x00, 0x00, 0x00, 0x01, 0x1A, 0x34, 0x4D, 0x65, 0x7B, 0x8A, 0x8D, 0x82, 0x6E, 0x57, 0x3E,
    0x00, 0x00, 0x00, 0x00, 0x00, 0x03, 0x1E, 0x38, 0x52, 0x6A, 0x7F, 0x8C, 0x8C, 0x7F, 0x6A, 0x52, 0x38, 0x1E, 0x03, 0x00, 0x00, 0x00, 0x00, 0x00,
    0x00, 0x00, 0x00, 0x00, 0x00, 0x00, 0x00, 0x00, 0x00, 0x00, 0x00, 0x00, 0x13, 0x2C, 0x43, 0x57, 0x67, 0x71, 0x71, 0x67, 0x57, 0x43, 0x2C, 0x13,
    0x00, 0x00, 0x00, 0x00, 0x00, 0x00, 0x00, 0x00, 0x00, 0x00, 0x00, 0x00, 0x13, 0x2C, 0x43, 0x57, 0x67, 0x71, 0x71, 0x67, 0x57, 0x43, 0x2C, 0x13,
    0x00, 0x00, 0x00, 0x00, 0x00, 0x00, 0x00, 0x00, 0x00, 0x00, 0x00, 0x00, 0x13, 0x2C, 0x43, 0x57, 0x67, 0x71, 0x71, 0x67, 0x57, 0x43, 0x2C, 0x13,
    0x00, 0x00, 0x00, 0x00, 0x00, 0x00, 0x00, 0x00, 0x09, 0x22, 0x3A, 0x4F, 0x62, 0x6E, 0x72, 0x6C, 0x5E, 0x4B, 0x35, 0x1D, 0x04, 0x00, 0x00, 0x00,
    0x00, 0x00, 0x00, 0x00, 0x00, 0x00, 0x00, 0x00, 0x00, 0x00, 0x00, 0x00, 0x00, 0x0E, 0x27, 0x3E, 0x53, 0x65, 0x70, 0x72, 0x6A, 0x5B, 0x47, 0x30,
    0x00, 0x00, 0x00, 0x00, 0x00, 0x00, 0x00, 0x00, 0x00, 0x00, 0x00, 0x00, 0x00, 0x00, 0x00, 0x00, 0x00, 0x00, 0x00, 0x00, 0x00, 0x00, 0x00, 0x00,
    0x00, 0x00, 0x00, 0x00, 0x00, 0x00, 0x00, 0x00, 0x00, 0x00, 0x00, 0x00, 0x00, 0x0E, 0x27, 0x3E, 0x53, 0x65, 0x70, 0x72, 0x6A, 0x5B, 0x47, 0x30,
    0x00, 0x00, 0x00, 0x00, 0x00, 0x00, 0x13, 0x2C, 0x43, 0x57, 0x67, 0x71, 0x71, 0x67, 0x57, 0x43, 0x2C, 0x13, 0x00, 0x00, 0x00, 0x00, 0x00, 0x00,
    0x00, 0x00, 0x00, 0x00, 0x00, 0x00, 0x00, 0x00, 0x00, 0x00, 0x00, 0x00, 0x05, 0x1B, 0x30, 0x41, 0x4E, 0x55, 0x55, 0x4E, 0x41, 0x30, 0x1B, 0x05,
    0x00, 0x00, 0x00, 0x00, 0x00, 0x00, 0x00, 0x00, 0x00, 0x00, 0x00, 0x00, 0x05, 0x1B, 0x30, 0x41, 0x4E, 0x55, 0x55, 0x4E, 0x41, 0x30, 0x1B, 0x05,
    0x00, 0x00, 0x00, 0x00, 0x00, 0x00, 0x00, 0x00, 0x00, 0x00, 0x00, 0x00, 0x05, 0x1B, 0x30, 0x41, 0x4E, 0x55, 0x55, 0x4E, 0x41, 0x30, 0x1B, 0x05,
    0x00, 0x00, 0x00, 0x00, 0x00, 0x00, 0x00, 0x00, 0x00, 0x13, 0x28, 0x3A, 0x49, 0x53, 0x56, 0x52, 0x47, 0x37, 0x24, 0x0E, 0x00, 0x00, 0x00, 0x00,
    0x00, 0x00, 0x00, 0x00, 0x00, 0x00, 0x00, 0x00, 0x00, 0x00, 0x00, 0x00, 0x00, 0x00, 0x17, 0x2C, 0x3E, 0x4C, 0x54, 0x56, 0x50, 0x44, 0x33, 0x20,
    0x00, 0x00, 0x00, 0x00, 0x00, 0x00, 0x00, 0x00, 0x00, 0x00, 0x00, 0x00, 0x00, 0x00, 0x00, 0x00, 0x00, 0x00, 0x00, 0x00, 0x00, 0x00, 0x00, 0x00,
    0x00, 0x00, 0x00, 0x00, 0x00, 0x00, 0x00, 0x00, 0x00, 0x00, 0x00, 0x00, 0x00, 0x00, 0x17, 0x2C, 0x3E, 0x4C, 0x54, 0x56, 0x50, 0x44, 0x33, 0x20,
    0x00, 0x00, 0x00, 0x00, 0x00, 0x00, 0x05, 0x1B, 0x30, 0x41, 0x4E, 0x55, 0x55, 0x4E, 0x41, 0x30, 0x1B, 0x05, 0x00, 0x00, 0x00, 0x00, 0x00, 0x00,
    0x00, 0x00, 0x00, 0x00, 0x00, 0x00, 0x00, 0x00, 0x00, 0x00, 0x00, 0x00, 0x00, 0x08, 0x1A, 0x29, 0x34, 0x39, 0x39, 0x34, 0x29, 0x1A, 0x08, 0x00,
    0x00, 0x00, 0x00, 0x00, 0x00, 0x00, 0x00, 0x00, 0x00, 0x00, 0x00, 0x00, 0x00, 0x08, 0x1A, 0x29, 0x34, 0x39, 0x39, 0x34, 0x29, 0x1A, 0x08, 0x00,
    0x00, 0x00, 0x00, 0x00, 0x00, 0x00, 0x00, 0x00, 0x00, 0x00, 0x00, 0x00, 0x00, 0x08, 0x1A, 0x29, 0x34, 0x39, 0x39, 0x34, 0x29, 0x1A, 0x08, 0x00,
    0x00, 0x00, 0x00, 0x00, 0x00, 0x00, 0x00, 0x00, 0x00, 0x00, 0x13, 0x23, 0x30, 0x38, 0x3A, 0x37, 0x2E, 0x20, 0x10, 0x00, 0x00, 0x00, 0x00, 0x00,
    0x00, 0x00, 0x00, 0x00, 0x00, 0x00, 0x00, 0x00, 0x00, 0x00, 0x00, 0x00, 0x00, 0x00, 0x04, 0x17, 0x26, 0x32, 0x39, 0x3A, 0x35, 0x2B, 0x1D, 0x0C,
    0x00, 0x00, 0x00, 0x00, 0x00, 0x00, 0x00, 0x00, 0x00, 0x00, 0x00, 0x00, 0x00, 0x00, 0x00, 0x00, 0x00, 0x00, 0x00, 0x00, 0x00, 0x00, 0x00, 0x00,
    0x00, 0x00, 0x00, 0x00, 0x00, 0x00, 0x00, 0x00, 0x00, 0x00, 0x00, 0x00, 0x00, 0x00, 0x04, 0x17, 0x26, 0x32, 0x39, 0x3A, 0x35, 0x2B, 0x1D, 0x0C,
    0x00, 0x00, 0x00, 0x00, 0x00, 0x00, 0x00, 0x08, 0x1A, 0x29, 0x34, 0x39, 0x39, 0x34, 0x29, 0x1A, 0x08, 0x00, 0x00, 0x00, 0x00, 0x00, 0x00, 0x00,
    0x0C, 0x1D, 0x2B, 0x35, 0x3A, 0x39, 0x32, 0x26, 0x17, 0x04, 0x00, 0x00, 0x00, 0x00, 0x00, 0x00, 0x00, 0x00, 0x00, 0x00, 0x00, 0x00, 0x00, 0x00,
    0x00, 0x00, 0x00, 0x00, 0x00, 0x00, 0x00, 0x00, 0x00, 0x00, 0x00, 0x00, 0x00, 0x00, 0x00, 0x00, 0x00, 0x00, 0x00, 0x00, 0x00, 0x00, 0x00, 0x00,
    0x00, 0x00, 0x00, 0x00, 0x00, 0x00, 0x00, 0x00, 0x00, 0x00, 0x00, 0x00, 0x00, 0x08, 0x1A, 0x29, 0x34, 0x39, 0x39, 0x34, 0x29, 0x1A, 0x08, 0x00,
    0x00, 0x00, 0x00, 0x00, 0x00, 0x00, 0x00, 0x00, 0x00, 0x00, 0x00, 0x00, 0x00, 0x00, 0x00, 0x00, 0x00, 0x00, 0x00, 0x00, 0x00, 0x00, 0x00, 0x00,
    0x00, 0x00, 0x00, 0x00, 0x00, 0x00, 0x00, 0x00, 0x00, 0x00, 0x00, 0x00, 0x00, 0x00, 0x00, 0x00, 0x00, 0x00, 0x00, 0x00, 0x00, 0x00, 0x00, 0x00,
    0x00, 0x00, 0x00, 0x00, 0x00, 0x00, 0x00, 0x08, 0x1A, 0x29, 0x34, 0x39, 0x39, 0x34, 0x29, 0x1A, 0x08, 0x00, 0x00, 0x00, 0x00, 0x00, 0x00, 0x00,
    0x00, 0x00, 0x00, 0x00, 0x00, 0x00, 0x00, 0x00, 0x00, 0x00, 0x00, 0x00, 0x00, 0x00, 0x00, 0x00, 0x00, 0x00, 0x00, 0x00, 0x00, 0x00, 0x00, 0x00,
    0x00, 0x00, 0x00, 0x00, 0x00, 0x00, 0x00, 0x00, 0x00, 0x00, 0x00, 0x00, 0x00, 0x00, 0x00, 0x00, 0x00, 0x00, 0x00, 0x00, 0x00, 0x00, 0x00, 0x00,
    0x20, 0x33, 0x44, 0x50, 0x56, 0x54, 0x4C, 0x3E, 0x2C, 0x17, 0x00, 0x00, 0x00, 0x00, 0x00, 0x00, 0x00, 0x00, 0x00, 0x00, 0x00, 0x00, 0x00, 0x00,
    0x00, 0x00, 0x00, 0x00, 0x00, 0x00, 0x00, 0x00, 0x00, 0x00, 0x00, 0x00, 0x00, 0x00, 0x00, 0x00, 0x00, 0x00, 0x00, 0x00, 0x00, 0x00, 0x00, 0x00,
    0x00, 0x00, 0x00, 0x00, 0x00, 0x00, 0x00, 0x00, 0x00, 0x00, 0x00, 0x00, 0x05, 0x1B, 0x30, 0x41, 0x4E, 0x55, 0x55, 0x4E, 0x41, 0x30, 0x1B, 0x05,
    0x00, 0x00, 0x00, 0x00, 0x00, 0x00, 0x00, 0x00, 0x00, 0x00, 0x00, 0x00, 0x00, 0x00, 0x00, 0x00, 0x00, 0x00, 0x00, 0x00, 0x00, 0x00, 0x00, 0x00,
    0x00, 0x00, 0x00, 0x00, 0x00, 0x00, 0x00, 0x00, 0x00, 0x00, 0x00, 0x00, 0x00, 0x00, 0x00, 0x00, 0x00, 0x00, 0x00, 0x00, 0x00, 0x00, 0x00, 0x00,
    0x00, 0x00, 0x00, 0x00, 0x00, 0x00, 0x05, 0x1B, 0x30, 0x41, 0x4E, 0x55, 0x55, 0x4E, 0x41, 0x30, 0x1B, 0x05, 0x00, 0x00, 0x00, 0x00, 0x00, 0x00,
    0x00, 0x00, 0x00, 0x00, 0x00, 0x00, 0x00, 0x00, 0x00, 0x00, 0x00, 0x00, 0x00, 0x00, 0x00, 0x00, 0x00, 0x00, 0x00, 0x00, 0x00, 0x00, 0x00, 0x00,
    0x00, 0x00, 0x00, 0x00, 0x00, 0x00, 0x00, 0x00, 0x00, 0x00, 0x00, 0x00, 0x00, 0x00, 0x00, 0x00, 0x00, 0x00, 0x00, 0x00, 0x00, 0x00, 0x00, 0x00,
    0x30, 0x47, 0x5B, 0x6A, 0x72, 0x70, 0x65, 0x53, 0x3E, 0x27, 0x0E, 0x00, 0x00, 0x00, 0x00, 0x00, 0x00, 0x00, 0x00, 0x00, 0x00, 0x00, 0x00, 0x00,
    0x00, 0x00, 0x00, 0x00, 0x00, 0x00, 0x00, 0x00, 0x00, 0x00, 0x00, 0x00, 0x00, 0x00, 0x00, 0x00, 0x00, 0x00, 0x00, 0x00, 0x00, 0x00, 0x00, 0x00,
    0x00, 0x00, 0x00, 0x00, 0x00, 0x00, 0x00, 0x00, 0x00, 0x00, 0x00, 0x00, 0x13, 0x2C, 0x43, 0x57, 0x67, 0x71, 0x71, 0x67, 0x57, 0x43, 0x2C, 0x13,
    0x00, 0x00, 0x00, 0x00, 0x00, 0x00, 0x00, 0x00, 0x00, 0x00, 0x00, 0x00, 0x00, 0x00, 0x00, 0x00, 0x00, 0x00, 0x00, 0x00, 0x00, 0x00, 0x00, 0x00,
    0x00, 0x00, 0x00, 0x00, 0x00, 0x00, 0x00, 0x00, 0x00, 0x00, 0x00, 0x00, 0x00, 0x00, 0x00, 0x00, 0x00, 0x00, 0x00, 0x00, 0x00, 0x00, 0x00, 0x00,
    0x00, 0x00, 0x00, 0x00, 0x00, 0x00, 0x13, 0x2C, 0x43, 0x57, 0x67, 0x71, 0x71, 0x67, 0x57, 0x43, 0x2C, 0x13, 0x00, 0x00, 0x00, 0x00, 0x00, 0x00,
    0x00, 0x00, 0x00, 0x00, 0x00, 0x00, 0x00, 0x00, 0x00, 0x00, 0x00, 0x00, 0x00, 0x00, 0x00, 0x00, 0x00, 0x00, 0x00, 0x00, 0x00, 0x00, 0x00, 0x00,
    0x00, 0x00, 0x00, 0x00, 0x00, 0x00, 0x00, 0x00, 0x00, 0x00, 0x00, 0x00, 0x00, 0x00, 0x00, 0x00, 0x00, 0x00, 0x00, 0x00, 0x00, 0x00, 0x00, 0x00,
    0x3E, 0x57, 0x6E, 0x82, 0x8D, 0x8A, 0x7B, 0x65, 0x4D, 0x33, 0x19, 0x00, 0x00, 0x00, 0x00, 0x00, 0x00, 0x00, 0x00, 0x00, 0x00, 0x00, 0x00, 0x00,
    0x00, 0x00, 0x00, 0x00, 0x00, 0x00, 0x00, 0x00, 0x09, 0x11, 0x15, 0x14, 0x0F, 0x13, 0x15, 0x12, 0x0B, 0x00, 0x00, 0x00, 0x00, 0x00, 0x00, 0x00,
    0x00, 0x00, 0x00, 0x00, 0x00, 0x00, 0x00, 0x00, 0x00, 0x00, 0x00, 0x03, 0x1E, 0x38, 0x52, 0x6A, 0x7F, 0x8C, 0x8C, 0x7F, 0x6A, 0x52, 0x38, 0x1E,
    0x00, 0x00, 0x05, 0x08, 0x08, 0x08, 0x08, 0x08, 0x08, 0x08, 0x08, 0x08, 0x08, 0x08, 0x08, 0x08, 0x08, 0x08, 0x08, 0x08, 0x08, 0x05, 0x00, 0x00,
    0x00, 0x00, 0x00, 0x00, 0x00, 0x00, 0x00, 0x00, 0x00, 0x00, 0x00, 0x00, 0x00, 0x00, 0x00, 0x00, 0x00, 0x00, 0x00, 0x00, 0x00, 0x00, 0x00, 0x00,
    0x00, 0x00, 0x00, 0x00, 0x00, 0x03, 0x1E, 0x38, 0x52, 0x6A, 0x7F, 0x8C, 0x8C, 0x7F, 0x6A, 0x52, 0x38, 0x1E, 0x03, 0x00, 0x00, 0x00, 0x00, 0x00,
    0x00, 0x00, 0x00, 0x00, 0x00, 0x00, 0x00, 0x00, 0x00, 0x00, 0x00, 0x00, 0x00, 0x00, 0x00, 0x00, 0x00, 0x00, 0x00, 0x00, 0x00, 0x00, 0x00, 0x00,
    0x00, 0x00, 0x00, 0x00, 0x00, 0x00, 0x00, 0x00, 0x00, 0x00, 0x00, 0x00, 0x00, 0x00, 0x00, 0x00, 0x06, 0x0F, 0x14, 0x15, 0x11, 0x09, 0x00, 0x00,
    0x45, 0x61, 0x7C, 0x95, 0xA8, 0xA2, 0x8B, 0x71, 0x57, 0x3D, 0x23, 0x09, 0x00, 0x00, 0x00, 0x00, 0x00, 0x00, 0x00, 0x00, 0x00, 0x00, 0x00, 0x00,
    0x00, 0x00, 0x00, 0x00, 0x00, 0x00, 0x05, 0x16, 0x23, 0x2C, 0x31, 0x30, 0x29, 0x2F, 0x31, 0x2E, 0x25, 0x19, 0x09, 0x00, 0x00, 0x00, 0x00, 0x00,
    0x00, 0x00, 0x00, 0x00, 0x00, 0x00, 0x00, 0x00, 0x00, 0x00, 0x00, 0x09, 0x24, 0x40, 0x5B, 0x77, 0x91, 0xA6, 0xA6, 0x91, 0x77, 0x5B, 0x40, 0x24,
    0x0D, 0x19, 0x21, 0x24, 0x24, 0x24, 0x24, 0x24, 0x24, 0x24, 0x24, 0x24, 0x24, 0x24, 0x24, 0x24, 0x24, 0x24, 0x24, 0x24, 0x24, 0x21, 0x19, 0x0D,
    0x00, 0x00, 0x00, 0x00, 0x00, 0x00, 0x00, 0x00, 0x00, 0x00, 0x00, 0x00, 0x00, 0x00, 0x00, 0x00, 0x00, 0x00, 0x00, 0x00, 0x00, 0x00, 0x00, 0x00,
    0x00, 0x00, 0x00, 0x00, 0x00, 0x09, 0x24, 0x40, 0x5B, 0x77, 0x91, 0xA6, 0xA6, 0x91, 0x77, 0x5B, 0x40, 0x24, 0x09, 0x00, 0x00, 0x00, 0x00, 0x00,
    0x00, 0x00, 0x06, 0x09, 0x09, 0x09, 0x09, 0x09, 0x09, 0x09, 0x09, 0x09, 0x09, 0x09, 0x09, 0x09, 0x09, 0x09, 0x09, 0x09, 0x09, 0x06, 0x00, 0x00,
    0x00, 0x00, 0x00, 0x00, 0x00, 0x00, 0x00, 0x00, 0x00, 0x00, 0x00, 0x00, 0x00, 0x06, 0x0F, 0x18, 0x20, 0x29, 0x30, 0x31, 0x2C, 0x23, 0x16, 0x05,
    0x47, 0x63, 0x7F, 0x9B, 0xB6, 0xB0, 0x96, 0x7B, 0x61, 0x47, 0x2D, 0x13, 0x00, 0x00, 0x00, 0x00, 0x00, 0x00, 0x00, 0x00, 0x00, 0x00, 0x00, 0x00,
    0x00, 0x00, 0x00, 0x00, 0x00, 0x04, 0x19, 0x2C, 0x3C, 0x47, 0x4D, 0x4B, 0x44, 0x4A, 0x4D, 0x49, 0x3F, 0x30, 0x1D, 0x09, 0x00, 0x00, 0x00, 0x00,
    0x00, 0x00, 0x00, 0x00, 0x00, 0x00, 0x00, 0x00, 0x00, 0x00, 0x00, 0x0A, 0x26, 0x42, 0x5E, 0x7A, 0x96, 0xB2, 0xB2, 0x96, 0x7A, 0x5E, 0x42, 0x26,
    0x25, 0x33, 0x3C, 0x40, 0x40, 0x40, 0x40, 0x40, 0x40, 0x40, 0x40, 0x40, 0x40, 0x40, 0x40, 0x40, 0x40, 0x40, 0x40, 0x40, 0x40, 0x3C, 0x33, 0x25,
    0x00, 0x00, 0x00, 0x00, 0x00, 0x00, 0x00, 0x00, 0x00, 0x00, 0x00, 0x00, 0x02, 0x08, 0x0A, 0x07, 0x01, 0x00, 0x00, 0x00, 0x00, 0x00, 0x00, 0x00,
    0x00, 0x00, 0x00, 0x00, 0x00, 0x0A, 0x26, 0x42, 0x5E, 0x7A, 0x96, 0xB2, 0xB2, 0x96, 0x7A, 0x5E, 0x42, 0x26, 0x0A, 0x00, 0x00, 0x00, 0x00, 0x00,
    0x0E, 0x1A, 0x22, 0x25, 0x25, 0x25, 0x25, 0x25, 0x25, 0x25, 0x25, 0x25, 0x25, 0x25, 0x25, 0x25, 0x25, 0x25, 0x25, 0x25, 0x25, 0x22, 0x1A, 0x0E,
    0x00, 0x00, 0x00, 0x00, 0x00, 0x00, 0x00, 0x00, 0x00, 0x00, 0x06, 0x0F, 0x18, 0x20, 0x29, 0x32, 0x3B, 0x44, 0x4B, 0x4D, 0x47, 0x3C, 0x2C, 0x19,
    0x43, 0x5D, 0x77, 0x92, 0xAC, 0xBA, 0xA0, 0x86, 0x6B, 0x51, 0x37, 0x1D, 0x03, 0x00, 0x00, 0x00, 0x00, 0x00, 0x00, 0x00, 0x00, 0x00, 0x00, 0x00,
    0x00, 0x00, 0x00, 0x00, 0x00, 0x14, 0x2B, 0x41, 0x54, 0x62, 0x69, 0x67, 0x5D, 0x65, 0x69, 0x64, 0x57, 0x45, 0x30, 0x19, 0x00, 0x00, 0x00, 0x00,
    0x00, 0x00, 0x00, 0x00, 0x00, 0x00, 0x00, 0x00, 0x00, 0x00, 0x00, 0x0A, 0x26, 0x42, 0x5E, 0x7A, 0x96, 0xB2, 0xB2, 0x96, 0x7A, 0x5E, 0x42, 0x26,
    0x3B, 0x4C, 0x57, 0x5C, 0x5C, 0x5C, 0x5C, 0x5C, 0x5C, 0x5C, 0x5C, 0x5C, 0x5C, 0x5C, 0x5C, 0x5C, 0x5C, 0x5C, 0x5C, 0x5C, 0x5C, 0x57, 0x4C, 0x3B,
    0x00, 0x00, 0x00, 0x00, 0x00, 0x00, 0x00, 0x00, 0x00, 0x00, 0x03, 0x12, 0x1D, 0x24, 0x26, 0x23, 0x1B, 0x0F, 0x00, 0x00, 0x00, 0x00, 0x00, 0x00,
    0x00, 0x00, 0x00, 0x00, 0x00, 0x0A, 0x26, 0x42, 0x5E, 0x7A, 0x96, 0xB2, 0xB2, 0x96, 0x7A, 0x5E, 0x42, 0x26, 0x0A, 0x00, 0x00, 0x00, 0x00, 0x00,
    0x26, 0x34, 0x3D, 0x41, 0x41, 0x41, 0x41, 0x41, 0x41, 0x41, 0x41, 0x41, 0x41, 0x41, 0x41, 0x41, 0x41, 0x41, 0x41, 0x41, 0x41, 0x3D, 0x34, 0x26,
    0x00, 0x00, 0x00, 0x00, 0x00, 0x00, 0x00, 0x06, 0x0F, 0x18, 0x20, 0x29, 0x32, 0x3B, 0x44, 0x4D, 0x56, 0x5E, 0x67, 0x69, 0x62, 0x54, 0x41, 0x2B,
    0x39, 0x53, 0x6D, 0x88, 0xA2, 0xBC, 0xAA, 0x90, 0x75, 0x5B, 0x41, 0x27, 0x0D, 0x00, 0x00, 0x00, 0x00, 0x00, 0x00, 0x00, 0x00, 0x00, 0x00, 0x00,
    0x00, 0x00, 0x00, 0x00, 0x06, 0x20, 0x3A, 0x52, 0x69, 0x7B, 0x84, 0x82, 0x74, 0x80, 0x85, 0x7D, 0x6D, 0x57, 0x3F, 0x25, 0x0B, 0x00, 0x00, 0x00,
    0x00, 0x02, 0x0D, 0x16, 0x19, 0x18, 0x13, 0x09, 0x00, 0x00, 0x00, 0x0A, 0x26, 0x42, 0x5E, 0x7A, 0x96, 0xB2, 0xB2, 0x96, 0x7A, 0x5E, 0x42, 0x26,
    0x4F, 0x63, 0x71, 0x78, 0x78, 0x78, 0x78, 0x78, 0x78, 0x78, 0x78, 0x78, 0x78, 0x78, 0x78, 0x78, 0x78, 0x78, 0x78, 0x78, 0x78, 0x71, 0x63, 0x4F,
    0x00, 0x00, 0x00, 0x00, 0x00, 0x00, 0x00, 0x00, 0x00, 0x06, 0x19, 0x2A, 0x37, 0x3F, 0x42, 0x3E, 0x35, 0x27, 0x15, 0x01, 0x00, 0x00, 0x00, 0x00,
    0x04, 0x0F, 0x17, 0x19, 0x1A, 0x1A, 0x26, 0x42, 0x5E, 0x7A, 0x96, 0xB2, 0xB2, 0x96, 0x7A, 0x5E, 0x42, 0x26, 0x1A, 0x1A, 0x19, 0x17, 0x0F, 0x04,
    0x3C, 0x4D, 0x58, 0x5D, 0x5D, 0x5D, 0x5D, 0x5D, 0x5D, 0x5D, 0x5D, 0x5D, 0x5D, 0x5D, 0x5D, 0x5D, 0x5D, 0x5D, 0x5D, 0x5D, 0x5D, 0x58, 0x4D, 0x3C,
    0x00, 0x00, 0x00, 0x00, 0x06, 0x0F, 0x18, 0x20, 0x29, 0x32, 0x3B, 0x44, 0x4D, 0x56, 0x5E, 0x67, 0x70, 0x79, 0x82, 0x84, 0x7B, 0x69, 0x52, 0x3A,
    0x2F, 0x49, 0x63, 0x7E, 0x98, 0xB2, 0xB4, 0x9A, 0x80, 0x65, 0x4B, 0x31, 0x17, 0x00, 0x00, 0x00, 0x00, 0x00, 0x00, 0x00, 0x00, 0x00, 0x00, 0x00,
    0x00, 0x00, 0x00, 0x00, 0x0D, 0x28, 0x44, 0x5E, 0x78, 0x90, 0xA0, 0x9B, 0x87, 0x98, 0xA1, 0x94, 0x7D, 0x64, 0x49, 0x2E, 0x12, 0x00, 0x00, 0x00,
    0x08, 0x19, 0x27, 0x31, 0x35, 0x34, 0x2E, 0x22, 0x15, 0x07, 0x00, 0x0A, 0x26, 0x42, 0x5E, 0x7A, 0x96, 0xB2, 0xB2, 0x96, 0x7A, 0x5E, 0x42, 0x26,
    0x5E, 0x76, 0x8A, 0x94, 0x94, 0x94, 0x94, 0x94, 0x94, 0x94, 0x94, 0x94, 0x94, 0x94, 0x94, 0x94, 0x94, 0x94, 0x94, 0x94, 0x94, 0x8A, 0x76, 0x5E,
    0x00, 0x00, 0x00, 0x00, 0x00, 0x00, 0x00, 0x00, 0x00, 0x17, 0x2D, 0x41, 0x50, 0x5B, 0x5E, 0x59, 0x4E, 0x3D, 0x29, 0x13, 0x00, 0x00, 0x00, 0x00,
    0x1D, 0x2A, 0x32, 0x35, 0x36, 0x36, 0x36, 0x42, 0x5E, 0x7A, 0x96, 0xB2, 0xB2, 0x96, 0x7A, 0x5E, 0x42, 0x36, 0x36, 0x36, 0x35, 0x32, 0x2A, 0x1D,
    0x50, 0x64, 0x72, 0x79, 0x79, 0x79, 0x79, 0x79, 0x79, 0x79, 0x79, 0x79, 0x79, 0x79, 0x79, 0x79, 0x79, 0x79, 0x79, 0x79, 0x79, 0x72, 0x64, 0x50,
    0x00, 0x03, 0x0F, 0x18, 0x20, 0x29, 0x32, 0x3B, 0x44, 0x4D, 0x56, 0x5E, 0x67, 0x70, 0x79, 0x82, 0x8B, 0x94, 0x9C, 0xA0, 0x90, 0x78, 0x5E, 0x44,
    0x25, 0x3F, 0x59, 0x73, 0x8E, 0xA8, 0xBE, 0xA4, 0x8A, 0x6F, 0x55, 0x3B, 0x21, 0x07, 0x00, 0x00, 0x00, 0x00, 0x00, 0x00, 0x00, 0x00, 0x00, 0x00,
    0x00, 0x00, 0x00, 0x00, 0x14, 0x2F, 0x4A, 0x66, 0x81, 0x9C, 0xB7, 0xAC, 0x90, 0xA6, 0xBC, 0xA1, 0x86, 0x6A, 0x4F, 0x33, 0x18, 0x00, 0x00, 0x00,
    0x1D, 0x30, 0x40, 0x4C, 0x51, 0x50, 0x48, 0x3B, 0x2D, 0x20, 0x13, 0x0A, 0x26, 0x42, 0x5E, 0x7A, 0x96, 0xB2, 0xB2, 0x96, 0x7A, 0x5E, 0x42, 0x26,
    0x68, 0x83, 0x9D, 0xAF, 0xB0, 0xB0, 0xB0, 0xB0, 0xB0, 0xB0, 0xB0, 0xB0, 0xB0, 0xB0, 0xB0, 0xB0, 0xB0, 0xB0, 0xB0, 0xB0, 0xAF, 0x9D, 0x83, 0x68,
    0x00, 0x00, 0x00, 0x00, 0x00, 0x00, 0x00, 0x00, 0x0C, 0x26, 0x3E, 0x55, 0x68, 0x75, 0x7A, 0x73, 0x64, 0x50, 0x39, 0x21, 0x09, 0x00, 0x00, 0x00,
    0x33, 0x43, 0x4D, 0x51, 0x52, 0x52, 0x52, 0x52, 0x5E, 0x7A, 0x96, 0xB2, 0xB2, 0x96, 0x7A, 0x5E, 0x52, 0x52, 0x52, 0x52, 0x51, 0x4D, 0x43, 0x33,
    0x5F, 0x77, 0x8B, 0x95, 0x95, 0x95, 0x95, 0x95, 0x95, 0x95, 0x95, 0x95, 0x95, 0x95, 0x95, 0x95, 0x95, 0x95, 0x95, 0x95, 0x95, 0x8B, 0x77, 0x5F,
    0x09, 0x1A, 0x28, 0x32, 0x3B, 0x44, 0x4D, 0x56, 0x5E, 0x67, 0x70, 0x79, 0x82, 0x8B, 0x94, 0x9C, 0xA5, 0xAE, 0xB7, 0xB7, 0x9B, 0x7F, 0x63, 0x47,
    0x1B, 0x35, 0x4F, 0x69, 0x84, 0x9E, 0xB8, 0xAE, 0x94, 0x79, 0x5F, 0x45, 0x2B, 0x11, 0x00, 0x00, 0x00, 0x00, 0x00, 0x00, 0x00, 0x00, 0x00, 0x00,
    0x00, 0x00, 0x00, 0x00, 0x1B, 0x36, 0x51, 0x6C, 0x87, 0xA3, 0xBE, 0xA7, 0x8C, 0xA2, 0xBD, 0xA7, 0x8B, 0x70, 0x55, 0x39, 0x1E, 0x02, 0x00, 0x00,
    0x2E, 0x44, 0x57, 0x66, 0x6D, 0x6B, 0x61, 0x53, 0x46, 0x39, 0x2B, 0x1E, 0x26, 0x42, 0x5E, 0x7A, 0x96, 0xB2, 0xB2, 0x96, 0x7A, 0x5E, 0x42, 0x26,
    0x69, 0x85, 0xA1, 0xBD, 0xB4, 0xB4, 0xB4, 0xB4, 0xB4, 0xB4, 0xB4, 0xB4, 0xB4, 0xB4, 0xB4, 0xB4, 0xB4, 0xB4, 0xB4, 0xB4, 0xB4, 0x9F, 0x84, 0x68,
    0x00, 0x00, 0x00, 0x00, 0x00, 0x00, 0x00, 0x00, 0x18, 0x31, 0x4B, 0x64, 0x7C, 0x8F, 0x96, 0x8C, 0x78, 0x60, 0x48, 0x30, 0x18, 0x00, 0x00, 0x00,
    0x48, 0x5B, 0x68, 0x6D, 0x6E, 0x6E, 0x6E, 0x6E, 0x6E, 0x7A, 0x96, 0xB2, 0xB2, 0x96, 0x7A, 0x6E, 0x6E, 0x6E, 0x6E, 0x6E, 0x6D, 0x68, 0x5B, 0x48,
    0x68, 0x83, 0x9E, 0xB0, 0xB1, 0xB1, 0xB1, 0xB1, 0xB1, 0xB1, 0xB1, 0xB1, 0xB1, 0xB1, 0xB1, 0xB1, 0xB1, 0xB1, 0xB1, 0xB1, 0xB0, 0x9E, 0x83, 0x68,
    0x1D, 0x31, 0x41, 0x4D, 0x56, 0x5E, 0x67, 0x70, 0x79, 0x82, 0x8B, 0x94, 0x9C, 0xA5, 0xAE, 0xB7, 0xC0, 0xB7, 0xAE, 0xA5, 0x94, 0x7B, 0x60, 0x45,
    0x11, 0x2B, 0x45, 0x5F, 0x79, 0x94, 0xAE, 0xB8, 0x9E, 0x84, 0x69, 0x4F, 0x35, 0x1B, 0x01, 0x00, 0x00, 0x00, 0x00, 0x00, 0x00, 0x00, 0x00, 0x00,
    0x00, 0x00, 0x00, 0x06, 0x22, 0x3D, 0x58, 0x73, 0x8E, 0xA9, 0xBB, 0xA0, 0x85, 0x9C, 0xB8, 0xAD, 0x91, 0x76, 0x5A, 0x3F, 0x23, 0x08, 0x00, 0x00,
    0x3C, 0x55, 0x6C, 0x7E, 0x89, 0x86, 0x79, 0x6C, 0x5F, 0x51, 0x44, 0x36, 0x29, 0x42, 0x5E, 0x7A, 0x96, 0xB2, 0xB2, 0x96, 0x7A, 0x5E, 0x42, 0x26,
    0x69, 0x85, 0xA1, 0xBD, 0xA7, 0x98, 0x98, 0x98, 0x98, 0x98, 0x98, 0x98, 0x98, 0x98, 0x98, 0x98, 0x98, 0x98, 0x98, 0x98, 0x98, 0x8E, 0x79, 0x60,
    0x00, 0x00, 0x00, 0x00, 0x00, 0x00, 0x00, 0x0A, 0x23, 0x3D, 0x57, 0x70, 0x8A, 0xA3, 0xB2, 0x9E, 0x86, 0x6E, 0x56, 0x3E, 0x26, 0x0E, 0x00, 0x00,
    0x59, 0x70, 0x81, 0x89, 0x8A, 0x8A, 0x8A, 0x8A, 0x8A, 0x8A, 0x96, 0xB2, 0xB2, 0x96, 0x8A, 0x8A, 0x8A, 0x8A, 0x8A, 0x8A, 0x89, 0x81, 0x70, 0x59,
    0x68, 0x84, 0x9E, 0xB8, 0xB3, 0xB3, 0xB3, 0xB3, 0xB3, 0xB3, 0xB3, 0xB3, 0xB3, 0xB3, 0xB3, 0xB3, 0xB3, 0xB3, 0xB3, 0xB3, 0xB3, 0x9E, 0x84, 0x68,
    0x2F, 0x45, 0x58, 0x67, 0x70, 0x79, 0x82, 0x8B, 0x94, 0x9C, 0xA5, 0xAE, 0xB7, 0xC0, 0xB7, 0xAE, 0xA5, 0x9C, 0x94, 0x8B, 0x7F, 0x6C, 0x55, 0x3C,
    0x07, 0x21, 0x3B, 0x55, 0x6F, 0x8A, 0xA4, 0xBE, 0xA8, 0x8E, 0x73, 0x59, 0x3F, 0x25, 0x0B, 0x00, 0x00, 0x00, 0x00, 0x00, 0x00, 0x00, 0x00, 0x00,
    0x00, 0x00, 0x00, 0x0D, 0x28, 0x44, 0x5F, 0x7A, 0x95, 0xB0, 0xB4, 0x99, 0x7E, 0x97, 0xB2, 0xB2, 0x97, 0x7B, 0x60, 0x45, 0x29, 0x0E, 0x00, 0x00,
    0x45, 0x60, 0x7A, 0x93, 0xA4, 0x9F, 0x92, 0x85, 0x77, 0x6A, 0x5C, 0x4F, 0x41, 0x42, 0x5E, 0x7A, 0x96, 0xB2, 0xB2, 0x96, 0x7A, 0x5E, 0x42, 0x26,
    0x69, 0x85, 0xA1, 0xBD, 0xA7, 0x8B, 0x7C, 0x7C, 0x7C, 0x7C, 0x7C, 0x7C, 0x7C, 0x7C, 0x7C, 0x7C, 0x7C, 0x7C, 0x7C, 0x7C, 0x7C, 0x75, 0x66, 0x52,
    0x00, 0x00, 0x00, 0x00, 0x00, 0x00, 0x00, 0x15, 0x2F, 0x48, 0x62, 0x7C, 0x95, 0xAF, 0xBB, 0xAD, 0x94, 0x7C, 0x64, 0x4C, 0x34, 0x1C, 0x04, 0x00,
    0x65, 0x7F, 0x97, 0xA5, 0xA6, 0xA6, 0xA6, 0xA6, 0xA6, 0xA6, 0xA6, 0xB2, 0xB2, 0xA6, 0xA6, 0xA6, 0xA6, 0xA6, 0xA6, 0xA6, 0xA5, 0x97, 0x7F, 0x65,
    0x60, 0x79, 0x92, 0xAC, 0xBB, 0xA2, 0x97, 0x97, 0x97, 0x97, 0x97, 0x97, 0x97, 0x97, 0x97, 0x97, 0x97, 0x97, 0x97, 0x97, 0x97, 0x8D, 0x78, 0x60,
    0x3C, 0x55, 0x6C, 0x7F, 0x8B, 0x94, 0x9C, 0xA5, 0xAE, 0xB7, 0xC0, 0xB7, 0xAE, 0xA5, 0x9C, 0x94, 0x8B, 0x82, 0x79, 0x70, 0x67, 0x58, 0x45, 0x2F,
    0x00, 0x17, 0x31, 0x4B, 0x65, 0x80, 0x9A, 0xB4, 0xB2, 0x98, 0x7E, 0x63, 0x49, 0x2F, 0x15, 0x00, 0x00, 0x00, 0x00, 0x00, 0x00, 0x00, 0x00, 0x00,
    0x00, 0x00, 0x00, 0x14, 0x2F, 0x4A, 0x66, 0x81, 0x9C, 0xB7, 0xAE, 0x92, 0x77, 0x91, 0xAC, 0xB8, 0x9D, 0x81, 0x66, 0x4A, 0x2F, 0x13, 0x00, 0x00,
    0x47, 0x63, 0x7F, 0x9B, 0xB7, 0xB8, 0xAB, 0x9D, 0x90, 0x82, 0x75, 0x67, 0x5A, 0x4D, 0x5E, 0x7A, 0x96, 0xB2, 0xB2, 0x96, 0x7A, 0x5E, 0x42, 0x26,
    0x69, 0x85, 0xA1, 0xBD, 0xA7, 0x8B, 0x6F, 0x60, 0x60, 0x60, 0x60, 0x60, 0x60, 0x60, 0x60, 0x60, 0x60, 0x60, 0x60, 0x60, 0x60, 0x5B, 0x4F, 0x3F,
    0x00, 0x00, 0x00, 0x00, 0x00, 0x00, 0x07, 0x21, 0x3A, 0x54, 0x6D, 0x87, 0xA1, 0xBA, 0xAD, 0xBB, 0xA3, 0x8B, 0x73, 0x5B, 0x43, 0x2A, 0x12, 0x00,
    0x69, 0x85, 0xA1, 0xBD, 0xBE, 0xBE, 0xBE, 0xBE, 0xBE, 0xBE, 0xBE, 0xBE, 0xBE, 0xBE, 0xBE, 0xBE, 0xBE, 0xBE, 0xBE, 0xBE, 0xBD, 0xA1, 0x85, 0x69,
    0x54, 0x6D, 0x86, 0x9F, 0xB9, 0xAE, 0x95, 0x7B, 0x7B, 0x7B, 0x7B, 0x7B, 0x7B, 0x7B, 0x7B, 0x7B, 0x7B, 0x7B, 0x7B, 0x7B, 0x7B, 0x74, 0x65, 0x51,
    0x45, 0x60, 0x7B, 0x94, 0xA5, 0xAE, 0xB7, 0xC0, 0xB7, 0xAE, 0xA5, 0x9C, 0x94, 0x8B, 0x82, 0x79, 0x70, 0x67, 0x5E, 0x56, 0x4D, 0x41, 0x31, 0x1D,
    0x00, 0x0D, 0x27, 0x41, 0x5B, 0x75, 0x90, 0xAA, 0xBC, 0xA2, 0x88, 0x6D, 0x53, 0x39, 0x1F, 0x05, 0x00, 0x00, 0x00, 0x00, 0x00, 0x00, 0x00, 0x00,
    0x00, 0x00, 0x00, 0x1B, 0x36, 0x51, 0x6C, 0x87, 0xA3, 0xBE, 0xA7, 0x8C, 0x70, 0x8B, 0xA7, 0xBE, 0xA2, 0x87, 0x6B, 0x50, 0x35, 0x19, 0x00, 0x00,
    0x44, 0x5F, 0x79, 0x91, 0xA2, 0xAF, 0xBD, 0xB6, 0xA8, 0x9B, 0x8D, 0x80, 0x73, 0x65, 0x5E, 0x7A, 0x96, 0xB2, 0xB2, 0x96, 0x7A, 0x5E, 0x42, 0x26,
    0x69, 0x85, 0xA1, 0xBD, 0xA7, 0x8B, 0x6F, 0x53, 0x44, 0x44, 0x44, 0x44, 0x44, 0x44, 0x44, 0x44, 0x44, 0x44, 0x44, 0x44, 0x44, 0x40, 0x37, 0x29,
    0x00, 0x00, 0x00, 0x00, 0x00, 0x00, 0x13, 0x2C, 0x46, 0x5F, 0x79, 0x93, 0xAC, 0xBA, 0xA1, 0xB7, 0xB1, 0x99, 0x81, 0x69, 0x51, 0x39, 0x21, 0x09,
    0x64, 0x7E, 0x95, 0xA2, 0xA2, 0xA2, 0xA2, 0xA2, 0xA2, 0xA2, 0xA2, 0xB2, 0xB2, 0xA2, 0xA2, 0xA2, 0xA2, 0xA2, 0xA2, 0xA2, 0xA2, 0x95, 0x7E, 0x64,
    0x48, 0x61, 0x7A, 0x93, 0xAD, 0xBA, 0xA1, 0x87, 0x6E, 0x5F, 0x5F, 0x5F, 0x5F, 0x5F, 0x5F, 0x5F, 0x5F, 0x5F, 0x5F, 0x5F, 0x5F, 0x5A, 0x4F, 0x3E,
    0x47, 0x63, 0x7F, 0x9B, 0xB7, 0xB7, 0xAE, 0xA5, 0x9C, 0x94, 0x8B, 0x82, 0x79, 0x70, 0x67, 0x5E, 0x56, 0x4D, 0x44, 0x3B, 0x32, 0x28, 0x1A, 0x09,
    0x00, 0x03, 0x1D, 0x37, 0x51, 0x6B, 0x86, 0xA0, 0xBA, 0xAC, 0x92, 0x77, 0x5D, 0x43, 0x29, 0x0F, 0x00, 0x00, 0x00, 0x00, 0x00, 0x00, 0x00, 0x00,
    0x00, 0x00, 0x06, 0x22, 0x3D, 0x58, 0x73, 0x8E, 0xA9, 0xBB, 0xA0, 0x85, 0x6A, 0x85, 0xA1, 0xBC, 0xA8, 0x8D, 0x71, 0x56, 0x3A, 0x1F, 0x04, 0x00,
    0x3A, 0x53, 0x69, 0x7C, 0x89, 0x97, 0xA4, 0xB1, 0xBF, 0xB3, 0xA6, 0x99, 0x8B, 0x7E, 0x70, 0x7A, 0x96, 0xB2, 0xB2, 0x96, 0x7A, 0x5E, 0x42, 0x26,
    0x69, 0x85, 0xA1, 0xBD, 0xA7, 0x8B, 0x6F, 0x53, 0x37, 0x28, 0x28, 0x28, 0x28, 0x28, 0x28, 0x28, 0x28, 0x28, 0x28, 0x28, 0x28, 0x25, 0x1D, 0x11,
    0x00, 0x00, 0x00, 0x00, 0x00, 0x05, 0x1E, 0x38, 0x51, 0x6B, 0x84, 0x9E, 0xB8, 0xAF, 0x95, 0xA8, 0xBF, 0xA7, 0x8F, 0x77, 0x5F, 0x47, 0x2F, 0x17,
    0x58, 0x6D, 0x7E, 0x86, 0x86, 0x86, 0x86, 0x86, 0x86, 0x86, 0x96, 0xB2, 0xB2, 0x96, 0x86, 0x86, 0x86, 0x86, 0x86, 0x86, 0x86, 0x7E, 0x6D, 0x58,
    0x3C, 0x55, 0x6E, 0x87, 0xA0, 0xBA, 0xAD, 0x94, 0x7A, 0x61, 0x48, 0x43, 0x43, 0x43, 0x43, 0x43, 0x43, 0x43, 0x43, 0x43, 0x43, 0x3F, 0x36, 0x28,
    0x44, 0x5E, 0x78, 0x90, 0xA0, 0x9C, 0x94, 0x8B, 0x82, 0x79, 0x70, 0x67, 0x5E, 0x56, 0x4D, 0x44, 0x3B, 0x32, 0x29, 0x20, 0x18, 0x0F, 0x03, 0x00,
    0x00, 0x00, 0x13, 0x2D, 0x47, 0x61, 0x7B, 0x96, 0xB0, 0xB6, 0x9C, 0x82, 0x67, 0x4D, 0x33, 0x19, 0x00, 0x00, 0x00, 0x00, 0x00, 0x00, 0x00, 0x00,
    0x00, 0x00, 0x0D, 0x28, 0x44, 0x5F, 0x7A, 0x95, 0xB0, 0xB4, 0x99, 0x7E, 0x64, 0x80, 0x9B, 0xB7, 0xAE, 0x92, 0x77, 0x5B, 0x40, 0x25, 0x09, 0x00,
    0x2C, 0x42, 0x55, 0x63, 0x71, 0x7E, 0x8B, 0x99, 0xA6, 0xB4, 0xBF, 0xB1, 0xA4, 0x96, 0x89, 0x7C, 0x96, 0xB2, 0xB2, 0x96, 0x7A, 0x5E, 0x42, 0x26,
    0x69, 0x85, 0xA1, 0xBD, 0xA7, 0x8B, 0x6F, 0x53, 0x37, 0x1B, 0x0C, 0x0C, 0x0C, 0x0C, 0x0C, 0x0C, 0x0C, 0x0C, 0x0C, 0x0C, 0x0C, 0x09, 0x03, 0x00,
    0x00, 0x00, 0x00, 0x00, 0x00, 0x10, 0x2A, 0x43, 0x5D, 0x76, 0x90, 0xA9, 0xBD, 0xA3, 0x8A, 0x9A, 0xB2, 0xB6, 0x9E, 0x86, 0x6E, 0x55, 0x3D, 0x25,
    0x46, 0x58, 0x65, 0x6A, 0x6A, 0x6A, 0x6A, 0x6A, 0x6A, 0x7A, 0x96, 0xB2, 0xB2, 0x96, 0x7A, 0x6A, 0x6A, 0x6A, 0x6A, 0x6A, 0x6A, 0x65, 0x58, 0x46,
    0x2F, 0x49, 0x62, 0x7B, 0x94, 0xAE, 0xB9, 0xA0, 0x86, 0x6D, 0x54, 0x3B, 0x27, 0x27, 0x27, 0x27, 0x27, 0x27, 0x27, 0x27, 0x27, 0x24, 0x1C, 0x10,
    0x3A, 0x52, 0x69, 0x7B, 0x84, 0x82, 0x79, 0x70, 0x67, 0x5E, 0x56, 0x4D, 0x44, 0x3B, 0x32, 0x29, 0x20, 0x29, 0x30, 0x31, 0x2C, 0x23, 0x16, 0x05,
    0x00, 0x00, 0x09, 0x23, 0x3D, 0x57, 0x71, 0x8C, 0xA6, 0xC0, 0xA6, 0x8C, 0x71, 0x57, 0x3D, 0x23, 0x09, 0x00, 0x00, 0x00, 0x00, 0x00, 0x00, 0x00,
    0x00, 0x00, 0x14, 0x2F, 0x4A, 0x66, 0x81, 0x9C, 0xB7, 0xAE, 0x92, 0x77, 0x5F, 0x7A, 0x95, 0xB1, 0xB3, 0x98, 0x7D, 0x61, 0x46, 0x2A, 0x0F, 0x00,
    0x1A, 0x2D, 0x3D, 0x4B, 0x58, 0x65, 0x73, 0x80, 0x8E, 0x9B, 0xA8, 0xB6, 0xBC, 0xAF, 0xA2, 0x94, 0x96, 0xB2, 0xB2, 0x96, 0x7A, 0x5E, 0x42, 0x26,
    0x69, 0x85, 0xA1, 0xBD, 0xA7, 0x8B, 0x6F, 0x53, 0x37, 0x1B, 0x00, 0x00, 0x00, 0x00, 0x00, 0x00, 0x00, 0x00, 0x00, 0x00, 0x00, 0x00, 0x00, 0x00,
    0x00, 0x00, 0x00, 0x00, 0x02, 0x1C, 0x35, 0x4F, 0x68, 0x82, 0x9B, 0xB5, 0xB1, 0x98, 0x7E, 0x8C, 0xA4, 0xBC, 0xAC, 0x94, 0x7C, 0x64, 0x4C, 0x34,
    0x31, 0x40, 0x4A, 0x4E, 0x4E, 0x4E, 0x4E, 0x4E, 0x5E, 0x7A, 0x96, 0xB2, 0xB2, 0x96, 0x7A, 0x5E, 0x4E, 0x4E, 0x4E, 0x4E, 0x4E, 0x4A, 0x40, 0x31,
    0x23, 0x3C, 0x56, 0x6F, 0x88, 0xA1, 0xBB, 0xAC, 0x93, 0x79, 0x60, 0x47, 0x2E, 0x14, 0x0B, 0x0B, 0x0B, 0x0B, 0x0B, 0x0B, 0x0B, 0x08, 0x02, 0x00,
    0x2B, 0x41, 0x54, 0x62, 0x69, 0x67, 0x5E, 0x56, 0x4D, 0x44, 0x3B, 0x32, 0x29, 0x20, 0x29, 0x32, 0x3B, 0x44, 0x4B, 0x4D, 0x47, 0x3C, 0x2C, 0x19,
    0x00, 0x00, 0x00, 0x19, 0x33, 0x4D, 0x67, 0x82, 0x9C, 0xB6, 0xB0, 0x96, 0x7B, 0x61, 0x47, 0x2D, 0x13, 0x00, 0x00, 0x00, 0x00, 0x00, 0x00, 0x00,
    0x00, 0x00, 0x1B, 0x36, 0x51, 0x6C, 0x87, 0xA3, 0xBE, 0xA7, 0x8C, 0x70, 0x59, 0x74, 0x90, 0xAB, 0xB9, 0x9E, 0x82, 0x67, 0x4B, 0x30, 0x15, 0x00,
    0x06, 0x17, 0x25, 0x32, 0x3F, 0x4D, 0x5A, 0x68, 0x75, 0x82, 0x90, 0x9D, 0xAB, 0xB8, 0xBA, 0xAD, 0x9F, 0xB2, 0xB2, 0x96, 0x7A, 0x5E, 0x42, 0x26,
    0x69, 0x85, 0xA1, 0xBD, 0xA7, 0x8B, 0x6F, 0x53, 0x37, 0x1B, 0x00, 0x00, 0x00, 0x00, 0x00, 0x00, 0x00, 0x00, 0x00, 0x00, 0x00, 0x00, 0x00, 0x00,
    0x00, 0x00, 0x00, 0x00, 0x0E, 0x27, 0x41, 0x5A, 0x74, 0x8D, 0xA7, 0xBF, 0xA6, 0x8C, 0x73, 0x7D, 0x95, 0xAD, 0xBA, 0xA2, 0x8A, 0x72, 0x5A, 0x42,
    0x1A, 0x26, 0x2F, 0x32, 0x32, 0x32, 0x32, 0x42, 0x5E, 0x7A, 0x96, 0xB2, 0xB2, 0x96, 0x7A, 0x5E, 0x42, 0x32, 0x32, 0x32, 0x32, 0x2F, 0x26, 0x1A,
    0x17, 0x30, 0x4A, 0x63, 0x7C, 0x95, 0xAF, 0xB8, 0x9F, 0x85, 0x6C, 0x53, 0x3A, 0x24, 0x26, 0x23, 0x1B, 0x0F, 0x00, 0x00, 0x00, 0x00, 0x00, 0x00,
    0x19, 0x2C, 0x3C, 0x47, 0x4D, 0x4B, 0x44, 0x3B, 0x32, 0x29, 0x20, 0x29, 0x32, 0x3B, 0x44, 0x4D, 0x56, 0x5E, 0x67, 0x69, 0x62, 0x54, 0x41, 0x2B,
    0x00, 0x00, 0x00, 0x0F, 0x29, 0x43, 0x5D, 0x77, 0x92, 0xAC, 0xBA, 0xA0, 0x86, 0x6B, 0x51, 0x37, 0x1D, 0x03, 0x00, 0x00, 0x00, 0x00, 0x00, 0x00,
    0x00, 0x06, 0x22, 0x3D, 0x58, 0x73, 0x8E, 0xA9, 0xBB, 0xA0, 0x85, 0x6A, 0x53, 0x6F, 0x8A, 0xA5, 0xBF, 0xA3, 0x88, 0x6D, 0x51, 0x36, 0x1A, 0x00,
    0x00, 0x00, 0x0C, 0x19, 0x27, 0x34, 0x42, 0x4F, 0x5C, 0x6A, 0x77, 0x85, 0x92, 0xA0, 0xAD, 0xBA, 0xB8, 0xB2, 0xB2, 0x96, 0x7A, 0x5E, 0x42, 0x26,
    0x69, 0x85, 0xA1, 0xBD, 0xA7, 0x8B, 0x6F, 0x53, 0x37, 0x1B, 0x00, 0x00, 0x00, 0x00, 0x00, 0x00, 0x00, 0x00, 0x00, 0x00, 0x00, 0x00, 0x00, 0x00,
    0x00, 0x00, 0x00, 0x00, 0x19, 0x33, 0x4C, 0x66, 0x7F, 0x99, 0xB2, 0xB4, 0x9A, 0x81, 0x67, 0x6F, 0x87, 0x9F, 0xB7, 0xB1, 0x98, 0x80, 0x68, 0x50,
    0x01, 0x0C, 0x13, 0x1D, 0x2D, 0x39, 0x40, 0x42, 0x5E, 0x7A, 0x96, 0xB2, 0xB2, 0x96, 0x7A, 0x5E, 0x42, 0x40, 0x39, 0x2D, 0x1D, 0x13, 0x0C, 0x01,
    0x0B, 0x24, 0x3D, 0x57, 0x70, 0x89, 0xA2, 0xBC, 0xAB, 0x92, 0x78, 0x5F, 0x46, 0x3F, 0x42, 0x3E, 0x35, 0x27, 0x15, 0x01, 0x00, 0x00, 0x00, 0x00,
    0x05, 0x16, 0x23, 0x2C, 0x31, 0x30, 0x29, 0x20, 0x29, 0x32, 0x3B, 0x44, 0x4D, 0x56, 0x5E, 0x67, 0x70, 0x79, 0x82, 0x84, 0x7B, 0x69, 0x52, 0x3A,
    0x00, 0x00, 0x00, 0x05, 0x1F, 0x39, 0x53, 0x6D, 0x88, 0xA2, 0xBC, 0xAA, 0x90, 0x75, 0x5B, 0x41, 0x27, 0x0D, 0x00, 0x00, 0x00, 0x00, 0x00, 0x00,
    0x00, 0x0D, 0x28, 0x44, 0x5F, 0x7A, 0x95, 0xB0, 0xB4, 0x99, 0x7E, 0x63, 0x4E, 0x69, 0x84, 0xA0, 0xBB, 0xA9, 0x8E, 0x72, 0x57, 0x3B, 0x20, 0x05,
    0x00, 0x00, 0x00, 0x01, 0x0E, 0x1C, 0x29, 0x36, 0x44, 0x51, 0x5F, 0x6C, 0x7A, 0x87, 0x94, 0xA2, 0xAF, 0xBD, 0xB2, 0x96, 0x7A, 0x5E, 0x42, 0x26,
    0x69, 0x85, 0xA1, 0xBD, 0xA7, 0x8B, 0x6F, 0x53, 0x37, 0x1D, 0x05, 0x00, 0x00, 0x00, 0x00, 0x00, 0x00, 0x00, 0x00, 0x00, 0x00, 0x00, 0x00, 0x00,
    0x00, 0x00, 0x00, 0x0B, 0x25, 0x3E, 0x58, 0x71, 0x8B, 0xA4, 0xBE, 0xA8, 0x8F, 0x75, 0x5C, 0x61, 0x79, 0x91, 0xA9, 0xBF, 0xA7, 0x8F, 0x77, 0x5E,
    0x00, 0x05, 0x1C, 0x31, 0x44, 0x53, 0x5C, 0x5D, 0x5E, 0x7A, 0x96, 0xB2, 0xB2, 0x96, 0x7A, 0x5E, 0x5D, 0x5C, 0x53, 0x44, 0x31, 0x1C, 0x05, 0x00,
    0x00, 0x18, 0x31, 0x4B, 0x64, 0x7D, 0x96, 0xAF, 0xB7, 0x9E, 0x84, 0x6B, 0x52, 0x5B, 0x5E, 0x59, 0x4E, 0x3D, 0x29, 0x13, 0x00, 0x00, 0x00, 0x00,
    0x00, 0x03, 0x0F, 0x18, 0x20, 0x29, 0x32, 0x3B, 0x44, 0x4D, 0x56, 0x5E, 0x67, 0x70, 0x79, 0x82, 0x8B, 0x94, 0x9C, 0xA0, 0x90, 0x78, 0x5E, 0x44,
    0x00, 0x00, 0x00, 0x00, 0x15, 0x2F, 0x49, 0x63, 0x7E, 0x98, 0xB2, 0xB4, 0x9A, 0x80, 0x65, 0x4B, 0x31, 0x17, 0x00, 0x00, 0x00, 0x00, 0x00, 0x00,
    0x00, 0x14, 0x2F, 0x4A, 0x66, 0x81, 0x9C, 0xB7, 0xAE, 0x92, 0x77, 0x5C, 0x48, 0x63, 0x7F, 0x9A, 0xB5, 0xAF, 0x93, 0x78, 0x5D, 0x41, 0x26, 0x0A,
    0x00, 0x00, 0x00, 0x00, 0x00, 0x03, 0x11, 0x1E, 0x2B, 0x39, 0x46, 0x54, 0x61, 0x6E, 0x7C, 0x89, 0x97, 0xB2, 0xB2, 0x96, 0x7A, 0x5E, 0x42, 0x26,
    0x69, 0x85, 0xA1, 0xBD, 0xA7, 0x8B, 0x73, 0x5B, 0x44, 0x2C, 0x14, 0x00, 0x00, 0x00, 0x00, 0x00, 0x00, 0x00, 0x00, 0x00, 0x00, 0x00, 0x00, 0x00,
    0x00, 0x00, 0x00, 0x17, 0x30, 0x4A, 0x63, 0x7D, 0x96, 0xB0, 0xB6, 0x9D, 0x83, 0x6A, 0x50, 0x52, 0x6A, 0x82, 0x9A, 0xB2, 0xB5, 0x9D, 0x83, 0x68,
    0x00, 0x12, 0x2B, 0x43, 0x59, 0x6B, 0x77, 0x79, 0x71, 0x7A, 0x96, 0xB2, 0xB2, 0x96, 0x7A, 0x71, 0x79, 0x77, 0x6B, 0x59, 0x43, 0x2B, 0x12, 0x00,
    0x00, 0x0C, 0x25, 0x3E, 0x58, 0x71, 0x8A, 0xA3, 0xBD, 0xAA, 0x91, 0x77, 0x68, 0x75, 0x7A, 0x73, 0x64, 0x50, 0x39, 0x21, 0x07, 0x00, 0x00, 0x00,
    0x09, 0x1A, 0x28, 0x32, 0x3B, 0x44, 0x4D, 0x56, 0x5E, 0x67, 0x70, 0x79, 0x82, 0x8B, 0x94, 0x9C, 0xA5, 0xAE, 0xB7, 0xB7, 0x9B, 0x7F, 0x63, 0x47,
    0x00, 0x00, 0x00, 0x00, 0x0B, 0x25, 0x3F, 0x59, 0x73, 0x8E, 0xA8, 0xBE, 0xA4, 0x8A, 0x6F, 0x55, 0x3B, 0x21, 0x07, 0x00, 0x00, 0x00, 0x00, 0x00,
    0x00, 0x1B, 0x36, 0x51, 0x6C, 0x87, 0xA3, 0xBE, 0xA7, 0x8C, 0x70, 0x55, 0x42, 0x5E, 0x79, 0x94, 0xB0, 0xB5, 0x99, 0x7E, 0x62, 0x47, 0x2B, 0x10,
    0x00, 0x00, 0x00, 0x00, 0x00, 0x00, 0x00, 0x05, 0x13, 0x20, 0x2E, 0x3B, 0x48, 0x56, 0x63, 0x7A, 0x96, 0xB2, 0xB2, 0x96, 0x7A, 0x5E, 0x42, 0x26,
    0x68, 0x84, 0x9F, 0xB7, 0xB1, 0x99, 0x82, 0x6A, 0x53, 0x3B, 0x23, 0x0C, 0x00, 0x00, 0x00, 0x00, 0x00, 0x00, 0x00, 0x00, 0x00, 0x00, 0x00, 0x00,
    0x00, 0x00, 0x09, 0x22, 0x3C, 0x55, 0x6F, 0x88, 0xA2, 0xBB, 0xAB, 0x91, 0x78, 0x5E, 0x45, 0x44, 0x5C, 0x74, 0x8C, 0xA4, 0xB4, 0x9F, 0x84, 0x68,
    0x00, 0x1B, 0x36, 0x50, 0x69, 0x80, 0x91, 0x95, 0x88, 0x7A, 0x96, 0xB2, 0xB2, 0x96, 0x7A, 0x88, 0x95, 0x91, 0x80, 0x69, 0x50, 0x36, 0x1B, 0x00,
    0x00, 0x00, 0x19, 0x32, 0x4C, 0x65, 0x7E, 0x97, 0xB0, 0xB6, 0x9D, 0x84, 0x7C, 0x8F, 0x96, 0x8C, 0x78, 0x5F, 0x46, 0x2B, 0x10, 0x00, 0x00, 0x00,
    0x1D, 0x31, 0x41, 0x4D, 0x56, 0x5E, 0x67, 0x70, 0x79, 0x82, 0x8B, 0x94, 0x9C, 0xA5, 0xAE, 0xB7, 0xC0, 0xB7, 0xAE, 0xA5, 0x94, 0x7B, 0x60, 0x45,
    0x00, 0x00, 0x00, 0x00, 0x01, 0x1B, 0x35, 0x4F, 0x69, 0x84, 0x9E, 0xB8, 0xAE, 0x94, 0x79, 0x5F, 0x45, 0x2B, 0x11, 0x00, 0x00, 0x00, 0x00, 0x00,
    0x06, 0x22, 0x3D, 0x58, 0x73, 0x8E, 0xA9, 0xBB, 0xA0, 0x85, 0x6A, 0x4E, 0x3C, 0x58, 0x73, 0x8F, 0xAA, 0xBA, 0x9F, 0x83, 0x68, 0x4D, 0x31, 0x16,
    0x00, 0x00, 0x00, 0x00, 0x00, 0x00, 0x00, 0x00, 0x00, 0x08, 0x15, 0x22, 0x30, 0x42, 0x5E, 0x7A, 0x96, 0xB2, 0xB2, 0x96, 0x7A, 0x5E, 0x42, 0x26,
    0x60, 0x79, 0x90, 0xA8, 0xC0, 0xA8, 0x91, 0x79, 0x62, 0x4A, 0x33, 0x1B, 0x03, 0x00, 0x00, 0x00, 0x00, 0x00, 0x00, 0x00, 0x00, 0x00, 0x00, 0x00,
    0x00, 0x00, 0x14, 0x2E, 0x47, 0x61, 0x7A, 0x94, 0xAD, 0xB9, 0x9F, 0x86, 0x6C, 0x53, 0x39, 0x36, 0x4E, 0x66, 0x7D, 0x91, 0x98, 0x8E, 0x79, 0x60,
    0x05, 0x21, 0x3C, 0x58, 0x73, 0x8E, 0xA8, 0xB0, 0x99, 0x7E, 0x96, 0xB2, 0xB2, 0x96, 0x7E, 0x99, 0xB0, 0xA8, 0x8E, 0x73, 0x58, 0x3C, 0x21, 0x05,
    0x00, 0x00, 0x0D, 0x26, 0x3F, 0x59, 0x72, 0x8B, 0xA4, 0xBE, 0xA9, 0x90, 0x8F, 0xA4, 0xB2, 0x9E, 0x83, 0x68, 0x4C, 0x30, 0x14, 0x00, 0x00, 0x00,
    0x2F, 0x45, 0x58, 0x67, 0x70, 0x79, 0x82, 0x8B, 0x94, 0x9C, 0xA5, 0xAE, 0xB7, 0xC0, 0xB7, 0xAE, 0xA5, 0x9C, 0x94, 0x8B, 0x7F, 0x6C, 0x55, 0x3C,
    0x00, 0x00, 0x00, 0x00, 0x00, 0x11, 0x2B, 0x45, 0x5F, 0x79, 0x94, 0xAE, 0xB8, 0x9E, 0x84, 0x69, 0x4F, 0x35, 0x1B, 0x01, 0x00, 0x00, 0x00, 0x00,
    0x0D, 0x28, 0x44, 0x5F, 0x7A, 0x95, 0xB0, 0xB4, 0x99, 0x7E, 0x63, 0x48, 0x37, 0x52, 0x6D, 0x89, 0xA4, 0xC0, 0xA5, 0x89, 0x6E, 0x52, 0x37, 0x1B,
    0x00, 0x00, 0x00, 0x00, 0x00, 0x00, 0x00, 0x00, 0x00, 0x00, 0x00, 0x0A, 0x26, 0x42, 0x5E, 0x7A, 0x96, 0xB2, 0xB2, 0x96, 0x7A, 0x5E, 0x42, 0x26,
    0x52, 0x6A, 0x81, 0x99, 0xB1, 0xB8, 0xA0, 0x88, 0x71, 0x59, 0x42, 0x2A, 0x12, 0x00, 0x00, 0x00, 0x00, 0x00, 0x00, 0x00, 0x00, 0x00, 0x00, 0x00,
    0x00, 0x06, 0x20, 0x39, 0x53, 0x6C, 0x86, 0x9F, 0xB9, 0xAD, 0x94, 0x7A, 0x61, 0x47, 0x2E, 0x27, 0x3F, 0x56, 0x6A, 0x78, 0x7C, 0x75, 0x66, 0x52,
    0x0B, 0x26, 0x42, 0x5D, 0x78, 0x94, 0xAF, 0xB5, 0x99, 0x7E, 0x96, 0xB2, 0xB2, 0x96, 0x7E, 0x99, 0xB5, 0xAF, 0x94, 0x78, 0x5D, 0x42, 0x26, 0x0B,
    0x00, 0x00, 0x01, 0x1A, 0x33, 0x4C, 0x66, 0x7F, 0x98, 0xB1, 0xB5, 0x9C, 0xA1, 0xB6, 0xB5, 0x9E, 0x83, 0x68, 0x4C, 0x30, 0x14, 0x00, 0x00, 0x00,
    0x3C, 0x55, 0x6C, 0x7F, 0x8B, 0x94, 0x9C, 0xA5, 0xAE, 0xB7, 0xC0, 0xB7, 0xAE, 0xA5, 0x9C, 0x94, 0x8B, 0x82, 0x79, 0x70, 0x67, 0x58, 0x45, 0x2F,
    0x00, 0x00, 0x00, 0x00, 0x00, 0x07, 0x21, 0x3B, 0x55, 0x6F, 0x8A, 0xA4, 0xBE, 0xA8, 0x8E, 0x73, 0x59, 0x3F, 0x25, 0x0B, 0x00, 0x00, 0x00, 0x00,
    0x14, 0x2F, 0x4A, 0x66, 0x81, 0x9C, 0xB7, 0xAE, 0x92, 0x77, 0x5C, 0x41, 0x31, 0x4C, 0x68, 0x83, 0x9F, 0xBA, 0xAA, 0x8F, 0x73, 0x58, 0x3D, 0x21,
    0x00, 0x00, 0x00, 0x00, 0x00, 0x00, 0x00, 0x00, 0x00, 0x00, 0x00, 0x0A, 0x26, 0x42, 0x5E, 0x7A, 0x96, 0xB2, 0xB2, 0x96, 0x7A, 0x5E, 0x42, 0x26,
    0x43, 0x5B, 0x72, 0x8A, 0xA1, 0xB9, 0xAF, 0x97, 0x80, 0x68, 0x51, 0x39, 0x21, 0x0A, 0x00, 0x00, 0x00, 0x00, 0x00, 0x00, 0x00, 0x00, 0x00, 0x00,
    0x00, 0x12, 0x2B, 0x45, 0x5E, 0x78, 0x91, 0xAB, 0xBB, 0xA2, 0x88, 0x6F, 0x55, 0x3C, 0x22, 0x19, 0x2F, 0x42, 0x52, 0x5D, 0x60, 0x5B, 0x4F, 0x3F,
    0x10, 0x2C, 0x47, 0x62, 0x7E, 0x99, 0xB5, 0xAF, 0x94, 0x7A, 0x96, 0xB2, 0xB2, 0x96, 0x7A, 0x94, 0xAF, 0xB5, 0x99, 0x7E, 0x62, 0x47, 0x2C, 0x10,
    0x00, 0x00, 0x00, 0x0E, 0x27, 0x40, 0x5A, 0x73, 0x8C, 0xA5, 0xBF, 0xA8, 0xB3, 0xB7, 0xA2, 0x8D, 0x78, 0x5F, 0x46, 0x2B, 0x10, 0x00, 0x00, 0x00,
    0x45, 0x60, 0x7B, 0x94, 0xA5, 0xAE, 0xB7, 0xC0, 0xB7, 0xAE, 0xA5, 0x9C, 0x94, 0x8B, 0x82, 0x79, 0x70, 0x67, 0x5E, 0x56, 0x4D, 0x41, 0x31, 0x1D,
    0x00, 0x00, 0x00, 0x00, 0x00, 0x00, 0x17, 0x31, 0x4B, 0x65, 0x80, 0x9A, 0xB4, 0xB2, 0x98, 0x7E, 0x63, 0x49, 0x2F, 0x15, 0x00, 0x00, 0x00, 0x00,
    0x1B, 0x36, 0x51, 0x6C, 0x87, 0xA3, 0xBE, 0xA7, 0x8C, 0x70, 0x55, 0x3A, 0x2B, 0x47, 0x62, 0x7D, 0x99, 0xB4, 0xB0, 0x95, 0x79, 0x5E, 0x42, 0x27,
    0x00, 0x00, 0x00, 0x00, 0x00, 0x00, 0x00, 0x00, 0x00, 0x00, 0x00, 0x0A, 0x26, 0x42, 0x5E, 0x7A, 0x96, 0xB2, 0xB2, 0x96, 0x7A, 0x5E, 0x42, 0x26,
    0x34, 0x4C, 0x63, 0x7B, 0x92, 0xAA, 0xBE, 0xA7, 0x8F, 0x77, 0x60, 0x48, 0x31, 0x19, 0x01, 0x00, 0x00, 0x00, 0x00, 0x00, 0x00, 0x00, 0x00, 0x00,
    0x04, 0x1D, 0x37, 0x50, 0x6A, 0x83, 0x9D, 0xB6, 0xB0, 0x96, 0x7D, 0x63, 0x4A, 0x30, 0x17, 0x07, 0x1B, 0x2C, 0x39, 0x42, 0x44, 0x40, 0x37, 0x29,
    0x16, 0x31, 0x4D, 0x68, 0x83, 0x9F, 0xBA, 0xAA, 0x8E, 0x7A, 0x96, 0xB2, 0xB2, 0x96, 0x7A, 0x8E, 0xAA, 0xBA, 0x9F, 0x83, 0x68, 0x4D, 0x31, 0x16,
    0x00, 0x00, 0x00, 0x08, 0x1D, 0x34, 0x4D, 0x67, 0x80, 0x99, 0xB2, 0xB4, 0xBA, 0xA5, 0x90, 0x7B, 0x65, 0x50, 0x39, 0x21, 0x07, 0x00, 0x00, 0x00,
    0x47, 0x63, 0x7F, 0x9B, 0xB7, 0xB7, 0xAE, 0xA5, 0x9C, 0x94, 0x8B, 0x82, 0x79, 0x70, 0x67, 0x5E, 0x56, 0x4D, 0x44, 0x3B, 0x32, 0x28, 0x1A, 0x09,
    0x00, 0x00, 0x00, 0x00, 0x00, 0x00, 0x0D, 0x27, 0x41, 0x5B, 0x75, 0x90, 0xAA, 0xBC, 0xA2, 0x88, 0x6D, 0x53, 0x39, 0x1F, 0x05, 0x00, 0x00, 0x00,
    0x22, 0x3D, 0x58, 0x73, 0x8E, 0xA9, 0xBB, 0xA0, 0x85, 0x6A, 0x4E, 0x33, 0x26, 0x41, 0x5C, 0x78, 0x93, 0xAF, 0xB6, 0x9A, 0x7F, 0x63, 0x48, 0x2D,
    0x00, 0x00, 0x00, 0x00, 0x00, 0x00, 0x00, 0x00, 0x00, 0x00, 0x00, 0x0A, 0x26, 0x42, 0x5E, 0x7A, 0x96, 0xB2, 0xB2, 0x96, 0x7A, 0x5E, 0x42, 0x26,
    0x25, 0x3D, 0x54, 0x6C, 0x83, 0x9B, 0xB2, 0xB6, 0x9E, 0x86, 0x6F, 0x57, 0x40, 0x28, 0x10, 0x00, 0x00, 0x00, 0x00, 0x00, 0x00, 0x00, 0x00, 0x00,
    0x0F, 0x29, 0x42, 0x5C, 0x75, 0x8F, 0xA8, 0xBE, 0xA4, 0x8B, 0x71, 0x58, 0x3E, 0x25, 0x0B, 0x00, 0x05, 0x14, 0x1F, 0x26, 0x28, 0x25, 0x1D, 0x11,
    0x1B, 0x37, 0x52, 0x6D, 0x89, 0xA4, 0xC0, 0xA4, 0x89, 0x7A, 0x96, 0xB2, 0xB2, 0x96, 0x7A, 0x89, 0xA4, 0xC0, 0xA4, 0x89, 0x6D, 0x52, 0x37, 0x1B,
    0x00, 0x00, 0x06, 0x1B, 0x30, 0x45, 0x5A, 0x6F, 0x84, 0x99, 0xAE, 0xC0, 0xA7, 0x92, 0x7D, 0x68, 0x53, 0x3E, 0x29, 0x13, 0x00, 0x00, 0x00, 0x00,
    0x44, 0x5E, 0x78, 0x90, 0xA0, 0x9C, 0x94, 0x8B, 0x82, 0x79, 0x70, 0x67, 0x5E, 0x56, 0x4D, 0x44, 0x3B, 0x32, 0x29, 0x20, 0x18, 0x0F, 0x03, 0x00,
    0x00, 0x00, 0x00, 0x00, 0x00, 0x00, 0x03, 0x1D, 0x37, 0x51, 0x6B, 0x86, 0xA0, 0xBA, 0xAC, 0x92, 0x77, 0x5D, 0x43, 0x29, 0x0F, 0x00, 0x00, 0x00,
    0x28, 0x44, 0x5F, 0x7A, 0x95, 0xB0, 0xB4, 0x99, 0x7E, 0x63, 0x48, 0x2C, 0x20, 0x3B, 0x57, 0x72, 0x8D, 0xA9, 0xBB, 0xA0, 0x85, 0x69, 0x4E, 0x32,
    0x00, 0x00, 0x00, 0x00, 0x00, 0x00, 0x00, 0x00, 0x00, 0x00, 0x00, 0x0A, 0x26, 0x42, 0x5E, 0x7A, 0x96, 0xB2, 0xB2, 0x96, 0x7A, 0x5E, 0x42, 0x26,
    0x16, 0x2D, 0x45, 0x5D, 0x74, 0x8C, 0xA3, 0xBB, 0xAD, 0x96, 0x7E, 0x66, 0x4F, 0x37, 0x20, 0x08, 0x00, 0x00, 0x00, 0x00, 0x00, 0x00, 0x00, 0x00,
    0x1B, 0x34, 0x4E, 0x67, 0x81, 0x9A, 0xB4, 0xB2, 0x99, 0x7F, 0x66, 0x4C, 0x33, 0x19, 0x00, 0x00, 0x00, 0x00, 0x04, 0x0A, 0x0C, 0x09, 0x03, 0x00,
    0x21, 0x3C, 0x58, 0x73, 0x8E, 0xAA, 0xBA, 0x9F, 0x83, 0x7A, 0x96, 0xB2, 0xB2, 0x96, 0x7A, 0x83, 0x9F, 0xBA, 0xAA, 0x8E, 0x73, 0x58, 0x3C, 0x21,
    0x00, 0x03, 0x18, 0x2D, 0x42, 0x57, 0x6C, 0x81, 0x96, 0xAC, 0xBF, 0xB3, 0xB3, 0x9A, 0x81, 0x67, 0x4E, 0x35, 0x1C, 0x02, 0x00, 0x00, 0x00, 0x00,
    0x3A, 0x52, 0x69, 0x7B, 0x84, 0x82, 0x79, 0x70, 0x67, 0x5E, 0x56, 0x4D, 0x44, 0x3B, 0x32, 0x29, 0x20, 0x29, 0x30, 0x31, 0x2C, 0x23, 0x16, 0x05,
    0x00, 0x00, 0x00, 0x00, 0x00, 0x00, 0x00, 0x13, 0x2D, 0x47, 0x61, 0x7B, 0x96, 0xB0, 0xB6, 0x9C, 0x82, 0x67, 0x4D, 0x33, 0x19, 0x00, 0x00, 0x00,
    0x2F, 0x4A, 0x66, 0x81, 0x9C, 0xB7, 0xAE, 0x92, 0x77, 0x5C, 0x41, 0x26, 0x1A, 0x36, 0x51, 0x6C, 0x88, 0xA3, 0xBF, 0xA6, 0x8A, 0x6F, 0x53, 0x38,
    0x00, 0x00, 0x00, 0x00, 0x00, 0x00, 0x00, 0x00, 0x00, 0x00, 0x00, 0x0A, 0x26, 0x42, 0x5E, 0x7A, 0x96, 0xB2, 0xB2, 0x96, 0x7A, 0x5E, 0x42, 0x26,
    0x07, 0x1E, 0x36, 0x4E, 0x65, 0x7D, 0x94, 0xAC, 0xBC, 0xA5, 0x8D, 0x75, 0x5E, 0x46, 0x2F, 0x17, 0x00, 0x00, 0x00, 0x00, 0x00, 0x00, 0x00, 0x00,
    0x26, 0x40, 0x59, 0x73, 0x8C, 0xA6, 0xBF, 0xA7, 0x8D, 0x74, 0x5A, 0x41, 0x27, 0x0E, 0x00, 0x00, 0x00, 0x00, 0x00, 0x00, 0x00, 0x00, 0x00, 0x00,
    0x26, 0x42, 0x5D, 0x78, 0x94, 0xAF, 0xB5, 0x99, 0x7E, 0x7A, 0x96, 0xB2, 0xB2, 0x96, 0x7A, 0x7E, 0x99, 0xB5, 0xAF, 0x94, 0x78, 0x5D, 0x42, 0x26,
    0x00, 0x15, 0x2A, 0x40, 0x55, 0x6A, 0x7F, 0x94, 0xA9, 0xBE, 0xAD, 0xA7, 0xBF, 0xA6, 0x8D, 0x74, 0x5A, 0x41, 0x28, 0x0F, 0x00, 0x00, 0x00, 0x00,
    0x2B, 0x41, 0x54, 0x62, 0x69, 0x67, 0x5E, 0x56, 0x4D, 0x44, 0x3B, 0x32, 0x29, 0x20, 0x29, 0x32, 0x3B, 0x44, 0x4B, 0x4D, 0x47, 0x3C, 0x2C, 0x19,
    0x00, 0x00, 0x00, 0x00, 0x00, 0x00, 0x00, 0x09, 0x23, 0x3D, 0x57, 0x71, 0x8C, 0xA6, 0xC0, 0xA6, 0x8C, 0x71, 0x57, 0x3D, 0x23, 0x09, 0x00, 0x00,
    0x36, 0x51, 0x6C, 0x87, 0xA3, 0xBE, 0xA7, 0x8C, 0x70, 0x55, 0x3A, 0x1F, 0x14, 0x30, 0x4B, 0x67, 0x82, 0x9D, 0xB9, 0xAB, 0x90, 0x75, 0x59, 0x3E,
    0x00, 0x00, 0x00, 0x00, 0x00, 0x00, 0x00, 0x00, 0x00, 0x00, 0x00, 0x0A, 0x26, 0x42, 0x5E, 0x7A, 0x96, 0xB2, 0xB2, 0x96, 0x7A, 0x5E, 0x42, 0x26,
    0x00, 0x0F, 0x27, 0x3E, 0x56, 0x6E, 0x85, 0x9D, 0xB4, 0xB4, 0x9C, 0x85, 0x6D, 0x55, 0x3E, 0x26, 0x0F, 0x00, 0x00, 0x00, 0x00, 0x00, 0x00, 0x00,
    0x31, 0x4B, 0x65, 0x7E, 0x98, 0xB1, 0xB5, 0x9B, 0x82, 0x68, 0x4F, 0x35, 0x1C, 0x02, 0x00, 0x00, 0x00, 0x00, 0x00, 0x00, 0x00, 0x00, 0x00, 0x00,
    0x2C, 0x47, 0x62, 0x7E, 0x99, 0xB5, 0xAF, 0x94, 0x78, 0x7A, 0x96, 0xB2, 0xB2, 0x96, 0x7A, 0x78, 0x94, 0xAF, 0xB5, 0x99, 0x7E, 0x62, 0x47, 0x2C,
    0x0F, 0x27, 0x3D, 0x52, 0x67, 0x7C, 0x91, 0xA6, 0xBB, 0xAF, 0x9A, 0x9B, 0xB4, 0xB2, 0x99, 0x80, 0x66, 0x4D, 0x34, 0x1B, 0x01, 0x00, 0x00, 0x00,
    0x19, 0x2C, 0x3C, 0x47, 0x4D, 0x4B, 0x44, 0x3B, 0x32, 0x29, 0x20, 0x29, 0x32, 0x3B, 0x44, 0x4D, 0x56, 0x5E, 0x67, 0x69, 0x62, 0x54, 0x41, 0x2B,
    0x00, 0x00, 0x00, 0x00, 0x00, 0x00, 0x00, 0x00, 0x19, 0x33, 0x4D, 0x67, 0x82, 0x9C, 0xB6, 0xB0, 0x96, 0x7B, 0x61, 0x47, 0x2D, 0x13, 0x00, 0x00,
    0x3D, 0x58, 0x73, 0x8E, 0xA9, 0xBB, 0xA0, 0x85, 0x6A, 0x4E, 0x33, 0x18, 0x0F, 0x2A, 0x46, 0x61, 0x7C, 0x98, 0xB3, 0xB1, 0x96, 0x7A, 0x5F, 0x43,
    0x00, 0x00, 0x00, 0x00, 0x00, 0x00, 0x00, 0x00, 0x00, 0x00, 0x00, 0x0A, 0x26, 0x42, 0x5E, 0x7A, 0x96, 0xB2, 0xB2, 0x96, 0x7A, 0x5E, 0x42, 0x26,
    0x00, 0x00, 0x18, 0x2F, 0x47, 0x5F, 0x76, 0x8E, 0xA5, 0xBD, 0xAB, 0x94, 0x7C, 0x64, 0x4D, 0x35, 0x1E, 0x06, 0x00, 0x00, 0x00, 0x00, 0x00, 0x00,
    0x3D, 0x57, 0x70, 0x8A, 0xA3, 0xBD, 0xA9, 0x90, 0x76, 0x5D, 0x43, 0x2A, 0x10, 0x00, 0x00, 0x00, 0x00, 0x00, 0x00, 0x00, 0x00, 0x00, 0x00, 0x00,
    0x31, 0x4D, 0x68, 0x83, 0x9F, 0xBA, 0xAA, 0x8E, 0x73, 0x7A, 0x96, 0xB2, 0xB2, 0x96, 0x7A, 0x73, 0x8E, 0xAA, 0xBA, 0x9F, 0x83, 0x68, 0x4D, 0x31,
    0x1B, 0x35, 0x4E, 0x64, 0x7A, 0x8F, 0xA4, 0xB9, 0xB2, 0x9D, 0x88, 0x8F, 0xA8, 0xBE, 0xA5, 0x8C, 0x73, 0x59, 0x40, 0x27, 0x0E, 0x00, 0x00, 0x00,
    0x05, 0x16, 0x23, 0x2C, 0x31, 0x30, 0x29, 0x20, 0x29, 0x32, 0x3B, 0x44, 0x4D, 0x56, 0x5E, 0x67, 0x70, 0x79, 0x82, 0x84, 0x7B, 0x69, 0x52, 0x3A,
    0x00, 0x00, 0x00, 0x00, 0x00, 0x00, 0x00, 0x00, 0x0F, 0x29, 0x43, 0x5D, 0x77, 0x92, 0xAC, 0xBA, 0xA0, 0x86, 0x6B, 0x51, 0x37, 0x1D, 0x03, 0x00,
    0x44, 0x5F, 0x7A, 0x95, 0xB0, 0xB4, 0x99, 0x7E, 0x63, 0x48, 0x2C, 0x11, 0x09, 0x24, 0x40, 0x5B, 0x77, 0x92, 0xAD, 0xB7, 0x9B, 0x80, 0x65, 0x49,
    0x05, 0x10, 0x18, 0x1B, 0x1B, 0x1B, 0x1B, 0x1B, 0x1B, 0x1B, 0x1B, 0x1B, 0x26, 0x42, 0x5E, 0x7A, 0x96, 0xB2, 0xB2, 0x96, 0x7A, 0x5E, 0x42, 0x26,
    0x00, 0x00, 0x09, 0x20, 0x38, 0x4F, 0x67, 0x7F, 0x96, 0xAE, 0xBA, 0xA3, 0x8B, 0x74, 0x5C, 0x44, 0x2D, 0x15, 0x00, 0x00, 0x00, 0x00, 0x00, 0x00,
    0x48, 0x62, 0x7C, 0x95, 0xAF, 0xB8, 0x9E, 0x84, 0x6B, 0x51, 0x38, 0x1E, 0x05, 0x00, 0x00, 0x00, 0x00, 0x00, 0x00, 0x00, 0x00, 0x00, 0x00, 0x00,
    0x37, 0x52, 0x6D, 0x89, 0xA4, 0xC0, 0xA4, 0x89, 0x6D, 0x7A, 0x96, 0xB2, 0xB2, 0x96, 0x7A, 0x6D, 0x89, 0xA4, 0xC0, 0xA4, 0x89, 0x6D, 0x52, 0x37,
    0x23, 0x3E, 0x59, 0x73, 0x8C, 0xA1, 0xB6, 0xB5, 0x9F, 0x8A, 0x75, 0x83, 0x9C, 0xB5, 0xB1, 0x98, 0x7F, 0x65, 0x4C, 0x33, 0x1A, 0x00, 0x00, 0x00,
    0x00, 0x03, 0x0F, 0x18, 0x20, 0x29, 0x32, 0x3B, 0x44, 0x4D, 0x56, 0x5E, 0x67, 0x70, 0x79, 0x82, 0x8B, 0x94, 0x9C, 0xA0, 0x90, 0x78, 0x5E, 0x44,
    0x00, 0x00, 0x00, 0x00, 0x00, 0x00, 0x00, 0x00, 0x05, 0x1F, 0x39, 0x53, 0x6D, 0x88, 0xA2, 0xBC, 0xAA, 0x90, 0x75, 0x5B, 0x41, 0x27, 0x0D, 0x00,
    0x4A, 0x66, 0x81, 0x9C, 0xB7, 0xAE, 0x92, 0x77, 0x5C, 0x41, 0x26, 0x0B, 0x03, 0x1F, 0x3A, 0x56, 0x71, 0x8C, 0xA8, 0xBD, 0xA1, 0x86, 0x6A, 0x4F,
    0x1D, 0x2B, 0x33, 0x37, 0x37, 0x37, 0x37, 0x37, 0x37, 0x37, 0x37, 0x37, 0x37, 0x42, 0x5E, 0x7A, 0x96, 0xB2, 0xB2, 0x96, 0x7A, 0x5E, 0x42, 0x26,
    0x00, 0x00, 0x00, 0x11, 0x29, 0x40, 0x58, 0x70, 0x87, 0x9F, 0xB6, 0xB2, 0x9A, 0x83, 0x6B, 0x53, 0x3C, 0x24, 0x0D, 0x00, 0x00, 0x00, 0x00, 0x00,
    0x54, 0x6D, 0x87, 0xA1, 0xBA, 0xAC, 0x93, 0x79, 0x5F, 0x46, 0x2C, 0x13, 0x00, 0x00, 0x00, 0x00, 0x00, 0x00, 0x00, 0x00, 0x00, 0x00, 0x00, 0x00,
    0x3C, 0x58, 0x73, 0x8E, 0xAA, 0xBA, 0x9F, 0x83, 0x68, 0x7A, 0x96, 0xB2, 0xB2, 0x96, 0x7A, 0x68, 0x83, 0x9F, 0xBA, 0xAA, 0x8E, 0x73, 0x58, 0x3C,
    0x26, 0x42, 0x5E, 0x7A, 0x96, 0xB2, 0xB7, 0xA2, 0x8D, 0x78, 0x63, 0x77, 0x90, 0xA9, 0xBD, 0xA4, 0x8B, 0x72, 0x58, 0x3F, 0x26, 0x0C, 0x00, 0x00,
    0x09, 0x1A, 0x28, 0x32, 0x3B, 0x44, 0x4D, 0x56, 0x5E, 0x67, 0x70, 0x79, 0x82, 0x8B, 0x94, 0x9C, 0xA5, 0xAE, 0xB7, 0xB7, 0x9B, 0x7F, 0x63, 0x47,
    0x00, 0x00, 0x00, 0x00, 0x00, 0x00, 0x00, 0x00, 0x00, 0x15, 0x2F, 0x49, 0x63, 0x7E, 0x98, 0xB2, 0xB4, 0x9A, 0x80, 0x65, 0x4B, 0x31, 0x17, 0x00,
    0x51, 0x6C, 0x87, 0xA3, 0xBE, 0xA7, 0x8C, 0x70, 0x55, 0x3A, 0x1F, 0x04, 0x00, 0x19, 0x34, 0x50, 0x6B, 0x87, 0xA2, 0xBD, 0xA7, 0x8B, 0x70, 0x55,
    0x34, 0x44, 0x4E, 0x53, 0x53, 0x53, 0x53, 0x53, 0x53, 0x53, 0x53, 0x53, 0x53, 0x53, 0x5E, 0x7A, 0x96, 0xB2, 0xB2, 0x96, 0x7A, 0x5E, 0x42, 0x26,
    0x00, 0x00, 0x00, 0x02, 0x1A, 0x31, 0x49, 0x60, 0x78, 0x90, 0xA7, 0xBF, 0xA9, 0x92, 0x7A, 0x63, 0x4B, 0x33, 0x1C, 0x04, 0x00, 0x00, 0x00, 0x00,
    0x5F, 0x79, 0x93, 0xAC, 0xBA, 0xA1, 0x87, 0x6D, 0x54, 0x3A, 0x21, 0x07, 0x00, 0x00, 0x00, 0x00, 0x00, 0x00, 0x00, 0x00, 0x00, 0x00, 0x00, 0x00,
    0x42, 0x5D, 0x78, 0x94, 0xAF, 0xB5, 0x99, 0x7E, 0x62, 0x7A, 0x96, 0xB2, 0xB2, 0x96, 0x7A, 0x62, 0x7E, 0x99, 0xB5, 0xAF, 0x94, 0x78, 0x5D, 0x42,
    0x24, 0x3F, 0x5B, 0x75, 0x8F, 0xA3, 0xA3, 0x90, 0x7B, 0x65, 0x51, 0x6B, 0x84, 0x9D, 0xB6, 0xB0, 0x97, 0x7E, 0x64, 0x4B, 0x30, 0x15, 0x00, 0x00,
    0x1D, 0x31, 0x41, 0x4D, 0x56, 0x5E, 0x67, 0x70, 0x79, 0x82, 0x8B, 0x94, 0x9C, 0xA5, 0xAE, 0xB7, 0xC0, 0xB7, 0xAE, 0xA5, 0x94, 0x7B, 0x60, 0x45,
    0x00, 0x00, 0x00, 0x00, 0x00, 0x00, 0x00, 0x00, 0x00, 0x0B, 0x25, 0x3F, 0x59, 0x73, 0x8E, 0xA8, 0xBE, 0xA4, 0x8A, 0x6F, 0x55, 0x3B, 0x21, 0x07,
    0x58, 0x73, 0x8E, 0xA9, 0xBB, 0xA0, 0x85, 0x6A, 0x4E, 0x33, 0x18, 0x00, 0x00, 0x13, 0x2F, 0x4A, 0x65, 0x81, 0x9C, 0xB8, 0xAD, 0x91, 0x76, 0x5A,
    0x49, 0x5C, 0x69, 0x6F, 0x6F, 0x6F, 0x6F, 0x6F, 0x6F, 0x6F, 0x6F, 0x6F, 0x6F, 0x6F, 0x6F, 0x7A, 0x96, 0xB2, 0xB2, 0x96, 0x7A, 0x5E, 0x42, 0x26,
    0x00, 0x00, 0x00, 0x00, 0x0B, 0x22, 0x3A, 0x51, 0x69, 0x81, 0x98, 0xB0, 0xB8, 0xA1, 0x89, 0x72, 0x5A, 0x42, 0x2B, 0x13, 0x00, 0x00, 0x00, 0x00,
    0x68, 0x83, 0x9E, 0xB8, 0xAF, 0x95, 0x7C, 0x62, 0x48, 0x2F, 0x15, 0x00, 0x00, 0x00, 0x00, 0x00, 0x00, 0x00, 0x00, 0x00, 0x00, 0x00, 0x00, 0x00,
    0x47, 0x62, 0x7E, 0x99, 0xB5, 0xAF, 0x94, 0x78, 0x5E, 0x7A, 0x96, 0xB2, 0xB2, 0x96, 0x7A, 0x5E, 0x78, 0x94, 0xAF, 0xB5, 0x99, 0x7E, 0x62, 0x47,
    0x1D, 0x37, 0x50, 0x68, 0x7C, 0x89, 0x89, 0x7C, 0x68, 0x53, 0x45, 0x5E, 0x78, 0x91, 0xAA, 0xBC, 0xA3, 0x89, 0x6D, 0x52, 0x36, 0x1A, 0x00, 0x00,
    0x2F, 0x45, 0x58, 0x67, 0x70, 0x79, 0x82, 0x8B, 0x94, 0x9C, 0xA5, 0xAE, 0xB7, 0xC0, 0xB7, 0xAE, 0xA5, 0x9C, 0x94, 0x8B, 0x7F, 0x6C, 0x55, 0x3C,
    0x00, 0x00, 0x00, 0x00, 0x00, 0x00, 0x00, 0x00, 0x00, 0x01, 0x1B, 0x35, 0x4F, 0x69, 0x84, 0x9E, 0xB8, 0xAE, 0x94, 0x79, 0x5F, 0x45, 0x2B, 0x11,
    0x5F, 0x7A, 0x95, 0xB0, 0xB4, 0x99, 0x7E, 0x63, 0x48, 0x2C, 0x11, 0x00, 0x00, 0x0E, 0x29, 0x44, 0x60, 0x7B, 0x97, 0xB2, 0xB2, 0x97, 0x7B, 0x60,
    0x5A, 0x71, 0x82, 0x8B, 0x8B, 0x8B, 0x8B, 0x8B, 0x8B, 0x8B, 0x8B, 0x8B, 0x8B, 0x8B, 0x8B, 0x8B, 0x96, 0xB2, 0xB2, 0x96, 0x7A, 0x5E, 0x42, 0x26,
    0x00, 0x00, 0x00, 0x00, 0x00, 0x13, 0x2B, 0x42, 0x5A, 0x71, 0x89, 0xA1, 0xB8, 0xB0, 0x98, 0x81, 0x69, 0x51, 0x3A, 0x22, 0x0B, 0x00, 0x00, 0x00,
    0x68, 0x83, 0x9E, 0xB2, 0xA3, 0x8A, 0x70, 0x57, 0x3D, 0x23, 0x0A, 0x00, 0x00, 0x00, 0x00, 0x00, 0x00, 0x00, 0x00, 0x00, 0x00, 0x00, 0x00, 0x00,
    0x47, 0x62, 0x7E, 0x99, 0xB0, 0xA8, 0x8E, 0x73, 0x5E, 0x7A, 0x96, 0xB2, 0xB2, 0x96, 0x7A, 0x5E, 0x73, 0x8E, 0xA8, 0xB0, 0x99, 0x7E, 0x62, 0x47,
    0x12, 0x2A, 0x41, 0x55, 0x64, 0x6D, 0x6D, 0x64, 0x55, 0x41, 0x39, 0x52, 0x6C, 0x85, 0x9E, 0xB2, 0xA3, 0x89, 0x6D, 0x52, 0x36, 0x1A, 0x00, 0x00,
    0x3C, 0x55, 0x6C, 0x7F, 0x8B, 0x94, 0x9C, 0xA5, 0xAE, 0xB7, 0xC0, 0xB7, 0xAE, 0xA5, 0x9C, 0x94, 0x8B, 0x82, 0x79, 0x70, 0x67, 0x58, 0x45, 0x2F,
    0x00, 0x00, 0x00, 0x00, 0x00, 0x00, 0x00, 0x00, 0x00, 0x00, 0x11, 0x2B, 0x45, 0x5F, 0x79, 0x94, 0xAE, 0xB8, 0x9E, 0x84, 0x69, 0x4F, 0x35, 0x1B,
    0x66, 0x81, 0x9C, 0xB7, 0xAE, 0x92, 0x77, 0x5C, 0x41, 0x26, 0x0B, 0x00, 0x00, 0x08, 0x23, 0x3F, 0x5A, 0x75, 0x91, 0xAC, 0xB8, 0x9D, 0x81, 0x66,
    0x65, 0x80, 0x98, 0xA6, 0xA7, 0xA7, 0xA7, 0xA7, 0xA7, 0xA7, 0xA7, 0xA7, 0xA7, 0xA7, 0xA7, 0xA7, 0xA7, 0xB2, 0xB2, 0x96, 0x7A, 0x5E, 0x42, 0x26,
    0x00, 0x00, 0x00, 0x00, 0x00, 0x04, 0x1C, 0x33, 0x4B, 0x62, 0x7A, 0x92, 0xA9, 0xBF, 0xA7, 0x90, 0x78, 0x61, 0x49, 0x31, 0x1A, 0x02, 0x00, 0x00,
    0x5F, 0x78, 0x8C, 0x96, 0x8F, 0x7C, 0x64, 0x4B, 0x31, 0x18, 0x00, 0x00, 0x00, 0x00, 0x00, 0x00, 0x00, 0x00, 0x00, 0x00, 0x00, 0x00, 0x00, 0x00,
    0x40, 0x5A, 0x73, 0x88, 0x95, 0x91, 0x80, 0x69, 0x5E, 0x7A, 0x96, 0xB2, 0xB2, 0x96, 0x7A, 0x5E, 0x69, 0x80, 0x91, 0x95, 0x88, 0x73, 0x5A, 0x40,
    0x03, 0x19, 0x2D, 0x3E, 0x4B, 0x52, 0x52, 0x4B, 0x3E, 0x2D, 0x2D, 0x46, 0x5F, 0x78, 0x8C, 0x96, 0x8F, 0x7C, 0x64, 0x4B, 0x30, 0x15, 0x00, 0x00,
    0x45, 0x60, 0x7B, 0x94, 0xA5, 0xAE, 0xB7, 0xC0, 0xB7, 0xAE, 0xA5, 0x9C, 0x94, 0x8B, 0x82, 0x79, 0x70, 0x67, 0x5E, 0x56, 0x4D, 0x41, 0x31, 0x1D,
    0x00, 0x00, 0x00, 0x00, 0x00, 0x00, 0x00, 0x00, 0x00, 0x00, 0x07, 0x21, 0x3B, 0x55, 0x6F, 0x8A, 0xA4, 0xBE, 0xA8, 0x8E, 0x73, 0x59, 0x3F, 0x25,
    0x69, 0x85, 0xA1, 0xBC, 0xA7, 0x8C, 0x70, 0x55, 0x3A, 0x1F, 0x04, 0x00, 0x00, 0x02, 0x1E, 0x39, 0x54, 0x70, 0x8B, 0xA7, 0xBC, 0xA1, 0x85, 0x69,
    0x69, 0x85, 0xA1, 0xBC, 0xBD, 0xBD, 0xBD, 0xBD, 0xBD, 0xBD, 0xBD, 0xBD, 0xBD, 0xBD, 0xBD, 0xBD, 0xBD, 0xBD, 0xB2, 0x96, 0x7A, 0x5E, 0x42, 0x26,
    0x00, 0x00, 0x00, 0x00, 0x00, 0x00, 0x0D, 0x24, 0x3C, 0x53, 0x6B, 0x82, 0x9A, 0xB2, 0xB6, 0x9F, 0x87, 0x70, 0x58, 0x40, 0x29, 0x11, 0x00, 0x00,
    0x50, 0x64, 0x73, 0x7A, 0x75, 0x68, 0x55, 0x3E, 0x26, 0x0C, 0x00, 0x00, 0x00, 0x00, 0x00, 0x00, 0x00, 0x00, 0x00, 0x00, 0x00, 0x00, 0x00, 0x00,
    0x35, 0x4C, 0x61, 0x71, 0x79, 0x77, 0x6B, 0x59, 0x5E, 0x7A, 0x96, 0xB2, 0xB2, 0x96, 0x7A, 0x5E, 0x59, 0x6B, 0x77, 0x79, 0x71, 0x61, 0x4C, 0x35,
    0x00, 0x06, 0x17, 0x26, 0x30, 0x36, 0x36, 0x30, 0x26, 0x17, 0x21, 0x39, 0x50, 0x64, 0x73, 0x7A, 0x75, 0x68, 0x55, 0x3E, 0x26, 0x0C, 0x00, 0x00,
    0x47, 0x63, 0x7F, 0x9B, 0xB7, 0xB7, 0xAE, 0xA5, 0x9C, 0x94, 0x8B, 0x82, 0x79, 0x70, 0x67, 0x5E, 0x56, 0x4D, 0x44, 0x3B, 0x32, 0x28, 0x1A, 0x09,
    0x00, 0x00, 0x00, 0x00, 0x00, 0x00, 0x00, 0x00, 0x00, 0x00, 0x00, 0x17, 0x31, 0x4B, 0x65, 0x80, 0x9A, 0xB4, 0xB2, 0x98, 0x7E, 0x63, 0x49, 0x2F,
    0x64, 0x7D, 0x94, 0xA1, 0x98, 0x82, 0x69, 0x4E, 0x33, 0x18, 0x00, 0x00, 0x00, 0x00, 0x18, 0x33, 0x4E, 0x69, 0x82, 0x98, 0xA1, 0x94, 0x7D, 0x64,
    0x64, 0x7D, 0x94, 0xA1, 0xA1, 0xA1, 0xA1, 0xA1, 0xA1, 0xA1, 0xA1, 0xA1, 0xA1, 0xA1, 0xA1, 0xA1, 0xA1, 0xA1, 0x9E, 0x8C, 0x73, 0x59, 0x3E, 0x23,
    0x00, 0x00, 0x00, 0x00, 0x00, 0x00, 0x00, 0x15, 0x2D, 0x44, 0x5C, 0x73, 0x8B, 0xA3, 0xBA, 0xAE, 0x96, 0x7F, 0x67, 0x50, 0x38, 0x20, 0x09, 0x00,
    0x3D, 0x4E, 0x59, 0x5E, 0x5B, 0x50, 0x41, 0x2D, 0x17, 0x00, 0x00, 0x00, 0x00, 0x00, 0x00, 0x00, 0x00, 0x00, 0x00, 0x00, 0x00, 0x00, 0x00, 0x00,
    0x25, 0x39, 0x4B, 0x57, 0x5D, 0x5C, 0x53, 0x44, 0x5E, 0x7A, 0x96, 0xB2, 0xB2, 0x96, 0x7A, 0x5E, 0x44, 0x53, 0x5C, 0x5D, 0x57, 0x4B, 0x39, 0x25,
    0x00, 0x00, 0x00, 0x0C, 0x15, 0x1A, 0x1A, 0x15, 0x0C, 0x00, 0x13, 0x29, 0x3D, 0x4E, 0x59, 0x5E, 0x5B, 0x50, 0x41, 0x2D, 0x17, 0x00, 0x00, 0x00,
    0x44, 0x5E, 0x78, 0x90, 0xA0, 0x9C, 0x94, 0x8B, 0x82, 0x79, 0x70, 0x67, 0x5E, 0x56, 0x4D, 0x44, 0x3B, 0x32, 0x29, 0x20, 0x18, 0x0F, 0x03, 0x00,
    0x00, 0x00, 0x00, 0x00, 0x00, 0x00, 0x00, 0x00, 0x00, 0x00, 0x00, 0x0D, 0x27, 0x41, 0x5B, 0x75, 0x90, 0xAA, 0xBC, 0xA2, 0x88, 0x6D, 0x53, 0x39,
    0x57, 0x6D, 0x7D, 0x85, 0x80, 0x71, 0x5C, 0x44, 0x2B, 0x10, 0x00, 0x00, 0x00, 0x00, 0x10, 0x2B, 0x44, 0x5C, 0x71, 0x80, 0x85, 0x7D, 0x6D, 0x57,
    0x57, 0x6D, 0x7D, 0x85, 0x85, 0x85, 0x85, 0x85, 0x85, 0x85, 0x85, 0x85, 0x85, 0x85, 0x85, 0x85, 0x85, 0x85, 0x83, 0x78, 0x64, 0x4E, 0x35, 0x1B,
    0x00, 0x00, 0x00, 0x00, 0x00, 0x00, 0x00, 0x06, 0x1E, 0x35, 0x4D, 0x64, 0x7C, 0x93, 0xAB, 0xBD, 0xA5, 0x8E, 0x76, 0x5F, 0x47, 0x2E, 0x15, 0x00,
    0x27, 0x35, 0x3E, 0x42, 0x3F, 0x37, 0x2A, 0x19, 0x06, 0x00, 0x00, 0x00, 0x00, 0x00, 0x00, 0x00, 0x00, 0x00, 0x00, 0x00, 0x00, 0x00, 0x00, 0x00,
    0x12, 0x24, 0x32, 0x3D, 0x42, 0x40, 0x39, 0x42, 0x5E, 0x7A, 0x96, 0xB2, 0xB2, 0x96, 0x7A, 0x5E, 0x42, 0x39, 0x40, 0x42, 0x3D, 0x32, 0x24, 0x12,
    0x00, 0x00, 0x00, 0x00, 0x00, 0x00, 0x00, 0x00, 0x00, 0x00, 0x01, 0x15, 0x27, 0x35, 0x3E, 0x42, 0x3F, 0x37, 0x2A, 0x19, 0x06, 0x00, 0x00, 0x00,
    0x3A, 0x52, 0x69, 0x7B, 0x84, 0x82, 0x79, 0x70, 0x67, 0x5E, 0x56, 0x4D, 0x44, 0x3B, 0x32, 0x29, 0x20, 0x18, 0x0F, 0x06, 0x00, 0x00, 0x00, 0x00,
    0x00, 0x00, 0x00, 0x00, 0x00, 0x00, 0x00, 0x00, 0x00, 0x00, 0x00, 0x03, 0x1D, 0x37, 0x51, 0x6B, 0x86, 0xA0, 0xBA, 0xAC, 0x92, 0x77, 0x5D, 0x43,
    0x45, 0x57, 0x64, 0x69, 0x65, 0x5A, 0x49, 0x34, 0x1D, 0x05, 0x00, 0x00, 0x00, 0x00, 0x05, 0x1D, 0x34, 0x49, 0x5A, 0x65, 0x69, 0x64, 0x57, 0x45,
    0x45, 0x57, 0x64, 0x69, 0x69, 0x69, 0x69, 0x69, 0x69, 0x69, 0x69, 0x69, 0x69, 0x69, 0x69, 0x69, 0x69, 0x69, 0x68, 0x5F, 0x50, 0x3D, 0x27, 0x0F,
    0x00, 0x00, 0x00, 0x00, 0x00, 0x00, 0x00, 0x00, 0x0E, 0x26, 0x3E, 0x55, 0x6D, 0x84, 0x9C, 0xB4, 0xB5, 0x9D, 0x85, 0x6D, 0x53, 0x38, 0x1D, 0x01,
    0x0F, 0x1B, 0x23, 0x26, 0x24, 0x1D, 0x12, 0x03, 0x00, 0x00, 0x00, 0x00, 0x00, 0x00, 0x00, 0x00, 0x00, 0x00, 0x00, 0x00, 0x00, 0x00, 0x00, 0x00,
    0x00, 0x0C, 0x19, 0x22, 0x26, 0x25, 0x26, 0x42, 0x5E, 0x7A, 0x96, 0xB2, 0xB2, 0x96, 0x7A, 0x5E, 0x42, 0x26, 0x25, 0x26, 0x22, 0x19, 0x0C, 0x00,
    0x00, 0x00, 0x00, 0x00, 0x00, 0x00, 0x00, 0x00, 0x00, 0x00, 0x00, 0x00, 0x0F, 0x1B, 0x23, 0x26, 0x24, 0x1D, 0x12, 0x03, 0x00, 0x00, 0x00, 0x00,
    0x2B, 0x41, 0x54, 0x62, 0x69, 0x67, 0x5E, 0x56, 0x4D, 0x44, 0x3B, 0x32, 0x29, 0x20, 0x18, 0x0F, 0x06, 0x00, 0x00, 0x00, 0x00, 0x00, 0x00, 0x00,
    0x00, 0x00, 0x00, 0x00, 0x00, 0x00, 0x00, 0x00, 0x00, 0x00, 0x00, 0x00, 0x13, 0x2D, 0x47, 0x61, 0x7B, 0x96, 0xB0, 0xB6, 0x9B, 0x7F, 0x63, 0x47,
    0x30, 0x3F, 0x49, 0x4D, 0x4A, 0x41, 0x33, 0x21, 0x0D, 0x00, 0x00, 0x00, 0x00, 0x00, 0x00, 0x0D, 0x21, 0x33, 0x41, 0x4A, 0x4D, 0x49, 0x3F, 0x30,
    0x30, 0x3F, 0x49, 0x4D, 0x4D, 0x4D, 0x4D, 0x4D, 0x4D, 0x4D, 0x4D, 0x4D, 0x4D, 0x4D, 0x4D, 0x4D, 0x4D, 0x4D, 0x4C, 0x46, 0x39, 0x29, 0x15, 0x00,
    0x00, 0x00, 0x00, 0x00, 0x00, 0x00, 0x00, 0x00, 0x00, 0x17, 0x2F, 0x46, 0x5E, 0x75, 0x8D, 0xA4, 0xBC, 0xAB, 0x90, 0x74, 0x58, 0x3C, 0x20, 0x04,
    0x00, 0x01, 0x07, 0x0A, 0x08, 0x02, 0x00, 0x00, 0x00, 0x00, 0x00, 0x00, 0x00, 0x00, 0x00, 0x00, 0x00, 0x00, 0x00, 0x00, 0x00, 0x00, 0x00, 0x00,
    0x00, 0x00, 0x00, 0x06, 0x0A, 0x0A, 0x26, 0x42, 0x5E, 0x7A, 0x96, 0xB2, 0xB2, 0x96, 0x7A, 0x5E, 0x42, 0x26, 0x0A, 0x0A, 0x06, 0x00, 0x00, 0x00,
    0x00, 0x00, 0x00, 0x00, 0x00, 0x00, 0x00, 0x00, 0x00, 0x00, 0x00, 0x00, 0x00, 0x01, 0x07, 0x0A, 0x08, 0x02, 0x00, 0x00, 0x00, 0x00, 0x00, 0x00,
    0x19, 0x2C, 0x3C, 0x47, 0x4D, 0x4B, 0x44, 0x3B, 0x32, 0x29, 0x20, 0x18, 0x0F, 0x06, 0x00, 0x00, 0x00, 0x00, 0x00, 0x00, 0x00, 0x00, 0x00, 0x00,
    0x00, 0x00, 0x00, 0x00, 0x00, 0x00, 0x00, 0x00, 0x00, 0x00, 0x00, 0x00, 0x09, 0x23, 0x3D, 0x57, 0x71, 0x8B, 0xA2, 0xA8, 0x95, 0x7C, 0x61, 0x45,
    0x19, 0x25, 0x2E, 0x31, 0x2F, 0x27, 0x1C, 0x0C, 0x00, 0x00, 0x00, 0x00, 0x00, 0x00, 0x00, 0x00, 0x0C, 0x1C, 0x27, 0x2F, 0x31, 0x2E, 0x25, 0x19,
    0x19, 0x25, 0x2E, 0x31, 0x31, 0x31, 0x31, 0x31, 0x31, 0x31, 0x31, 0x31, 0x31, 0x31, 0x31, 0x31, 0x31, 0x31, 0x30, 0x2B, 0x21, 0x13, 0x01, 0x00,
    0x00, 0x00, 0x00, 0x00, 0x00, 0x00, 0x00, 0x00, 0x00, 0x08, 0x1F, 0x37, 0x4F, 0x66, 0x7E, 0x95, 0xA8, 0xA2, 0x8B, 0x71, 0x56, 0x3A, 0x1F, 0x03,
    0x00, 0x00, 0x00, 0x00, 0x00, 0x00, 0x00, 0x00, 0x00, 0x00, 0x00, 0x00, 0x00, 0x00, 0x00, 0x00, 0x00, 0x00, 0x00, 0x00, 0x00, 0x00, 0x00, 0x00,
    0x00, 0x00, 0x00, 0x00, 0x00, 0x09, 0x24, 0x40, 0x5B, 0x77, 0x91, 0xA6, 0xA6, 0x91, 0x77, 0x5B, 0x40, 0x24, 0x09, 0x00, 0x00, 0x00, 0x00, 0x00,
    0x00, 0x00, 0x00, 0x00, 0x00, 0x00, 0x00, 0x00, 0x00, 0x00, 0x00, 0x00, 0x00, 0x00, 0x00, 0x00, 0x00, 0x00, 0x00, 0x00, 0x00, 0x00, 0x00, 0x00,
    0x05, 0x16, 0x23, 0x2C, 0x31, 0x30, 0x29, 0x20, 0x18, 0x0F, 0x06, 0x00, 0x00, 0x00, 0x00, 0x00, 0x00, 0x00, 0x00, 0x00, 0x00, 0x00, 0x00, 0x00,
    0x00, 0x00, 0x00, 0x00, 0x00, 0x00, 0x00, 0x00, 0x00, 0x00, 0x00, 0x00, 0x00, 0x19, 0x33, 0x4D, 0x65, 0x7B, 0x8A, 0x8D, 0x82, 0x6E, 0x57, 0x3E,
    0x00, 0x0B, 0x12, 0x15, 0x13, 0x0D, 0x03, 0x00, 0x00, 0x00, 0x00, 0x00, 0x00, 0x00, 0x00, 0x00, 0x00, 0x03, 0x0D, 0x13, 0x15, 0x12, 0x0B, 0x00,
    0x00, 0x0B, 0x12, 0x15, 0x15, 0x15, 0x15, 0x15, 0x15, 0x15, 0x15, 0x15, 0x15, 0x15, 0x15, 0x15, 0x15, 0x15, 0x14, 0x10, 0x07, 0x00, 0x00, 0x00,
    0x00, 0x00, 0x00, 0x00, 0x00, 0x00, 0x00, 0x00, 0x00, 0x00, 0x10, 0x28, 0x40, 0x57, 0x6E, 0x82, 0x8D, 0x8A, 0x7B, 0x65, 0x4D, 0x33, 0x19, 0x00,
    0x00, 0x00, 0x00, 0x00, 0x00, 0x00, 0x00, 0x00, 0x00, 0x00, 0x00, 0x00, 0x00, 0x00, 0x00, 0x00, 0x00, 0x00, 0x00, 0x00, 0x00, 0x00, 0x00, 0x00,
    0x00, 0x00, 0x00, 0x00, 0x00, 0x03, 0x1E, 0x38, 0x52, 0x6A, 0x7F, 0x8C, 0x8C, 0x7F, 0x6A, 0x52, 0x38, 0x1E, 0x03, 0x00, 0x00, 0x00, 0x00, 0x00,
    0x00, 0x00, 0x00, 0x00, 0x00, 0x00, 0x00, 0x00, 0x00, 0x00, 0x00, 0x00, 0x00, 0x00, 0x00, 0x00, 0x00, 0x00, 0x00, 0x00, 0x00, 0x00, 0x00, 0x00,
    0x00, 0x00, 0x09, 0x11, 0x15, 0x14, 0x0F, 0x06, 0x00, 0x00, 0x00, 0x00, 0x00, 0x00, 0x00, 0x00, 0x00, 0x00, 0x00, 0x00, 0x00, 0x00, 0x00, 0x00,
    0x00, 0x00, 0x00, 0x00, 0x00, 0x00, 0x00, 0x00, 0x00, 0x00, 0x00, 0x00, 0x00, 0x0E, 0x27, 0x3E, 0x53, 0x65, 0x70, 0x72, 0x6A, 0x5B, 0x47, 0x30,
    0x00, 0x00, 0x00, 0x00, 0x00, 0x00, 0x00, 0x00, 0x00, 0x00, 0x00, 0x00, 0x00, 0x00, 0x00, 0x00, 0x00, 0x00, 0x00, 0x00, 0x00, 0x00, 0x00, 0x00,
    0x00, 0x00, 0x00, 0x00, 0x00, 0x00, 0x00, 0x00, 0x00, 0x00, 0x00, 0x00, 0x00, 0x00, 0x00, 0x00, 0x00, 0x00, 0x00, 0x00, 0x00, 0x00, 0x00, 0x00,
    0x00, 0x00, 0x00, 0x00, 0x00, 0x00, 0x00, 0x00, 0x00, 0x00, 0x01, 0x19, 0x30, 0x47, 0x5B, 0x6A, 0x72, 0x70, 0x65, 0x53, 0x3E, 0x27, 0x0E, 0x00,
    0x00, 0x00, 0x00, 0x00, 0x00, 0x00, 0x00, 0x00, 0x00, 0x00, 0x00, 0x00, 0x00, 0x00, 0x00, 0x00, 0x00, 0x00, 0x00, 0x00, 0x00, 0x00, 0x00, 0x00,
    0x00, 0x00, 0x00, 0x00, 0x00, 0x00, 0x13, 0x2C, 0x43, 0x57, 0x67, 0x71, 0x71, 0x67, 0x57, 0x43, 0x2C, 0x13, 0x00, 0x00, 0x00, 0x00, 0x00, 0x00,
    0x00, 0x00, 0x00, 0x00, 0x00, 0x00, 0x00, 0x00, 0x00, 0x00, 0x00, 0x00, 0x00, 0x00, 0x00, 0x00, 0x00, 0x00, 0x00, 0x00, 0x00, 0x00, 0x00, 0x00,
    0x00, 0x00, 0x00, 0x00, 0x00, 0x00, 0x00, 0x00, 0x00, 0x00, 0x00, 0x00, 0x00, 0x00, 0x00, 0x00, 0x00, 0x00, 0x00, 0x00, 0x00, 0x00, 0x00, 0x00,
    0x00, 0x00, 0x00, 0x00, 0x00, 0x00, 0x00, 0x00, 0x00, 0x00, 0x00, 0x00, 0x00, 0x00, 0x17, 0x2C, 0x3E, 0x4C, 0x54, 0x56, 0x50, 0x44, 0x33, 0x20,
    0x00, 0x00, 0x00, 0x00, 0x00, 0x00, 0x00, 0x00, 0x00, 0x00, 0x00, 0x00, 0x00, 0x00, 0x00, 0x00, 0x00, 0x00, 0x00, 0x00, 0x00, 0x00, 0x00, 0x00,
    0x00, 0x00, 0x00, 0x00, 0x00, 0x00, 0x00, 0x00, 0x00, 0x00, 0x00, 0x00, 0x00, 0x00, 0x00, 0x00, 0x00, 0x00, 0x00, 0x00, 0x00, 0x00, 0x00, 0x00,
    0x00, 0x00, 0x00, 0x00, 0x00, 0x00, 0x00, 0x00, 0x00, 0x00, 0x00, 0x0A, 0x20, 0x33, 0x44, 0x50, 0x56, 0x54, 0x4C, 0x3E, 0x2C, 0x17, 0x00, 0x00,
    0x00, 0x00, 0x00, 0x00, 0x00, 0x00, 0x00, 0x00, 0x00, 0x00, 0x00, 0x00, 0x00, 0x00, 0x00, 0x00, 0x00, 0x00, 0x00, 0x00, 0x00, 0x00, 0x00, 0x00,
    0x00, 0x00, 0x00, 0x00, 0x00, 0x00, 0x05, 0x1B, 0x30, 0x41, 0x4E, 0x55, 0x55, 0x4E, 0x41, 0x30, 0x1B, 0x05, 0x00, 0x00, 0x00, 0x00, 0x00, 0x00,
    0x00, 0x00, 0x00, 0x00, 0x00, 0x00, 0x00, 0x00, 0x00, 0x00, 0x00, 0x00, 0x00, 0x00, 0x00, 0x00, 0x00, 0x00, 0x00, 0x00, 0x00, 0x00, 0x00, 0x00,
    0x00, 0x00, 0x00, 0x00, 0x00, 0x00, 0x00, 0x00, 0x00, 0x00, 0x00, 0x00, 0x00, 0x00, 0x00, 0x00, 0x00, 0x00, 0x00, 0x00, 0x00, 0x00, 0x00, 0x00,
    0x00, 0x00, 0x00, 0x00, 0x00, 0x00, 0x00, 0x00, 0x00, 0x00, 0x00, 0x00, 0x00, 0x00, 0x04, 0x17, 0x26, 0x32, 0x39, 0x3A, 0x35, 0x2B, 0x1D, 0x0C,
    0x00, 0x00, 0x00, 0x00, 0x00, 0x00, 0x00, 0x00, 0x00, 0x00, 0x00, 0x00, 0x00, 0x00, 0x00, 0x00, 0x00, 0x00, 0x00, 0x00, 0x00, 0x00, 0x00, 0x00,
    0x00, 0x00, 0x00, 0x00, 0x00, 0x00, 0x00, 0x00, 0x00, 0x00, 0x00, 0x00, 0x00, 0x00, 0x00, 0x00, 0x00, 0x00, 0x00, 0x00, 0x00, 0x00, 0x00, 0x00,
    0x00, 0x00, 0x00, 0x00, 0x00, 0x00, 0x00, 0x00, 0x00, 0x00, 0x00, 0x00, 0x0C, 0x1D, 0x2B, 0x35, 0x3A, 0x39, 0x32, 0x26, 0x17, 0x04, 0x00, 0x00,
    0x00, 0x00, 0x00, 0x00, 0x00, 0x00, 0x00, 0x00, 0x00, 0x00, 0x00, 0x00, 0x00, 0x00, 0x00, 0x00, 0x00, 0x00, 0x00, 0x00, 0x00, 0x00, 0x00, 0x00,
    0x00, 0x00, 0x00, 0x00, 0x00, 0x00, 0x00, 0x08, 0x1A, 0x29, 0x34, 0x39, 0x39, 0x34, 0x29, 0x1A, 0x08, 0x00, 0x00, 0x00, 0x00, 0x00, 0x00, 0x00,
    0x00, 0x00, 0x00, 0x00, 0x00, 0x00, 0x00, 0x00, 0x00, 0x00, 0x00, 0x00, 0x00, 0x00, 0x00, 0x00, 0x00, 0x00, 0x00, 0x00, 0x00, 0x00, 0x00, 0x00,
    0x00, 0x00, 0x00, 0x00, 0x00, 0x00, 0x00, 0x00, 0x00, 0x00, 0x00, 0x00, 0x00, 0x00, 0x00, 0x00, 0x00, 0x00, 0x00, 0x00, 0x00, 0x00, 0x00, 0x00,
    0x00, 0x00, 0x00, 0x00, 0x00, 0x00, 0x0C, 0x1D, 0x2B, 0x35, 0x3A, 0x39, 0x32, 0x26, 0x17, 0x04, 0x00, 0x00, 0x00, 0x00, 0x00, 0x00, 0x00, 0x00,
    0x00, 0x00, 0x00, 0x01, 0x04, 0x03, 0x00, 0x00, 0x00, 0x00, 0x00, 0x00, 0x00, 0x00, 0x00, 0x00, 0x00, 0x00, 0x00, 0x00, 0x00, 0x00, 0x00, 0x00,
    0x00, 0x00, 0x00, 0x00, 0x00, 0x00, 0x00, 0x00, 0x04, 0x17, 0x26, 0x32, 0x39, 0x3A, 0x35, 0x2B, 0x1D, 0x0C, 0x00, 0x00, 0x00, 0x00, 0x00, 0x00,
    0x00, 0x00, 0x00, 0x00, 0x00, 0x00, 0x00, 0x00, 0x00, 0x00, 0x13, 0x23, 0x30, 0x38, 0x3A, 0x37, 0x2E, 0x20, 0x10, 0x00, 0x00, 0x00, 0x00, 0x00,
    0x00, 0x00, 0x00, 0x00, 0x00, 0x00, 0x00, 0x00, 0x00, 0x00, 0x00, 0x00, 0x00, 0x00, 0x00, 0x00, 0x00, 0x00, 0x00, 0x00, 0x00, 0x00, 0x00, 0x00,
    0x00, 0x00, 0x00, 0x00, 0x00, 0x00, 0x00, 0x00, 0x00, 0x00, 0x00, 0x00, 0x00, 0x00, 0x00, 0x00, 0x00, 0x00, 0x00, 0x00, 0x00, 0x00, 0x00, 0x00,
    0x00, 0x00, 0x00, 0x00, 0x00, 0x00, 0x00, 0x00, 0x00, 0x00, 0x00, 0x00, 0x00, 0x00, 0x00, 0x00, 0x00, 0x00, 0x00, 0x00, 0x00, 0x00, 0x00, 0x00,
    0x00, 0x00, 0x00, 0x06, 0x14, 0x1F, 0x25, 0x26, 0x22, 0x19, 0x0C, 0x00, 0x00, 0x0C, 0x19, 0x22, 0x26, 0x25, 0x1F, 0x14, 0x06, 0x00, 0x00, 0x00,
    0x00, 0x00, 0x00, 0x00, 0x00, 0x0A, 0x20, 0x33, 0x44, 0x50, 0x56, 0x54, 0x4C, 0x3E, 0x2C, 0x17, 0x00, 0x00, 0x00, 0x00, 0x00, 0x00, 0x00, 0x00,
    0x00, 0x07, 0x14, 0x1C, 0x20, 0x1F, 0x19, 0x0F, 0x02, 0x00, 0x00, 0x00, 0x00, 0x00, 0x00, 0x00, 0x00, 0x00, 0x00, 0x00, 0x00, 0x00, 0x00, 0x00,
    0x00, 0x00, 0x00, 0x00, 0x00, 0x00, 0x00, 0x00, 0x17, 0x2C, 0x3E, 0x4C, 0x54, 0x56, 0x50, 0x44, 0x33, 0x20, 0x0A, 0x00, 0x00, 0x00, 0x00, 0x00,
    0x00, 0x00, 0x00, 0x00, 0x00, 0x00, 0x00, 0x00, 0x00, 0x13, 0x28, 0x3A, 0x49, 0x53, 0x56, 0x52, 0x47, 0x37, 0x24, 0x0E, 0x00, 0x00, 0x00, 0x00,
    0x00, 0x00, 0x00, 0x00, 0x00, 0x00, 0x00, 0x00, 0x00, 0x00, 0x00, 0x00, 0x00, 0x00, 0x00, 0x00, 0x00, 0x00, 0x00, 0x00, 0x00, 0x00, 0x00, 0x00,
    0x00, 0x00, 0x00, 0x00, 0x00, 0x00, 0x00, 0x00, 0x00, 0x00, 0x00, 0x00, 0x00, 0x00, 0x00, 0x00, 0x00, 0x00, 0x00, 0x00, 0x00, 0x00, 0x00, 0x00,
    0x00, 0x00, 0x00, 0x00, 0x00, 0x00, 0x00, 0x00, 0x00, 0x00, 0x00, 0x00, 0x00, 0x00, 0x00, 0x00, 0x00, 0x00, 0x00, 0x00, 0x00, 0x00, 0x00, 0x00,
    0x00, 0x00, 0x0A, 0x1D, 0x2D, 0x39, 0x40, 0x42, 0x3D, 0x32, 0x24, 0x12, 0x12, 0x24, 0x32, 0x3D, 0x42, 0x40, 0x39, 0x2D, 0x1D, 0x0A, 0x00, 0x00,
    0x00, 0x00, 0x00, 0x00, 0x00, 0x18, 0x30, 0x47, 0x5B, 0x6A, 0x72, 0x70, 0x65, 0x53, 0x3E, 0x27, 0x0E, 0x00, 0x00, 0x00, 0x00, 0x00, 0x00, 0x00,
    0x0D, 0x1F, 0x2D, 0x37, 0x3C, 0x3B, 0x34, 0x28, 0x18, 0x06, 0x00, 0x00, 0x00, 0x00, 0x00, 0x00, 0x00, 0x00, 0x00, 0x00, 0x00, 0x00, 0x00, 0x00,
    0x00, 0x00, 0x00, 0x00, 0x00, 0x00, 0x00, 0x0E, 0x27, 0x3E, 0x53, 0x65, 0x70, 0x72, 0x6A, 0x5B, 0x47, 0x30, 0x18, 0x00, 0x00, 0x00, 0x00, 0x00,
    0x00, 0x00, 0x00, 0x00, 0x00, 0x00, 0x00, 0x00, 0x09, 0x22, 0x3A, 0x4F, 0x62, 0x6E, 0x72, 0x6C, 0x5E, 0x4B, 0x35, 0x1D, 0x04, 0x00, 0x00, 0x00,
    0x00, 0x00, 0x00, 0x00, 0x00, 0x00, 0x00, 0x00, 0x00, 0x00, 0x00, 0x00, 0x00, 0x00, 0x00, 0x00, 0x00, 0x00, 0x00, 0x00, 0x00, 0x00, 0x00, 0x00,
    0x00, 0x00, 0x00, 0x00, 0x00, 0x00, 0x00, 0x00, 0x00, 0x00, 0x00, 0x00, 0x00, 0x00, 0x00, 0x00, 0x00, 0x00, 0x00, 0x00, 0x00, 0x00, 0x00, 0x00,
    0x00, 0x00, 0x00, 0x06, 0x0F, 0x13, 0x14, 0x14, 0x14, 0x14, 0x14, 0x14, 0x14, 0x14, 0x14, 0x14, 0x14, 0x14, 0x13, 0x0F, 0x06, 0x00, 0x00, 0x00,
    0x00, 0x05, 0x1C, 0x31, 0x44, 0x53, 0x5C, 0x5D, 0x57, 0x4B, 0x39, 0x25, 0x25, 0x39, 0x4B, 0x57, 0x5D, 0x5C, 0x53, 0x44, 0x31, 0x1C, 0x05, 0x00,
    0x00, 0x00, 0x00, 0x00, 0x09, 0x23, 0x3E, 0x57, 0x6E, 0x82, 0x8D, 0x8A, 0x7B, 0x65, 0x4D, 0x33, 0x19, 0x00, 0x00, 0x00, 0x00, 0x00, 0x00, 0x00,
    0x21, 0x35, 0x46, 0x52, 0x58, 0x56, 0x4E, 0x40, 0x2D, 0x18, 0x02, 0x00, 0x00, 0x00, 0x00, 0x00, 0x00, 0x00, 0x00, 0x00, 0x00, 0x00, 0x00, 0x00,
    0x00, 0x00, 0x00, 0x00, 0x00, 0x00, 0x00, 0x19, 0x33, 0x4D, 0x65, 0x7B, 0x8A, 0x8D, 0x82, 0x6E, 0x57, 0x3E, 0x23, 0x09, 0x00, 0x00, 0x00, 0x00,
    0x00, 0x00, 0x00, 0x07, 0x10, 0x14, 0x14, 0x10, 0x13, 0x2E, 0x48, 0x61, 0x77, 0x88, 0x8E, 0x85, 0x73, 0x5C, 0x43, 0x29, 0x0E, 0x00, 0x00, 0x00,
    0x00, 0x00, 0x00, 0x00, 0x00, 0x00, 0x00, 0x00, 0x00, 0x00, 0x00, 0x00, 0x00, 0x00, 0x00, 0x00, 0x00, 0x00, 0x00, 0x00, 0x00, 0x00, 0x00, 0x00,
    0x00, 0x00, 0x05, 0x08, 0x08, 0x08, 0x08, 0x08, 0x08, 0x08, 0x08, 0x08, 0x08, 0x08, 0x08, 0x08, 0x08, 0x08, 0x08, 0x08, 0x08, 0x05, 0x00, 0x00,
    0x00, 0x01, 0x12, 0x20, 0x2A, 0x2F, 0x30, 0x30, 0x30, 0x30, 0x30, 0x30, 0x30, 0x30, 0x30, 0x30, 0x30, 0x30, 0x2F, 0x2A, 0x20, 0x12, 0x01, 0x00,
    0x00, 0x12, 0x2B, 0x43, 0x59, 0x6B, 0x77, 0x79, 0x71, 0x61, 0x4C, 0x35, 0x35, 0x4C, 0x61, 0x71, 0x79, 0x77, 0x6B, 0x59, 0x43, 0x2B, 0x12, 0x00,
    0x00, 0x00, 0x00, 0x00, 0x0E, 0x2A, 0x45, 0x61, 0x7C, 0x95, 0xA8, 0xA2, 0x8B, 0x71, 0x56, 0x3B, 0x20, 0x05, 0x00, 0x00, 0x00, 0x00, 0x00, 0x00,
    0x32, 0x48, 0x5D, 0x6C, 0x74, 0x72, 0x67, 0x55, 0x40, 0x28, 0x0F, 0x00, 0x00, 0x00, 0x00, 0x00, 0x00, 0x00, 0x00, 0x00, 0x00, 0x00, 0x00, 0x00,
    0x00, 0x00, 0x00, 0x05, 0x09, 0x09, 0x09, 0x1F, 0x3A, 0x56, 0x71, 0x8B, 0xA2, 0xA8, 0x95, 0x7C, 0x61, 0x45, 0x2A, 0x0E, 0x05, 0x00, 0x00, 0x00,
    0x00, 0x01, 0x13, 0x21, 0x2B, 0x30, 0x30, 0x2B, 0x22, 0x35, 0x50, 0x6C, 0x86, 0x9E, 0xAA, 0x9A, 0x81, 0x66, 0x4B, 0x2F, 0x14, 0x00, 0x00, 0x00,
    0x00, 0x00, 0x00, 0x00, 0x04, 0x08, 0x09, 0x09, 0x09, 0x09, 0x09, 0x09, 0x09, 0x09, 0x09, 0x09, 0x09, 0x09, 0x09, 0x09, 0x05, 0x00, 0x00, 0x00,
    0x0D, 0x19, 0x21, 0x24, 0x24, 0x24, 0x24, 0x24, 0x24, 0x24, 0x24, 0x24, 0x24, 0x24, 0x24, 0x24, 0x24, 0x24, 0x24, 0x24, 0x24, 0x21, 0x19, 0x0D,
    0x00, 0x15, 0x28, 0x38, 0x45, 0x4B, 0x4C, 0x4C, 0x4C, 0x4C, 0x4C, 0x4C, 0x4C, 0x4C, 0x4C, 0x4C, 0x4C, 0x4C, 0x4B, 0x45, 0x38, 0x28, 0x15, 0x00,
    0x00, 0x1B, 0x36, 0x50, 0x69, 0x80, 0x91, 0x95, 0x88, 0x73, 0x5A, 0x40, 0x40, 0x5A, 0x73, 0x88, 0x95, 0x91, 0x80, 0x69, 0x50, 0x36, 0x1B, 0x00,
    0x00, 0x00, 0x00, 0x00, 0x0F, 0x2B, 0x47, 0x63, 0x7F, 0x9B, 0xB6, 0xAE, 0x93, 0x78, 0x5D, 0x42, 0x27, 0x0C, 0x00, 0x00, 0x00, 0x00, 0x00, 0x00,
    0x3E, 0x58, 0x70, 0x84, 0x90, 0x8C, 0x7D, 0x67, 0x4E, 0x34, 0x1A, 0x00, 0x00, 0x00, 0x00, 0x00, 0x00, 0x00, 0x00, 0x00, 0x00, 0x00, 0x00, 0x00,
    0x00, 0x0B, 0x18, 0x21, 0x24, 0x25, 0x25, 0x25, 0x3C, 0x58, 0x74, 0x90, 0xAC, 0xB7, 0x9B, 0x7F, 0x63, 0x47, 0x2B, 0x24, 0x21, 0x18, 0x0B, 0x00,
    0x00, 0x15, 0x29, 0x39, 0x46, 0x4C, 0x4C, 0x46, 0x3C, 0x38, 0x54, 0x70, 0x8B, 0xA7, 0xBC, 0xA1, 0x85, 0x69, 0x4D, 0x31, 0x15, 0x00, 0x00, 0x00,
    0x00, 0x00, 0x08, 0x16, 0x1F, 0x24, 0x25, 0x25, 0x25, 0x25, 0x25, 0x25, 0x25, 0x25, 0x25, 0x25, 0x25, 0x25, 0x25, 0x24, 0x21, 0x18, 0x0B, 0x00,
    0x25, 0x33, 0x3C, 0x40, 0x40, 0x40, 0x40, 0x40, 0x40, 0x40, 0x40, 0x40, 0x40, 0x40, 0x40, 0x40, 0x40, 0x40, 0x40, 0x40, 0x40, 0x3C, 0x33, 0x25,
    0x0F, 0x26, 0x3C, 0x4F, 0x5E, 0x67, 0x68, 0x68, 0x68, 0x68, 0x68, 0x68, 0x68, 0x68, 0x68, 0x68, 0x68, 0x68, 0x67, 0x5E, 0x4F, 0x3C, 0x26, 0x0F,
    0x04, 0x20, 0x3B, 0x57, 0x73, 0x8E, 0xA8, 0xB0, 0x99, 0x7E, 0x62, 0x47, 0x47, 0x62, 0x7E, 0x99, 0xB0, 0xA8, 0x8E, 0x73, 0x57, 0x3B, 0x20, 0x04,
    0x00, 0x00, 0x00, 0x00, 0x0C, 0x28, 0x43, 0x5E, 0x79, 0x94, 0xAF, 0xB5, 0x9A, 0x7F, 0x64, 0x49, 0x2E, 0x12, 0x00, 0x00, 0x00, 0x00, 0x00, 0x00,
    0x46, 0x61, 0x7D, 0x96, 0xAB, 0xA4, 0x8C, 0x72, 0x58, 0x3F, 0x25, 0x0B, 0x00, 0x00, 0x00, 0x00, 0x00, 0x00, 0x00, 0x00, 0x00, 0x00, 0x00, 0x00,
    0x11, 0x23, 0x31, 0x3C, 0x40, 0x41, 0x41, 0x41, 0x41, 0x58, 0x74, 0x90, 0xAC, 0xB7, 0x9B, 0x7F, 0x63, 0x47, 0x41, 0x40, 0x3C, 0x31, 0x23, 0x11,
    0x0F, 0x27, 0x3D, 0x50, 0x5F, 0x68, 0x68, 0x60, 0x56, 0x4D, 0x56, 0x72, 0x8E, 0xAA, 0xBA, 0x9E, 0x82, 0x66, 0x4A, 0x2E, 0x13, 0x00, 0x00, 0x00,
    0x00, 0x0D, 0x1F, 0x2F, 0x3A, 0x40, 0x41, 0x41, 0x41, 0x41, 0x41, 0x41, 0x41, 0x41, 0x41, 0x41, 0x41, 0x41, 0x41, 0x40, 0x3C, 0x31, 0x23, 0x11,
    0x3B, 0x4C, 0x57, 0x5C, 0x5C, 0x5C, 0x5C, 0x5C, 0x5C, 0x5C, 0x5C, 0x5C, 0x5C, 0x5C, 0x5C, 0x5C, 0x5C, 0x5C, 0x5C, 0x5C, 0x5C, 0x57, 0x4C, 0x3B,
    0x1B, 0x34, 0x4D, 0x64, 0x77, 0x82, 0x84, 0x84, 0x84, 0x84, 0x84, 0x84, 0x84, 0x84, 0x84, 0x84, 0x84, 0x84, 0x82, 0x77, 0x64, 0x4D, 0x34, 0x1B,
    0x04, 0x20, 0x3C, 0x58, 0x74, 0x90, 0xAC, 0xB7, 0x9B, 0x7F, 0x63, 0x47, 0x47, 0x63, 0x7F, 0x9B, 0xB7, 0xAC, 0x90, 0x74, 0x58, 0x3C, 0x20, 0x04,
    0x00, 0x00, 0x00, 0x00, 0x06, 0x21, 0x3C, 0x57, 0x72, 0x8D, 0xA8, 0xBC, 0xA1, 0x86, 0x6B, 0x50, 0x34, 0x19, 0x00, 0x00, 0x00, 0x00, 0x00, 0x00,
    0x47, 0x63, 0x7F, 0x9A, 0xB5, 0xB1, 0x97, 0x7D, 0x63, 0x49, 0x2F, 0x15, 0x00, 0x00, 0x00, 0x00, 0x00, 0x00, 0x00, 0x00, 0x00, 0x00, 0x00, 0x00,
    0x24, 0x38, 0x4A, 0x56, 0x5C, 0x5D, 0x5D, 0x5D, 0x5D, 0x5D, 0x74, 0x90, 0xAC, 0xB7, 0x9B, 0x7F, 0x63, 0x5D, 0x5D, 0x5C, 0x56, 0x4A, 0x38, 0x24,
    0x1B, 0x35, 0x4E, 0x64, 0x78, 0x83, 0x83, 0x7A, 0x71, 0x67, 0x5D, 0x75, 0x91, 0xAD, 0xB7, 0x9B, 0x7F, 0x63, 0x48, 0x2C, 0x10, 0x00, 0x00, 0x00,
    0x09, 0x20, 0x34, 0x46, 0x54, 0x5C, 0x5D, 0x5D, 0x5D, 0x5D, 0x5D, 0x5D, 0x5D, 0x5D, 0x5D, 0x5D, 0x5D, 0x5D, 0x5D, 0x5C, 0x56, 0x4A, 0x38, 0x24,
    0x4F, 0x63, 0x71, 0x78, 0x78, 0x78, 0x78, 0x78, 0x78, 0x78, 0x78, 0x78, 0x78, 0x78, 0x78, 0x78, 0x78, 0x78, 0x78, 0x78, 0x78, 0x71, 0x63, 0x4F,
    0x23, 0x3E, 0x59, 0x73, 0x8B, 0x9D, 0xA0, 0xA0, 0xA0, 0xA0, 0xA0, 0xA0, 0xA0, 0xA0, 0xA0, 0xA0, 0xA0, 0xA0, 0x9D, 0x8B, 0x73, 0x59, 0x3E, 0x23,
    0x04, 0x20, 0x3C, 0x58, 0x74, 0x90, 0xAC, 0xB7, 0x9B, 0x7F, 0x63, 0x47, 0x47, 0x63, 0x7F, 0x9B, 0xB7, 0xAC, 0x90, 0x74, 0x58, 0x3C, 0x20, 0x04,
    0x00, 0x00, 0x00, 0x00, 0x00, 0x1A, 0x35, 0x50, 0x6B, 0x86, 0xA2, 0xBD, 0xA8, 0x8D, 0x72, 0x56, 0x3B, 0x20, 0x05, 0x00, 0x00, 0x00, 0x00, 0x00,
    0x42, 0x5D, 0x76, 0x90, 0xAA, 0xBB, 0xA1, 0x87, 0x6E, 0x54, 0x3A, 0x20, 0x06, 0x00, 0x00, 0x00, 0x00, 0x00, 0x00, 0x00, 0x00, 0x00, 0x00, 0x00,
    0x34, 0x4B, 0x60, 0x70, 0x78, 0x79, 0x79, 0x79, 0x79, 0x79, 0x79, 0x90, 0xAC, 0xB7, 0x9B, 0x7F, 0x79, 0x79, 0x79, 0x78, 0x70, 0x60, 0x4B, 0x34,
    0x23, 0x3E, 0x59, 0x73, 0x8C, 0x9E, 0x9E, 0x94, 0x8B, 0x81, 0x78, 0x78, 0x94, 0xAF, 0xB4, 0x99, 0x7D, 0x61, 0x45, 0x29, 0x17, 0x0E, 0x04, 0x00,
    0x16, 0x2F, 0x47, 0x5C, 0x6D, 0x77, 0x79, 0x79, 0x79, 0x79, 0x79, 0x79, 0x79, 0x79, 0x79, 0x79, 0x79, 0x79, 0x79, 0x78, 0x70, 0x60, 0x4B, 0x34,
    0x5E, 0x76, 0x8A, 0x94, 0x94, 0x94, 0x94, 0x94, 0x94, 0x94, 0x94, 0x94, 0x94, 0x94, 0x94, 0x94, 0x94, 0x94, 0x94, 0x94, 0x94, 0x8A, 0x76, 0x5E,
    0x26, 0x42, 0x5E, 0x7A, 0x96, 0xB1, 0xBC, 0xBC, 0xBC, 0xBC, 0xBC, 0xBC, 0xBC, 0xBC, 0xBC, 0xBC, 0xBC, 0xBC, 0xB1, 0x96, 0x7A, 0x5E, 0x42, 0x26,
    0x04, 0x20, 0x3C, 0x58, 0x74, 0x90, 0xAC, 0xB7, 0x9B, 0x7F, 0x63, 0x47, 0x47, 0x63, 0x7F, 0x9B, 0xB7, 0xAC, 0x90, 0x74, 0x58, 0x3C, 0x20, 0x04,
    0x00, 0x00, 0x00, 0x00, 0x00, 0x13, 0x2E, 0x49, 0x64, 0x80, 0x9B, 0xB6, 0xAF, 0x94, 0x78, 0x5D, 0x42, 0x27, 0x0C, 0x00, 0x00, 0x00, 0x00, 0x00,
    0x38, 0x52, 0x6C, 0x86, 0xA0, 0xBA, 0xAC, 0x92, 0x78, 0x5E, 0x44, 0x2A, 0x10, 0x00, 0x00, 0x00, 0x00, 0x00, 0x00, 0x00, 0x00, 0x00, 0x00, 0x00,
    0x40, 0x5A, 0x72, 0x87, 0x94, 0x95, 0x95, 0x95, 0x95, 0x95, 0x95, 0x95, 0xAC, 0xB7, 0x9B, 0x95, 0x95, 0x95, 0x95, 0x94, 0x87, 0x72, 0x5A, 0x40,
    0x26, 0x42, 0x5E, 0x7A, 0x96, 0xB2, 0xB8, 0xAF, 0xA5, 0x9B, 0x92, 0x88, 0x96, 0xB2, 0xB2, 0x96, 0x7A, 0x5E, 0x45, 0x3B, 0x31, 0x28, 0x1E, 0x12,
    0x20, 0x3B, 0x55, 0x6E, 0x84, 0x93, 0x95, 0x95, 0x95, 0x95, 0x95, 0x95, 0x95, 0x95, 0x95, 0x95, 0x95, 0x95, 0x95, 0x94, 0x87, 0x72, 0x5A, 0x40,
    0x68, 0x83, 0x9D, 0xAF, 0xB0, 0xB0, 0xB0, 0xB0, 0xB0, 0xB0, 0xB0, 0xB0, 0xB0, 0xB0, 0xB0, 0xB0, 0xB0, 0xB0, 0xB0, 0xB0, 0xAF, 0x9D, 0x83, 0x68,
    0x24, 0x40, 0x5B, 0x76, 0x8F, 0xA4, 0xA8, 0xA8, 0xA8, 0xA8, 0xA8, 0xA8, 0xA8, 0xA8, 0xA8, 0xA8, 0xA8, 0xA8, 0xA4, 0x8F, 0x76, 0x5B, 0x40, 0x24,
    0x04, 0x20, 0x3C, 0x58, 0x74, 0x90, 0xAC, 0xB7, 0x9B, 0x7F, 0x63, 0x47, 0x47, 0x63, 0x7F, 0x9B, 0xB7, 0xAC, 0x90, 0x74, 0x58, 0x3C, 0x20, 0x04,
    0x00, 0x00, 0x00, 0x00, 0x00, 0x0C, 0x27, 0x42, 0x5D, 0x79, 0x94, 0xAF, 0xB6, 0x9A, 0x7F, 0x64, 0x49, 0x2E, 0x13, 0x00, 0x00, 0x00, 0x00, 0x00,
    0x2E, 0x47, 0x61, 0x7B, 0x95, 0xAF, 0xB6, 0x9C, 0x83, 0x69, 0x4F, 0x35, 0x1B, 0x01, 0x00, 0x00, 0x00, 0x00, 0x00, 0x00, 0x00, 0x00, 0x00, 0x00,
    0x46, 0x62, 0x7E, 0x98, 0xAF, 0xB1, 0xB1, 0xB1, 0xB1, 0xB1, 0xB1, 0xB1, 0xB1, 0xB7, 0xB1, 0xB1, 0xB1, 0xB1, 0xB1, 0xAF, 0x98, 0x7E, 0x62, 0x46,
    0x24, 0x3F, 0x5B, 0x75, 0x90, 0xAB, 0xBB, 0xB7, 0xBF, 0xB6, 0xAC, 0xA2, 0x99, 0xB5, 0xAF, 0x93, 0x77, 0x69, 0x5F, 0x55, 0x4C, 0x42, 0x38, 0x2A,
    0x25, 0x41, 0x5D, 0x78, 0x93, 0xAB, 0xB1, 0xB1, 0xB1, 0xB1, 0xB1, 0xB1, 0xB1, 0xB1, 0xB1, 0xB1, 0xB1, 0xB1, 0xB1, 0xAF, 0x98, 0x7E, 0x62, 0x46,
    0x69, 0x85, 0xA1, 0xBD, 0xB4, 0xB4, 0xB4, 0xB4, 0xB4, 0xB4, 0xB4, 0xB4, 0xB4, 0xB4, 0xB4, 0xB4, 0xB4, 0xB4, 0xB4, 0xB4, 0xB4, 0x9F, 0x84, 0x68,
    0x1D, 0x38, 0x51, 0x69, 0x7D, 0x8A, 0x8C, 0x8C, 0x8C, 0x8C, 0x8C, 0x8C, 0x8C, 0x8C, 0x8C, 0x8C, 0x8C, 0x8C, 0x8A, 0x7D, 0x69, 0x51, 0x38, 0x1D,
    0x04, 0x20, 0x3C, 0x58, 0x74, 0x90, 0xAC, 0xB7, 0x9B, 0x7F, 0x63, 0x47, 0x47, 0x63, 0x7F, 0x9B, 0xB7, 0xAC, 0x90, 0x74, 0x58, 0x3C, 0x20, 0x04,
    0x00, 0x00, 0x00, 0x00, 0x00, 0x05, 0x20, 0x3B, 0x57, 0x72, 0x8D, 0xA8, 0xBD, 0xA1, 0x86, 0x6B, 0x50, 0x35, 0x1A, 0x00, 0x00, 0x00, 0x00, 0x00,
    0x23, 0x3D, 0x57, 0x71, 0x8B, 0xA5, 0xBF, 0xA7, 0x8D, 0x73, 0x59, 0x3F, 0x25, 0x0B, 0x00, 0x00, 0x00, 0x00, 0x00, 0x00, 0x00, 0x00, 0x00, 0x00,
    0x47, 0x63, 0x7E, 0x99, 0xB0, 0xB3, 0xB3, 0xB3, 0xB3, 0xB3, 0xB3, 0xB3, 0xB3, 0xB7, 0xB3, 0xB3, 0xB3, 0xB3, 0xB3, 0xB0, 0x99, 0x7E, 0x63, 0x47,
    0x1D, 0x37, 0x52, 0x6D, 0x87, 0xA2, 0xBC, 0xA9, 0xA6, 0xB0, 0xB9, 0xBD, 0xB3, 0xB7, 0xAC, 0x96, 0x8D, 0x83, 0x79, 0x70, 0x66, 0x5C, 0x50, 0x3F,
    0x26, 0x42, 0x5E, 0x7A, 0x96, 0xB2, 0xB3, 0xB3, 0xB3, 0xB3, 0xB3, 0xB3, 0xB3, 0xB3, 0xB3, 0xB3, 0xB3, 0xB3, 0xB3, 0xB0, 0x99, 0x7E, 0x63, 0x47,
    0x69, 0x85, 0xA1, 0xBD, 0xA7, 0x98, 0x98, 0x98, 0x98, 0x98, 0x98, 0x98, 0x98, 0x98, 0x98, 0x98, 0x98, 0x98, 0x98, 0x98, 0x98, 0x8E, 0x79, 0x60,
    0x12, 0x2B, 0x41, 0x55, 0x65, 0x6F, 0x70, 0x70, 0x70, 0x70, 0x70, 0x70, 0x70, 0x70, 0x70, 0x70, 0x70, 0x70, 0x6F, 0x65, 0x55, 0x41, 0x2B, 0x12,
    0x04, 0x20, 0x3C, 0x58, 0x74, 0x90, 0xAC, 0xB7, 0x9B, 0x7F, 0x63, 0x47, 0x47, 0x63, 0x7F, 0x9B, 0xB7, 0xAC, 0x90, 0x74, 0x58, 0x3C, 0x20, 0x04,
    0x00, 0x00, 0x00, 0x00, 0x00, 0x00, 0x19, 0x35, 0x50, 0x6B, 0x86, 0xA1, 0xBC, 0xA8, 0x8D, 0x72, 0x57, 0x3C, 0x21, 0x05, 0x00, 0x00, 0x00, 0x00,
    0x19, 0x32, 0x4C, 0x66, 0x80, 0x9A, 0xB4, 0xB2, 0x98, 0x7E, 0x64, 0x4A, 0x30, 0x16, 0x00, 0x00, 0x00, 0x00, 0x00, 0x00, 0x00, 0x00, 0x00, 0x00,
    0x41, 0x5B, 0x74, 0x89, 0x96, 0x97, 0x97, 0x97, 0x97, 0x97, 0x97, 0x97, 0xAC, 0xB7, 0x9B, 0x97, 0x97, 0x97, 0x97, 0x96, 0x89, 0x74, 0x5B, 0x41,
    0x14, 0x2F, 0x49, 0x64, 0x7E, 0x99, 0xB3, 0xB2, 0x97, 0x95, 0x9F, 0xA9, 0xB2, 0xBC, 0xBA, 0xB1, 0xA7, 0x9D, 0x94, 0x8A, 0x80, 0x76, 0x67, 0x52,
    0x26, 0x42, 0x5E, 0x7A, 0x96, 0xB2, 0xB2, 0x97, 0x97, 0x97, 0x97, 0x97, 0x97, 0x97, 0x97, 0x97, 0x97, 0x97, 0x97, 0x96, 0x89, 0x74, 0x5B, 0x41,
    0x69, 0x85, 0xA1, 0xBD, 0xA7, 0x8B, 0x7C, 0x7C, 0x7C, 0x7C, 0x7C, 0x7C, 0x7C, 0x7C, 0x7C, 0x7C, 0x7C, 0x7C, 0x7C, 0x7C, 0x7C, 0x75, 0x66, 0x52,
    0x04, 0x1A, 0x2E, 0x3F, 0x4C, 0x53, 0x54, 0x54, 0x54, 0x54, 0x54, 0x54, 0x54, 0x54, 0x54, 0x54, 0x54, 0x54, 0x53, 0x4C, 0x3F, 0x2E, 0x1A, 0x04,
    0x04, 0x20, 0x3C, 0x58, 0x74, 0x90, 0xAC, 0xB7, 0x9B, 0x7F, 0x63, 0x47, 0x47, 0x63, 0x7F, 0x9B, 0xB7, 0xAC, 0x90, 0x74, 0x58, 0x3C, 0x20, 0x04,
    0x00, 0x00, 0x00, 0x00, 0x00, 0x00, 0x13, 0x2E, 0x49, 0x64, 0x7F, 0x9A, 0xB5, 0xAF, 0x94, 0x79, 0x5E, 0x43, 0x27, 0x0C, 0x00, 0x00, 0x00, 0x00,
    0x0E, 0x28, 0x42, 0x5C, 0x76, 0x90, 0xAA, 0xBC, 0xA2, 0x88, 0x6E, 0x54, 0x3A, 0x20, 0x06, 0x00, 0x00, 0x00, 0x00, 0x00, 0x00, 0x00, 0x00, 0x00,
    0x35, 0x4D, 0x62, 0x72, 0x7A, 0x7B, 0x7B, 0x7B, 0x7B, 0x7B, 0x7B, 0x90, 0xAC, 0xB7, 0x9B, 0x7F, 0x7B, 0x7B, 0x7B, 0x7A, 0x72, 0x62, 0x4D, 0x35,
    0x0B, 0x26, 0x40, 0x5B, 0x75, 0x90, 0xAB, 0xBB, 0xA0, 0x85, 0x85, 0x8E, 0xA1, 0xBD, 0xAB, 0xB5, 0xBF, 0xB8, 0xAE, 0xA4, 0x9B, 0x8E, 0x79, 0x61,
    0x26, 0x42, 0x5E, 0x7A, 0x96, 0xB2, 0xB2, 0x96, 0x7B, 0x7B, 0x7B, 0x7B, 0x7B, 0x7B, 0x7B, 0x7B, 0x7B, 0x7B, 0x7B, 0x7A, 0x72, 0x62, 0x4D, 0x35,
    0x69, 0x85, 0xA1, 0xBD, 0xA7, 0x8B, 0x6F, 0x60, 0x60, 0x60, 0x60, 0x60, 0x60, 0x60, 0x60, 0x60, 0x60, 0x60, 0x60, 0x60, 0x60, 0x5B, 0x4F, 0x3F,
    0x0A, 0x16, 0x1D, 0x27, 0x31, 0x37, 0x38, 0x38, 0x38, 0x38, 0x38, 0x38, 0x38, 0x38, 0x38, 0x38, 0x38, 0x38, 0x37, 0x31, 0x27, 0x1D, 0x16, 0x0A,
    0x04, 0x20, 0x3C, 0x58, 0x74, 0x90, 0xAC, 0xB7, 0x9B, 0x7F, 0x63, 0x47, 0x47, 0x63, 0x7F, 0x9B, 0xB7, 0xAC, 0x90, 0x74, 0x58, 0x3C, 0x20, 0x04,
    0x00, 0x00, 0x00, 0x00, 0x00, 0x00, 0x0C, 0x27, 0x42, 0x5D, 0x78, 0x93, 0xAF, 0xB6, 0x9B, 0x80, 0x65, 0x49, 0x2E, 0x13, 0x00, 0x00, 0x00, 0x00,
    0x03, 0x1D, 0x37, 0x51, 0x6B, 0x85, 0x9F, 0xB9, 0xAD, 0x93, 0x79, 0x5F, 0x45, 0x2B, 0x11, 0x00, 0x00, 0x00, 0x00, 0x00, 0x00, 0x00, 0x00, 0x00,
    0x25, 0x3A, 0x4C, 0x58, 0x5F, 0x5F, 0x5F, 0x5F, 0x5F, 0x5F, 0x74, 0x90, 0xAC, 0xB7, 0x9B, 0x7F, 0x63, 0x5F, 0x5F, 0x5F, 0x58, 0x4C, 0x3A, 0x25,
    0x02, 0x1D, 0x37, 0x52, 0x6D, 0x87, 0xA2, 0xBC, 0xA9, 0x8E, 0x74, 0x88, 0xA4, 0xBF, 0xA4, 0x9B, 0xA4, 0xAE, 0xB8, 0xBF, 0xB5, 0x9F, 0x84, 0x68,
    0x26, 0x42, 0x5E, 0x7A, 0x96, 0xB2, 0xB2, 0x96, 0x7A, 0x5F, 0x5F, 0x5F, 0x5F, 0x5F, 0x5F, 0x5F, 0x5F, 0x5F, 0x5F, 0x5F, 0x58, 0x4C, 0x3A, 0x25,
    0x69, 0x85, 0xA1, 0xBD, 0xA7, 0x8B, 0x6F, 0x53, 0x44, 0x44, 0x44, 0x44, 0x44, 0x44, 0x44, 0x44, 0x44, 0x44, 0x44, 0x44, 0x44, 0x40, 0x37, 0x29,
    0x22, 0x30, 0x39, 0x3C, 0x3C, 0x3C, 0x3C, 0x3C, 0x3C, 0x3C, 0x3C, 0x3C, 0x3C, 0x3C, 0x3C, 0x3C, 0x3C, 0x3C, 0x3C, 0x3C, 0x3C, 0x39, 0x30, 0x22,
    0x04, 0x20, 0x3C, 0x58, 0x74, 0x90, 0xAC, 0xB7, 0x9B, 0x7F, 0x63, 0x47, 0x47, 0x63, 0x7F, 0x9B, 0xB7, 0xAC, 0x90, 0x74, 0x58, 0x3C, 0x20, 0x04,
    0x00, 0x00, 0x00, 0x00, 0x00, 0x00, 0x05, 0x20, 0x3B, 0x56, 0x71, 0x8C, 0xA8, 0xBD, 0xA2, 0x87, 0x6B, 0x50, 0x35, 0x1A, 0x00, 0x00, 0x00, 0x00,
    0x00, 0x13, 0x2D, 0x47, 0x61, 0x7B, 0x95, 0xAF, 0xB7, 0x9D, 0x83, 0x69, 0x4F, 0x35, 0x1B, 0x07, 0x10, 0x14, 0x14, 0x10, 0x07, 0x00, 0x00, 0x00,
    0x12, 0x24, 0x33, 0x3E, 0x43, 0x43, 0x43, 0x43, 0x43, 0x58, 0x74, 0x90, 0xAC, 0xB7, 0x9B, 0x7F, 0x63, 0x47, 0x43, 0x43, 0x3E, 0x33, 0x24, 0x12,
    0x00, 0x14, 0x2F, 0x49, 0x64, 0x7E, 0x99, 0xB3, 0xB2, 0x97, 0x7D, 0x8A, 0xA6, 0xBE, 0xA2, 0x86, 0x8A, 0x94, 0x9D, 0xA7, 0xAE, 0x9C, 0x83, 0x67,
    0x26, 0x42, 0x5E, 0x7A, 0x96, 0xB2, 0xB2, 0x96, 0x7A, 0x5E, 0x43, 0x43, 0x43, 0x43, 0x43, 0x43, 0x43, 0x43, 0x43, 0x43, 0x3E, 0x33, 0x24, 0x12,
    0x69, 0x85, 0xA1, 0xBD, 0xA7, 0x8B, 0x6F, 0x53, 0x37, 0x28, 0x28, 0x28, 0x28, 0x28, 0x28, 0x28, 0x28, 0x28, 0x28, 0x28, 0x28, 0x25, 0x1D, 0x11,
    0x39, 0x49, 0x54, 0x58, 0x58, 0x58, 0x58, 0x58, 0x58, 0x58, 0x58, 0x58, 0x58, 0x58, 0x58, 0x58, 0x58, 0x58, 0x58, 0x58, 0x58, 0x54, 0x49, 0x39,
    0x04, 0x20, 0x3C, 0x58, 0x74, 0x90, 0xAC, 0xB7, 0x9B, 0x7F, 0x63, 0x47, 0x47, 0x63, 0x7F, 0x9B, 0xB7, 0xAC, 0x90, 0x74, 0x58, 0x3C, 0x20, 0x04,
    0x00, 0x00, 0x00, 0x00, 0x00, 0x00, 0x00, 0x19, 0x34, 0x4F, 0x6A, 0x86, 0xA1, 0xBC, 0xA9, 0x8E, 0x72, 0x57, 0x3C, 0x21, 0x06, 0x00, 0x00, 0x00,
    0x00, 0x08, 0x22, 0x3C, 0x56, 0x70, 0x8A, 0xA4, 0xBE, 0xA8, 0x8E, 0x74, 0x5A, 0x40, 0x26, 0x21, 0x2B, 0x30, 0x30, 0x2B, 0x21, 0x13, 0x01, 0x00,
    0x00, 0x0D, 0x1A, 0x23, 0x27, 0x27, 0x27, 0x27, 0x3C, 0x58, 0x74, 0x90, 0xAC, 0xB7, 0x9B, 0x7F, 0x63, 0x47, 0x2B, 0x27, 0x23, 0x1A, 0x0D, 0x00,
    0x00, 0x0B, 0x26, 0x40, 0x5B, 0x75, 0x90, 0xAB, 0xBB, 0xA0, 0x85, 0x8D, 0xA9, 0xBB, 0x9F, 0x83, 0x70, 0x79, 0x83, 0x8D, 0x92, 0x89, 0x76, 0x5E,
    0x26, 0x42, 0x5E, 0x7A, 0x96, 0xB2, 0xB2, 0x96, 0x7A, 0x5E, 0x42, 0x27, 0x27, 0x27, 0x27, 0x27, 0x27, 0x27, 0x27, 0x27, 0x23, 0x1A, 0x0D, 0x00,
    0x69, 0x85, 0xA1, 0xBD, 0xA7, 0x8B, 0x6F, 0x53, 0x37, 0x1B, 0x0C, 0x0C, 0x0C, 0x0C, 0x0C, 0x0C, 0x0C, 0x0C, 0x0C, 0x0C, 0x0C, 0x09, 0x03, 0x00,
    0x4D, 0x60, 0x6E, 0x74, 0x74, 0x74, 0x74, 0x74, 0x74, 0x74, 0x74, 0x74, 0x74, 0x74, 0x74, 0x74, 0x74, 0x74, 0x74, 0x74, 0x74, 0x6E, 0x60, 0x4D,
    0x04, 0x20, 0x3C, 0x58, 0x74, 0x90, 0xAC, 0xB7, 0x9B, 0x7F, 0x63, 0x47, 0x47, 0x63, 0x7F, 0x9B, 0xB7, 0xAC, 0x90, 0x74, 0x58, 0x3C, 0x20, 0x04,
    0x00, 0x00, 0x00, 0x00, 0x00, 0x00, 0x00, 0x12, 0x2D, 0x48, 0x64, 0x7F, 0x9A, 0xB5, 0xB0, 0x94, 0x79, 0x5E, 0x43, 0x28, 0x0D, 0x00, 0x00, 0x00,
    0x00, 0x00, 0x18, 0x32, 0x4C, 0x66, 0x80, 0x9A, 0xB3, 0xB2, 0x98, 0x7E, 0x64, 0x4A, 0x30, 0x39, 0x46, 0x4C, 0x4C, 0x46, 0x39, 0x29, 0x15, 0x00,
    0x0E, 0x1A, 0x22, 0x25, 0x25, 0x25, 0x25, 0x25, 0x3C, 0x58, 0x74, 0x90, 0xAC, 0xB7, 0x9B, 0x7F, 0x63, 0x47, 0x2B, 0x25, 0x25, 0x22, 0x1A, 0x0E,
    0x00, 0x02, 0x1D, 0x37, 0x52, 0x6D, 0x87, 0xA2, 0xBC, 0xA9, 0x8E, 0x90, 0xAC, 0xB8, 0x9C, 0x80, 0x65, 0x5F, 0x69, 0x72, 0x76, 0x70, 0x62, 0x4E,
    0x26, 0x42, 0x5E, 0x7A, 0x96, 0xB2, 0xB2, 0x96, 0x7A, 0x5E, 0x42, 0x26, 0x0B, 0x0B, 0x0B, 0x0B, 0x0B, 0x0B, 0x0B, 0x0B, 0x07, 0x00, 0x00, 0x00,
    0x69, 0x85, 0xA1, 0xBD, 0xA7, 0x8B, 0x6F, 0x53, 0x37, 0x1B, 0x0A, 0x0A, 0x0A, 0x0A, 0x0A, 0x0A, 0x0A, 0x0A, 0x09, 0x05, 0x00, 0x00, 0x00, 0x00,
    0x5D, 0x74, 0x87, 0x90, 0x90, 0x90, 0x90, 0x90, 0x90, 0x90, 0x90, 0x90, 0x90, 0x90, 0x90, 0x90, 0x90, 0x90, 0x90, 0x90, 0x90, 0x87, 0x74, 0x5D,
    0x04, 0x20, 0x3C, 0x58, 0x74, 0x90, 0xAC, 0xB7, 0x9B, 0x7F, 0x63, 0x47, 0x47, 0x63, 0x7F, 0x9B, 0xB7, 0xAC, 0x90, 0x74, 0x58, 0x3C, 0x20, 0x04,
    0x00, 0x00, 0x00, 0x00, 0x00, 0x00, 0x00, 0x0B, 0x26, 0x42, 0x5D, 0x78, 0x93, 0xAE, 0xB6, 0x9B, 0x80, 0x65, 0x4A, 0x2F, 0x14, 0x00, 0x00, 0x00,
    0x00, 0x00, 0x0D, 0x27, 0x41, 0x5B, 0x75, 0x8F, 0xA9, 0xBD, 0xA3, 0x89, 0x6F, 0x55, 0x3D, 0x50, 0x5F, 0x68, 0x68, 0x5F, 0x50, 0x3D, 0x27, 0x0F,
    0x26, 0x34, 0x3D, 0x41, 0x41, 0x41, 0x41, 0x41, 0x41, 0x58, 0x74, 0x90, 0xAC, 0xB7, 0x9B, 0x7F, 0x63, 0x47, 0x41, 0x41, 0x41, 0x3D, 0x34, 0x26,
    0x00, 0x00, 0x14, 0x2F, 0x49, 0x64, 0x7E, 0x99, 0xB3, 0xB2, 0x97, 0x92, 0xAE, 0xB5, 0x9A, 0x7E, 0x62, 0x46, 0x4E, 0x57, 0x5A, 0x56, 0x4B, 0x3A,
    0x26, 0x42, 0x5E, 0x7A, 0x96, 0xB2, 0xB2, 0x96, 0x7A, 0x5E, 0x42, 0x26, 0x0A, 0x00, 0x00, 0x00, 0x00, 0x00, 0x00, 0x00, 0x00, 0x00, 0x00, 0x00,
    0x69, 0x85, 0xA1, 0xBD, 0xA7, 0x8B, 0x6F, 0x53, 0x37, 0x26, 0x26, 0x26, 0x26, 0x26, 0x26, 0x26, 0x26, 0x26, 0x25, 0x20, 0x17, 0x09, 0x00, 0x00,
    0x67, 0x82, 0x9B, 0xAC, 0xAC, 0xAC, 0xAC, 0xAC, 0xAC, 0xAC, 0xAC, 0xAC, 0xAC, 0xAC, 0xAC, 0xAC, 0xAC, 0xAC, 0xAC, 0xAC, 0xAC, 0x9B, 0x82, 0x67,
    0x04, 0x20, 0x3C, 0x58, 0x74, 0x90, 0xAC, 0xB7, 0x9B, 0x7F, 0x63, 0x47, 0x47, 0x63, 0x7F, 0x9B, 0xB7, 0xAC, 0x90, 0x74, 0x58, 0x3C, 0x20, 0x04,
    0x00, 0x00, 0x00, 0x00, 0x00, 0x00, 0x00, 0x04, 0x20, 0x3B, 0x56, 0x71, 0x8C, 0xA7, 0xBD, 0xA2, 0x87, 0x6C, 0x51, 0x36, 0x1A, 0x00, 0x00, 0x00,
    0x00, 0x00, 0x03, 0x1D, 0x37, 0x51, 0x6B, 0x85, 0x9E, 0xB8, 0xAD, 0x93, 0x79, 0x5F, 0x51, 0x65, 0x78, 0x83, 0x83, 0x78, 0x64, 0x4E, 0x35, 0x1B,
    0x3C, 0x4D, 0x58, 0x5D, 0x5D, 0x5D, 0x5D, 0x5D, 0x5D, 0x5D, 0x74, 0x90, 0xAC, 0xB7, 0x9B, 0x7F, 0x63, 0x5D, 0x5D, 0x5D, 0x5D, 0x58, 0x4D, 0x3C,
    0x00, 0x00, 0x0B, 0x26, 0x40, 0x5B, 0x75, 0x90, 0xAB, 0xBB, 0xA0, 0x95, 0xB1, 0xB3, 0x97, 0x7B, 0x5F, 0x43, 0x34, 0x3C, 0x3E, 0x3B, 0x32, 0x24,
    0x26, 0x42, 0x5E, 0x7A, 0x96, 0xB2, 0xB2, 0x96, 0x7A, 0x5E, 0x42, 0x26, 0x0A, 0x00, 0x00, 0x00, 0x00, 0x00, 0x00, 0x00, 0x00, 0x00, 0x00, 0x00,
    0x69, 0x85, 0xA1, 0xBD, 0xA7, 0x8B, 0x6F, 0x53, 0x42, 0x42, 0x42, 0x42, 0x42, 0x42, 0x42, 0x42, 0x42, 0x42, 0x41, 0x3B, 0x30, 0x20, 0x0E, 0x00,
    0x69, 0x85, 0xA1, 0xBD, 0xB7, 0xB7, 0xB7, 0xB7, 0xB7, 0xB7, 0xB7, 0xB7, 0xB7, 0xB7, 0xB7, 0xB7, 0xB7, 0xB7, 0xB7, 0xB7, 0xB7, 0xA0, 0x84, 0x69,
    0x04, 0x20, 0x3C, 0x58, 0x74, 0x90, 0xAC, 0xB7, 0x9B, 0x7F, 0x63, 0x47, 0x47, 0x63, 0x7F, 0x9B, 0xB7, 0xAC, 0x90, 0x74, 0x58, 0x3C, 0x20, 0x04,
    0x00, 0x00, 0x00, 0x00, 0x00, 0x00, 0x00, 0x00, 0x19, 0x34, 0x4F, 0x6A, 0x85, 0xA0, 0xBB, 0xA9, 0x8E, 0x73, 0x58, 0x3C, 0x21, 0x06, 0x00, 0x00,
    0x00, 0x00, 0x00, 0x12, 0x2C, 0x46, 0x60, 0x7A, 0x94, 0xAE, 0xB8, 0x9E, 0x84, 0x6A, 0x65, 0x79, 0x8C, 0x9E, 0x9E, 0x8C, 0x73, 0x59, 0x3E, 0x23,
    0x50, 0x64, 0x72, 0x79, 0x79, 0x79, 0x79, 0x79, 0x79, 0x79, 0x79, 0x90, 0xAC, 0xB7, 0x9B, 0x7F, 0x79, 0x79, 0x79, 0x79, 0x79, 0x72, 0x64, 0x50,
    0x00, 0x00, 0x02, 0x1D, 0x37, 0x52, 0x6D, 0x87, 0xA2, 0xBC, 0xA9, 0x98, 0xB4, 0xB0, 0x94, 0x78, 0x5D, 0x41, 0x25, 0x20, 0x22, 0x1F, 0x18, 0x0C,
    0x26, 0x42, 0x5E, 0x7A, 0x96, 0xB2, 0xB2, 0x96, 0x7A, 0x5E, 0x42, 0x26, 0x0A, 0x00, 0x00, 0x00, 0x00, 0x00, 0x00, 0x00, 0x00, 0x00, 0x00, 0x00,
    0x69, 0x85, 0xA1, 0xBD, 0xA7, 0x8B, 0x6F, 0x5E, 0x5E, 0x5E, 0x5E, 0x5E, 0x5E, 0x5E, 0x5E, 0x5E, 0x5E, 0x5E, 0x5D, 0x55, 0x47, 0x35, 0x20, 0x09,
    0x69, 0x85, 0xA1, 0xBD, 0xA7, 0x9B, 0x9B, 0x9B, 0x9B, 0x9B, 0x9B, 0x9B, 0x9B, 0x9B, 0x9B, 0x9B, 0x9B, 0x9B, 0x9B, 0x9B, 0x9B, 0x90, 0x7B, 0x62,
    0x04, 0x20, 0x3C, 0x58, 0x74, 0x90, 0xAC, 0xB7, 0x9B, 0x7F, 0x63, 0x47, 0x47, 0x63, 0x7F, 0x9B, 0xB7, 0xAC, 0x90, 0x74, 0x58, 0x3C, 0x20, 0x04,
    0x00, 0x00, 0x00, 0x00, 0x00, 0x00, 0x00, 0x00, 0x12, 0x2D, 0x48, 0x63, 0x7E, 0x99, 0xB5, 0xB0, 0x95, 0x7A, 0x5F, 0x43, 0x28, 0x0D, 0x00, 0x00,
    0x00, 0x00, 0x00, 0x08, 0x22, 0x3C, 0x56, 0x6F, 0x89, 0xA3, 0xBD, 0xA8, 0x8E, 0x75, 0x79, 0x8C, 0xA0, 0xB4, 0xB2, 0x96, 0x7A, 0x5E, 0x42, 0x26,
    0x5F, 0x77, 0x8B, 0x95, 0x95, 0x95, 0x95, 0x95, 0x95, 0x95, 0x95, 0x95, 0xAC, 0xB7, 0x9B, 0x95, 0x95, 0x95, 0x95, 0x95, 0x95, 0x8B, 0x77, 0x5F,
    0x00, 0x00, 0x00, 0x14, 0x2F, 0x49, 0x64, 0x7E, 0x99, 0xB3, 0xB2, 0x9A, 0xB6, 0xAD, 0x92, 0x76, 0x5A, 0x3E, 0x22, 0x06, 0x06, 0x04, 0x00, 0x00,
    0x26, 0x42, 0x5E, 0x7A, 0x96, 0xB2, 0xB2, 0x96, 0x7A, 0x5E, 0x42, 0x26, 0x0A, 0x00, 0x00, 0x00, 0x00, 0x00, 0x00, 0x00, 0x00, 0x00, 0x00, 0x00,
    0x69, 0x85, 0xA1, 0xBD, 0xA7, 0x8B, 0x7A, 0x7A, 0x7A, 0x7A, 0x7A, 0x7A, 0x7A, 0x7A, 0x7A, 0x7A, 0x7A, 0x7A, 0x78, 0x6E, 0x5D, 0x47, 0x30, 0x17,
    0x69, 0x85, 0xA1, 0xBD, 0xA7, 0x8B, 0x7F, 0x7F, 0x7F, 0x7F, 0x7F, 0x7F, 0x7F, 0x7F, 0x7F, 0x7F, 0x7F, 0x7F, 0x7F, 0x7F, 0x7F, 0x78, 0x69, 0x54,
    0x04, 0x20, 0x3C, 0x58, 0x74, 0x90, 0xAC, 0xB7, 0x9B, 0x7F, 0x63, 0x47, 0x47, 0x63, 0x7F, 0x9B, 0xB7, 0xAC, 0x90, 0x74, 0x58, 0x3C, 0x20, 0x04,
    0x00, 0x00, 0x00, 0x00, 0x00, 0x00, 0x00, 0x06, 0x0D, 0x26, 0x41, 0x5C, 0x77, 0x93, 0xAE, 0xB7, 0x9C, 0x81, 0x65, 0x4A, 0x2F, 0x14, 0x00, 0x00,
    0x00, 0x00, 0x00, 0x00, 0x17, 0x31, 0x4B, 0x65, 0x7F, 0x99, 0xB3, 0xB3, 0x99, 0x7F, 0x8C, 0xA0, 0xB4, 0xB8, 0xA4, 0x8F, 0x75, 0x5B, 0x3F, 0x24,
    0x68, 0x83, 0x9E, 0xB0, 0xB1, 0xB1, 0xB1, 0xB1, 0xB1, 0xB1, 0xB1, 0xB1, 0xB1, 0xB7, 0xB1, 0xB1, 0xB1, 0xB1, 0xB1, 0xB1, 0xB0, 0x9E, 0x83, 0x68,
    0x00, 0x00, 0x00, 0x0B, 0x26, 0x40, 0x5B, 0x75, 0x90, 0xAB, 0xBB, 0xA0, 0xB9, 0xAB, 0x8F, 0x73, 0x57, 0x3B, 0x1F, 0x04, 0x00, 0x00, 0x00, 0x00,
    0x26, 0x42, 0x5E, 0x7A, 0x96, 0xB2, 0xB2, 0x96, 0x7A, 0x5E, 0x42, 0x26, 0x0A, 0x00, 0x00, 0x00, 0x00, 0x00, 0x00, 0x00, 0x00, 0x00, 0x00, 0x00,
    0x69, 0x85, 0xA1, 0xBD, 0xA7, 0x96, 0x96, 0x96, 0x96, 0x96, 0x96, 0x96, 0x96, 0x96, 0x96, 0x96, 0x96, 0x96, 0x94, 0x84, 0x6E, 0x55, 0x3B, 0x20,
    0x69, 0x85, 0xA1, 0xBD, 0xA7, 0x8B, 0x6F, 0x63, 0x63, 0x63, 0x63, 0x63, 0x63, 0x63, 0x63, 0x63, 0x63, 0x63, 0x63, 0x63, 0x63, 0x5E, 0x52, 0x41,
    0x04, 0x20, 0x3C, 0x58, 0x74, 0x90, 0xAC, 0xB7, 0x9B, 0x7F, 0x63, 0x47, 0x47, 0x63, 0x7F, 0x9B, 0xB7, 0xAC, 0x90, 0x74, 0x58, 0x3C, 0x20, 0x04,
    0x00, 0x00, 0x00, 0x00, 0x00, 0x04, 0x14, 0x20, 0x28, 0x2B, 0x3A, 0x55, 0x71, 0x8C, 0xA7, 0xBE, 0xA3, 0x87, 0x6C, 0x51, 0x36, 0x1B, 0x00, 0x00,
    0x00, 0x00, 0x00, 0x00, 0x0D, 0x27, 0x40, 0x5A, 0x74, 0x8E, 0xA8, 0xBD, 0xA4, 0x8C, 0xA0, 0xB4, 0xB8, 0xA4, 0x90, 0x7D, 0x68, 0x50, 0x37, 0x1D,
    0x68, 0x84, 0x9E, 0xB3, 0xB3, 0xB3, 0xB3, 0xB3, 0xB3, 0xB3, 0xB3, 0xB3, 0xB3, 0xB7, 0xB3, 0xB3, 0xB3, 0xB3, 0xB3, 0xB3, 0xB3, 0x9E, 0x84, 0x68,
    0x00, 0x00, 0x00, 0x02, 0x1D, 0x37, 0x52, 0x6D, 0x87, 0xA2, 0xBC, 0xA9, 0xBC, 0xA8, 0x8C, 0x70, 0x54, 0x39, 0x1D, 0x01, 0x00, 0x00, 0x00, 0x00,
    0x26, 0x42, 0x5E, 0x7A, 0x96, 0xB2, 0xB2, 0x96, 0x7A, 0x5E, 0x42, 0x26, 0x0A, 0x00, 0x00, 0x00, 0x00, 0x00, 0x00, 0x00, 0x00, 0x00, 0x00, 0x00,
    0x69, 0x85, 0xA1, 0xBD, 0xB2, 0xB2, 0xB2, 0xB2, 0xB2, 0xB2, 0xB2, 0xB2, 0xB2, 0xB2, 0xB2, 0xB2, 0xB2, 0xB2, 0xAC, 0x94, 0x78, 0x5D, 0x41, 0x25,
    0x69, 0x85, 0xA1, 0xBD, 0xA7, 0x8B, 0x6F, 0x53, 0x47, 0x47, 0x47, 0x47, 0x47, 0x47, 0x47, 0x47, 0x47, 0x47, 0x47, 0x47, 0x47, 0x44, 0x3A, 0x2B,
    0x04, 0x20, 0x3C, 0x58, 0x74, 0x90, 0xAC, 0xB7, 0x9B, 0x7F, 0x63, 0x47, 0x47, 0x63, 0x7F, 0x9B, 0xB7, 0xAC, 0x90, 0x74, 0x58, 0x3C, 0x20, 0x04,
    0x00, 0x00, 0x00, 0x00, 0x05, 0x19, 0x2B, 0x3A, 0x44, 0x47, 0x45, 0x4F, 0x6A, 0x85, 0xA0, 0xBB, 0xA9, 0x8E, 0x73, 0x58, 0x3D, 0x22, 0x07, 0x00,
    0x00, 0x00, 0x00, 0x00, 0x02, 0x1C, 0x36, 0x50, 0x6A, 0x84, 0x9E, 0xB8, 0xAE, 0xA0, 0xB4, 0xB8, 0xA4, 0x90, 0x7D, 0x69, 0x55, 0x41, 0x2A, 0x12,
    0x60, 0x78, 0x8D, 0x97, 0x97, 0x97, 0x97, 0x97, 0x97, 0x97, 0x97, 0x97, 0xAC, 0xB7, 0x9B, 0x97, 0x97, 0x97, 0x97, 0x97, 0x97, 0x8D, 0x78, 0x60,
    0x00, 0x00, 0x00, 0x00, 0x14, 0x2F, 0x49, 0x64, 0x7E, 0x99, 0xB0, 0xA8, 0xBE, 0xA5, 0x8A, 0x6E, 0x52, 0x36, 0x1A, 0x00, 0x00, 0x00, 0x00, 0x00,
    0x26, 0x42, 0x5E, 0x7A, 0x96, 0xB2, 0xB2, 0x96, 0x7A, 0x5E, 0x42, 0x26, 0x0A, 0x00, 0x00, 0x00, 0x00, 0x00, 0x00, 0x00, 0x00, 0x00, 0x00, 0x00,
    0x69, 0x85, 0xA1, 0xBD, 0xB2, 0xB2, 0xB2, 0xB2, 0xB2, 0xB2, 0xB2, 0xB2, 0xB2, 0xB2, 0xB2, 0xB2, 0xB2, 0xB2, 0xAC, 0x94, 0x78, 0x5D, 0x41, 0x25,
    0x69, 0x85, 0xA1, 0xBD, 0xA7, 0x8B, 0x6F, 0x53, 0x37, 0x2B, 0x2B, 0x2B, 0x2B, 0x2B, 0x2B, 0x2B, 0x2B, 0x2B, 0x2B, 0x2B, 0x2B, 0x28, 0x20, 0x14,
    0x04, 0x20, 0x3C, 0x58, 0x74, 0x90, 0xAC, 0xB7, 0x9B, 0x7F, 0x63, 0x47, 0x47, 0x63, 0x7F, 0x9B, 0xB7, 0xAC, 0x90, 0x74, 0x58, 0x3C, 0x20, 0x04,
    0x00, 0x00, 0x00, 0x00, 0x16, 0x2C, 0x41, 0x52, 0x5E, 0x63, 0x60, 0x55, 0x63, 0x7E, 0x99, 0xB4, 0xB0, 0x95, 0x7A, 0x5F, 0x44, 0x29, 0x0D, 0x00,
    0x00, 0x00, 0x00, 0x00, 0x02, 0x16, 0x2B, 0x45, 0x5F, 0x79, 0x93, 0xAD, 0xB9, 0xB4, 0xB8, 0xA4, 0x90, 0x7D, 0x69, 0x55, 0x41, 0x2D, 0x19, 0x03,
    0x51, 0x65, 0x74, 0x7B, 0x7B, 0x7B, 0x7B, 0x7B, 0x7B, 0x7B, 0x7B, 0x90, 0xAC, 0xB7, 0x9B, 0x7F, 0x7B, 0x7B, 0x7B, 0x7B, 0x7B, 0x74, 0x65, 0x51,
    0x00, 0x00, 0x00, 0x00, 0x0B, 0x26, 0x40, 0x5A, 0x73, 0x88, 0x95, 0xA5, 0xBF, 0xA3, 0x87, 0x6B, 0x4F, 0x33, 0x17, 0x00, 0x00, 0x00, 0x00, 0x00,
    0x26, 0x42, 0x5E, 0x7A, 0x96, 0xB2, 0xB2, 0x96, 0x7A, 0x5E, 0x42, 0x26, 0x0A, 0x00, 0x00, 0x00, 0x00, 0x00, 0x00, 0x00, 0x00, 0x00, 0x00, 0x00,
    0x69, 0x85, 0xA1, 0xBD, 0xA7, 0x96, 0x96, 0x96, 0x96, 0x96, 0x96, 0x96, 0x96, 0x96, 0x96, 0x96, 0x96, 0x96, 0x94, 0x84, 0x6E, 0x55, 0x3B, 0x20,
    0x69, 0x85, 0xA1, 0xBD, 0xA7, 0x8B, 0x6F, 0x53, 0x37, 0x1B, 0x0F, 0x0F, 0x0F, 0x0F, 0x0F, 0x0F, 0x0F, 0x0F, 0x0F, 0x0F, 0x0F, 0x0D, 0x06, 0x00,
    0x04, 0x20, 0x3C, 0x58, 0x74, 0x90, 0xAC, 0xB7, 0x9B, 0x7F, 0x63, 0x47, 0x47, 0x63, 0x7F, 0x9B, 0xB7, 0xAC, 0x90, 0x74, 0x58, 0x3C, 0x20, 0x04,
    0x00, 0x00, 0x00, 0x0D, 0x25, 0x3C, 0x54, 0x69, 0x78, 0x7F, 0x7B, 0x6C, 0x5C, 0x77, 0x92, 0xAD, 0xB7, 0x9C, 0x81, 0x66, 0x4B, 0x30, 0x14, 0x00,
    0x00, 0x00, 0x00, 0x02, 0x16, 0x29, 0x3D, 0x51, 0x65, 0x79, 0x8C, 0xA3, 0xBD, 0xB8, 0xA4, 0x90, 0x7D, 0x69, 0x55, 0x41, 0x2D, 0x1A, 0x06, 0x00,
    0x3E, 0x4F, 0x5A, 0x5F, 0x5F, 0x5F, 0x5F, 0x5F, 0x5F, 0x5F, 0x74, 0x90, 0xAC, 0xB7, 0x9B, 0x7F, 0x63, 0x5F, 0x5F, 0x5F, 0x5F, 0x5A, 0x4F, 0x3E,
    0x00, 0x00, 0x00, 0x00, 0x02, 0x1C, 0x35, 0x4C, 0x61, 0x71, 0x8C, 0xA8, 0xBC, 0xA0, 0x84, 0x68, 0x4C, 0x31, 0x15, 0x00, 0x00, 0x00, 0x00, 0x00,
    0x26, 0x42, 0x5E, 0x7A, 0x96, 0xB2, 0xB2, 0x96, 0x7A, 0x5E, 0x42, 0x26, 0x0A, 0x00, 0x00, 0x00, 0x00, 0x00, 0x00, 0x00, 0x00, 0x00, 0x00, 0x00,
    0x69, 0x85, 0xA1, 0xBD, 0xA7, 0x8B, 0x7A, 0x7A, 0x7A, 0x7A, 0x7A, 0x7A, 0x7A, 0x7A, 0x7A, 0x7A, 0x7A, 0x7A, 0x78, 0x6E, 0x5D, 0x47, 0x30, 0x17,
    0x69, 0x85, 0xA1, 0xBD, 0xA7, 0x8B, 0x6F, 0x53, 0x37, 0x1C, 0x07, 0x00, 0x00, 0x00, 0x00, 0x00, 0x00, 0x00, 0x00, 0x00, 0x00, 0x00, 0x00, 0x00,
    0x04, 0x20, 0x3C, 0x58, 0x74, 0x90, 0xAC, 0xB7, 0x9B, 0x7F, 0x63, 0x47, 0x47, 0x63, 0x7F, 0x9B, 0xB7, 0xAC, 0x90, 0x74, 0x58, 0x3C, 0x20, 0x04,
    0x00, 0x00, 0x04, 0x1C, 0x33, 0x4B, 0x63, 0x7B, 0x90, 0x9B, 0x94, 0x7F, 0x67, 0x70, 0x8B, 0xA6, 0xBE, 0xA3, 0x88, 0x6D, 0x52, 0x36, 0x1B, 0x00,
    0x00, 0x00, 0x02, 0x16, 0x29, 0x3D, 0x51, 0x65, 0x79, 0x8C, 0xA0, 0xB4, 0xB8, 0xB4, 0x9A, 0x80, 0x69, 0x55, 0x41, 0x2D, 0x1A, 0x06, 0x00, 0x00,
    0x28, 0x36, 0x3F, 0x43, 0x43, 0x43, 0x43, 0x43, 0x43, 0x58, 0x74, 0x90, 0xAC, 0xB7, 0x9B, 0x7F, 0x63, 0x47, 0x43, 0x43, 0x43, 0x3F, 0x36, 0x28,
    0x00, 0x00, 0x00, 0x00, 0x00, 0x0E, 0x25, 0x3B, 0x57, 0x73, 0x8F, 0xAB, 0xB9, 0x9D, 0x82, 0x66, 0x4A, 0x2E, 0x12, 0x00, 0x00, 0x00, 0x00, 0x00,
    0x26, 0x42, 0x5E, 0x7A, 0x96, 0xB2, 0xB2, 0x96, 0x7A, 0x5E, 0x42, 0x26, 0x0A, 0x00, 0x00, 0x00, 0x00, 0x00, 0x00, 0x00, 0x00, 0x00, 0x00, 0x00,
    0x69, 0x85, 0xA1, 0xBD, 0xA7, 0x8B, 0x6F, 0x5E, 0x5E, 0x5E, 0x5E, 0x5E, 0x5E, 0x5E, 0x5E, 0x5E, 0x5E, 0x5E, 0x5D, 0x55, 0x47, 0x35, 0x20, 0x09,
    0x69, 0x85, 0xA1, 0xBD, 0xA7, 0x8B, 0x6F, 0x58, 0x43, 0x2F, 0x1B, 0x06, 0x00, 0x00, 0x00, 0x00, 0x00, 0x00, 0x00, 0x00, 0x00, 0x00, 0x00, 0x00,
    0x04, 0x20, 0x3C, 0x58, 0x74, 0x90, 0xAC, 0xB7, 0x9B, 0x7F, 0x63, 0x4A, 0x47, 0x63, 0x7F, 0x9B, 0xB7, 0xAC, 0x90, 0x74, 0x58, 0x3C, 0x20, 0x04,
    0x00, 0x00, 0x13, 0x2B, 0x42, 0x5A, 0x72, 0x8A, 0xA1, 0xB7, 0xA5, 0x8A, 0x6E, 0x69, 0x84, 0xA0, 0xBB, 0xAA, 0x8F, 0x74, 0x58, 0x3D, 0x22, 0x07,
    0x00, 0x02, 0x16, 0x29, 0x3D, 0x51, 0x65, 0x79, 0x8C, 0xA0, 0xB4, 0xB8, 0xA8, 0xBE, 0xA4, 0x8A, 0x70, 0x56, 0x3C, 0x22, 0x09, 0x00, 0x00, 0x00,
    0x10, 0x1C, 0x24, 0x27, 0x27, 0x27, 0x27, 0x27, 0x3C, 0x58, 0x74, 0x90, 0xAC, 0xB7, 0x9B, 0x7F, 0x63, 0x47, 0x2B, 0x27, 0x27, 0x24, 0x1C, 0x10,
    0x00, 0x00, 0x00, 0x00, 0x00, 0x06, 0x22, 0x3E, 0x5A, 0x75, 0x91, 0xAD, 0xB7, 0x9B, 0x7F, 0x63, 0x47, 0x2B, 0x0F, 0x00, 0x00, 0x00, 0x00, 0x00,
    0x26, 0x42, 0x5E, 0x7A, 0x96, 0xB2, 0xB2, 0x96, 0x7A, 0x5E, 0x42, 0x26, 0x0A, 0x00, 0x00, 0x00, 0x00, 0x00, 0x00, 0x00, 0x00, 0x00, 0x00, 0x00,
    0x69, 0x85, 0xA1, 0xBD, 0xA7, 0x8B, 0x6F, 0x53, 0x42, 0x42, 0x42, 0x42, 0x42, 0x42, 0x42, 0x42, 0x42, 0x42, 0x41, 0x3B, 0x30, 0x20, 0x0E, 0x00,
    0x69, 0x85, 0xA1, 0xBD, 0xA8, 0x93, 0x7F, 0x6B, 0x57, 0x42, 0x2E, 0x1A, 0x05, 0x00, 0x00, 0x00, 0x00, 0x00, 0x00, 0x00, 0x00, 0x00, 0x00, 0x00,
    0x04, 0x20, 0x3C, 0x58, 0x74, 0x90, 0xAC, 0xB7, 0x9E, 0x88, 0x72, 0x5C, 0x47, 0x63, 0x7F, 0x9B, 0xB7, 0xAC, 0x90, 0x74, 0x58, 0x3C, 0x20, 0x04,
    0x00, 0x0A, 0x22, 0x39, 0x51, 0x69, 0x81, 0x98, 0xB0, 0xB8, 0xA0, 0x87, 0x6C, 0x62, 0x7E, 0x99, 0xB4, 0xB1, 0x96, 0x7A, 0x5F, 0x44, 0x29, 0x0E,
    0x02, 0x16, 0x29, 0x3D, 0x51, 0x65, 0x79, 0x8C, 0xA0, 0xB4, 0xB8, 0xA4, 0x9D, 0xB7, 0xAF, 0x95, 0x7B, 0x61, 0x47, 0x2D, 0x13, 0x00, 0x00, 0x00,
    0x00, 0x02, 0x08, 0x0B, 0x0B, 0x0B, 0x0B, 0x20, 0x3C, 0x58, 0x74, 0x90, 0xAC, 0xB7, 0x9B, 0x7F, 0x63, 0x47, 0x2B, 0x0F, 0x0B, 0x08, 0x02, 0x00,
    0x00, 0x00, 0x00, 0x00, 0x00, 0x09, 0x25, 0x40, 0x5C, 0x78, 0x94, 0xB0, 0xB4, 0x98, 0x7C, 0x60, 0x44, 0x29, 0x0D, 0x00, 0x00, 0x00, 0x00, 0x00,
    0x26, 0x42, 0x5E, 0x7A, 0x96, 0xB2, 0xB2, 0x96, 0x7A, 0x5E, 0x42, 0x26, 0x0A, 0x0A, 0x0A, 0x0A, 0x0A, 0x0A, 0x0A, 0x0A, 0x0A, 0x07, 0x01, 0x00,
    0x69, 0x85, 0xA1, 0xBD, 0xA7, 0x8B, 0x6F, 0x53, 0x37, 0x26, 0x26, 0x26, 0x26, 0x26, 0x26, 0x26, 0x26, 0x26, 0x25, 0x20, 0x17, 0x09, 0x00, 0x00,
    0x67, 0x82, 0x9B, 0xB0, 0xBB, 0xA7, 0x92, 0x7E, 0x6A, 0x55, 0x41, 0x2D, 0x19, 0x04, 0x00, 0x00, 0x00, 0x00, 0x00, 0x00, 0x00, 0x00, 0x00, 0x00,
    0x03, 0x1F, 0x3B, 0x56, 0x72, 0x8C, 0xA4, 0xBA, 0xAF, 0x99, 0x83, 0x6D, 0x57, 0x61, 0x7D, 0x96, 0xAB, 0xA4, 0x8C, 0x72, 0x56, 0x3B, 0x1F, 0x03,
    0x01, 0x19, 0x30, 0x48, 0x60, 0x78, 0x8F, 0xA7, 0xBF, 0xA9, 0x91, 0x79, 0x62, 0x5C, 0x77, 0x92, 0xAD, 0xB8, 0x9C, 0x81, 0x66, 0x4B, 0x30, 0x15,
    0x16, 0x29, 0x3D, 0x51, 0x65, 0x79, 0x8C, 0xA0, 0xB4, 0xB8, 0xA4, 0x90, 0x93, 0xAC, 0xB9, 0x9F, 0x85, 0x6B, 0x51, 0x38, 0x1E, 0x04, 0x00, 0x00,
    0x00, 0x00, 0x00, 0x00, 0x00, 0x00, 0x04, 0x20, 0x3C, 0x58, 0x74, 0x90, 0xAC, 0xB7, 0x9B, 0x7F, 0x63, 0x47, 0x2B, 0x0F, 0x00, 0x00, 0x00, 0x00,
    0x00, 0x00, 0x00, 0x00, 0x00, 0x0B, 0x27, 0x43, 0x5F, 0x7B, 0x97, 0xB3, 0xB1, 0x95, 0x79, 0x5E, 0x42, 0x26, 0x0A, 0x00, 0x00, 0x00, 0x00, 0x00,
    0x26, 0x42, 0x5E, 0x7A, 0x96, 0xB2, 0xB2, 0x96, 0x7A, 0x5E, 0x42, 0x26, 0x26, 0x26, 0x26, 0x26, 0x26, 0x26, 0x26, 0x26, 0x26, 0x23, 0x1B, 0x0F,
    0x69, 0x85, 0xA1, 0xBD, 0xA7, 0x8B, 0x6F, 0x53, 0x37, 0x1B, 0x0A, 0x0A, 0x0A, 0x0A, 0x0A, 0x0A, 0x0A, 0x0A, 0x09, 0x05, 0x00, 0x00, 0x00, 0x00,
    0x5D, 0x74, 0x89, 0x9D, 0xB1, 0xBA, 0xA6, 0x91, 0x7D, 0x69, 0x54, 0x40, 0x2C, 0x17, 0x03, 0x00, 0x00, 0x00, 0x00, 0x00, 0x00, 0x00, 0x00, 0x00,
    0x00, 0x19, 0x34, 0x4E, 0x67, 0x7D, 0x93, 0xA9, 0xBF, 0xAA, 0x94, 0x7E, 0x68, 0x58, 0x70, 0x84, 0x90, 0x8C, 0x7D, 0x67, 0x4E, 0x34, 0x19, 0x00,
    0x10, 0x28, 0x3F, 0x57, 0x6F, 0x87, 0x9E, 0xB6, 0xB2, 0x9A, 0x82, 0x6B, 0x53, 0x55, 0x70, 0x8B, 0xA6, 0xBE, 0xA3, 0x88, 0x6D, 0x52, 0x37, 0x1C,
    0x29, 0x3D, 0x51, 0x65, 0x79, 0x8C, 0xA0, 0xB4, 0xB8, 0xA4, 0x90, 0x7D, 0x88, 0xA2, 0xBC, 0xAA, 0x90, 0x76, 0x5C, 0x42, 0x28, 0x0E, 0x00, 0x00,
    0x04, 0x0F, 0x17, 0x19, 0x1A, 0x1A, 0x1A, 0x20, 0x3C, 0x58, 0x74, 0x90, 0xAC, 0xB7, 0x9B, 0x7F, 0x63, 0x47, 0x2B, 0x0F, 0x00, 0x00, 0x00, 0x00,
    0x00, 0x00, 0x00, 0x00, 0x00, 0x0E, 0x2A, 0x46, 0x62, 0x7E, 0x99, 0xB5, 0xAF, 0x93, 0x77, 0x5B, 0x3F, 0x23, 0x07, 0x00, 0x00, 0x00, 0x00, 0x00,
    0x27, 0x42, 0x5E, 0x7A, 0x96, 0xB2, 0xB2, 0x96, 0x7A, 0x5E, 0x42, 0x42, 0x42, 0x42, 0x42, 0x42, 0x42, 0x42, 0x42, 0x42, 0x42, 0x3E, 0x35, 0x27,
    0x69, 0x85, 0xA1, 0xBD, 0xA7, 0x8B, 0x6F, 0x53, 0x37, 0x1B, 0x00, 0x00, 0x00, 0x00, 0x00, 0x00, 0x00, 0x00, 0x00, 0x00, 0x00, 0x00, 0x00, 0x00,
    0x4D, 0x61, 0x75, 0x8A, 0x9E, 0xB2, 0xB9, 0xA5, 0x90, 0x7C, 0x68, 0x53, 0x3F, 0x2B, 0x16, 0x02, 0x00, 0x00, 0x00, 0x00, 0x00, 0x00, 0x00, 0x00,
    0x00, 0x0F, 0x28, 0x40, 0x56, 0x6C, 0x82, 0x98, 0xAE, 0xBB, 0xA5, 0x8F, 0x79, 0x63, 0x5D, 0x6C, 0x74, 0x72, 0x67, 0x55, 0x40, 0x28, 0x0F, 0x00,
    0x1F, 0x36, 0x4E, 0x66, 0x7E, 0x95, 0xAD, 0xBB, 0xA3, 0x8B, 0x74, 0x5C, 0x44, 0x4E, 0x69, 0x84, 0x9F, 0xBA, 0xAA, 0x8F, 0x74, 0x59, 0x3E, 0x23,
    0x3D, 0x51, 0x65, 0x79, 0x8C, 0xA0, 0xB4, 0xB8, 0xA4, 0x90, 0x7D, 0x69, 0x7D, 0x97, 0xB1, 0xB4, 0x9A, 0x80, 0x66, 0x4D, 0x33, 0x19, 0x00, 0x00,
    0x1D, 0x2A, 0x32, 0x35, 0x36, 0x36, 0x36, 0x36, 0x3C, 0x58, 0x74, 0x90, 0xAC, 0xB7, 0x9B, 0x7F, 0x63, 0x47, 0x2B, 0x0F, 0x00, 0x00, 0x00, 0x00,
    0x00, 0x00, 0x00, 0x00, 0x00, 0x11, 0x2D, 0x48, 0x64, 0x80, 0x9C, 0xB8, 0xAC, 0x90, 0x74, 0x58, 0x3C, 0x20, 0x05, 0x00, 0x00, 0x00, 0x00, 0x00,
    0x3D, 0x4E, 0x5E, 0x7A, 0x96, 0xB2, 0xB2, 0x96, 0x7A, 0x5E, 0x5E, 0x5E, 0x5E, 0x5E, 0x5E, 0x5E, 0x5E, 0x5E, 0x5E, 0x5E, 0x5E, 0x59, 0x4E, 0x3D,
    0x69, 0x85, 0xA1, 0xBD, 0xA7, 0x8B, 0x6F, 0x53, 0x37, 0x1B, 0x1B, 0x1B, 0x1B, 0x1B, 0x1B, 0x1B, 0x1B, 0x1B, 0x1B, 0x1B, 0x1B, 0x18, 0x10, 0x05,
    0x3A, 0x4E, 0x62, 0x77, 0x8B, 0x9F, 0xB3, 0xB8, 0xA4, 0x8F, 0x7B, 0x67, 0x52, 0x3E, 0x2A, 0x15, 0x01, 0x00, 0x00, 0x00, 0x00, 0x00, 0x00, 0x00,
    0x00, 0x02, 0x18, 0x2E, 0x45, 0x5B, 0x71, 0x87, 0x9D, 0xB3, 0xB6, 0xA0, 0x8A, 0x74, 0x5E, 0x52, 0x58, 0x56, 0x4E, 0x40, 0x2D, 0x18, 0x02, 0x00,
    0x2E, 0x45, 0x5D, 0x75, 0x8C, 0xA4, 0xBC, 0xAC, 0x94, 0x7C, 0x65, 0x4D, 0x37, 0x47, 0x62, 0x7D, 0x98, 0xB3, 0xB1, 0x96, 0x7B, 0x60, 0x45, 0x29,
    0x50, 0x65, 0x79, 0x8C, 0xA0, 0xB4, 0xB8, 0xA4, 0x90, 0x7D, 0x69, 0x59, 0x73, 0x8D, 0xA7, 0xBF, 0xA5, 0x8B, 0x71, 0x57, 0x3D, 0x23, 0x09, 0x00,
    0x33, 0x43, 0x4D, 0x51, 0x52, 0x52, 0x52, 0x52, 0x52, 0x58, 0x74, 0x90, 0xAC, 0xB7, 0x9B, 0x7F, 0x63, 0x47, 0x2B, 0x0F, 0x00, 0x00, 0x00, 0x00,
    0x00, 0x00, 0x00, 0x00, 0x00, 0x13, 0x2F, 0x4B, 0x67, 0x83, 0x9F, 0xBB, 0xA9, 0x8D, 0x71, 0x56, 0x3A, 0x1E, 0x02, 0x00, 0x00, 0x00, 0x00, 0x00,
    0x50, 0x64, 0x73, 0x7A, 0x96, 0xB2, 0xB2, 0x96, 0x7A, 0x7A, 0x7A, 0x7A, 0x7A, 0x7A, 0x7A, 0x7A, 0x7A, 0x7A, 0x7A, 0x7A, 0x7A, 0x73, 0x64, 0x50,
    0x69, 0x85, 0xA1, 0xBD, 0xA7, 0x8B, 0x6F, 0x53, 0x37, 0x37, 0x37, 0x37, 0x37, 0x37, 0x37, 0x37, 0x37, 0x37, 0x37, 0x37, 0x37, 0x33, 0x2B, 0x1D,
    0x26, 0x3B, 0x4F, 0x63, 0x78, 0x8C, 0xA0, 0xB5, 0xB7, 0xA3, 0x8E, 0x7A, 0x66, 0x51, 0x3D, 0x29, 0x14, 0x00, 0x00, 0x00, 0x00, 0x00, 0x00, 0x00,
    0x00, 0x00, 0x07, 0x1D, 0x33, 0x4A, 0x60, 0x76, 0x8C, 0xA2, 0xB8, 0xB1, 0x9B, 0x85, 0x6F, 0x59, 0x43, 0x3B, 0x34, 0x28, 0x18, 0x06, 0x00, 0x00,
    0x3C, 0x54, 0x6C, 0x84, 0x9B, 0xB3, 0xB5, 0x9D, 0x85, 0x6E, 0x56, 0x53, 0x53, 0x53, 0x5B, 0x76, 0x91, 0xAD, 0xB8, 0x9D, 0x82, 0x67, 0x4B, 0x30,
    0x5F, 0x78, 0x8C, 0xA0, 0xB4, 0xB8, 0xA4, 0x90, 0x7D, 0x69, 0x55, 0x4F, 0x68, 0x82, 0x9C, 0xB6, 0xAF, 0x95, 0x7C, 0x62, 0x48, 0x2E, 0x14, 0x00,
    0x48, 0x5B, 0x68, 0x6D, 0x6E, 0x6E, 0x6E, 0x6E, 0x6E, 0x6E, 0x74, 0x90, 0xAC, 0xB7, 0x9B, 0x7F, 0x63, 0x47, 0x2B, 0x0F, 0x00, 0x00, 0x00, 0x00,
    0x00, 0x00, 0x00, 0x00, 0x00, 0x16, 0x32, 0x4E, 0x6A, 0x86, 0xA1, 0xBD, 0xA6, 0x8B, 0x6F, 0x53, 0x37, 0x1B, 0x00, 0x00, 0x00, 0x00, 0x00, 0x00,
    0x5F, 0x78, 0x8C, 0x96, 0x96, 0xB2, 0xB2, 0x96, 0x96, 0x96, 0x96, 0x96, 0x96, 0x96, 0x96, 0x96, 0x96, 0x96, 0x96, 0x96, 0x96, 0x8C, 0x78, 0x5F,
    0x69, 0x85, 0xA1, 0xBD, 0xA7, 0x8B, 0x6F, 0x53, 0x53, 0x53, 0x53, 0x53, 0x53, 0x53, 0x53, 0x53, 0x53, 0x53, 0x53, 0x53, 0x53, 0x4E, 0x44, 0x34,
    0x13, 0x27, 0x3C, 0x50, 0x64, 0x79, 0x8D, 0xA1, 0xB6, 0xB6, 0xA1, 0x8D, 0x79, 0x65, 0x50, 0x3C, 0x28, 0x13, 0x00, 0x00, 0x00, 0x00, 0x00, 0x00,
    0x00, 0x00, 0x00, 0x0C, 0x22, 0x38, 0x4F, 0x65, 0x7B, 0x91, 0xA7, 0xBD, 0xAC, 0x96, 0x80, 0x6A, 0x54, 0x3E, 0x28, 0x12, 0x02, 0x00, 0x00, 0x00,
    0x4B, 0x63, 0x7B, 0x92, 0xAA, 0xBE, 0xA6, 0x8E, 0x77, 0x6F, 0x6F, 0x6F, 0x6F, 0x6F, 0x6F, 0x6F, 0x8B, 0xA6, 0xBF, 0xA4, 0x89, 0x6D, 0x52, 0x37,
    0x68, 0x83, 0x9E, 0xB4, 0xB8, 0xA4, 0x90, 0x7D, 0x69, 0x55, 0x41, 0x44, 0x5E, 0x78, 0x92, 0xAC, 0xBA, 0xA0, 0x86, 0x6C, 0x52, 0x38, 0x1E, 0x04,
    0x59, 0x70, 0x81, 0x89, 0x8A, 0x8A, 0x8A, 0x8A, 0x8A, 0x8A, 0x8A, 0x90, 0xAC, 0xB7, 0x9B, 0x7F, 0x63, 0x47, 0x2B, 0x0F, 0x00, 0x00, 0x00, 0x00,
    0x00, 0x00, 0x00, 0x00, 0x00, 0x19, 0x35, 0x51, 0x6C, 0x88, 0xA4, 0xC0, 0xA4, 0x88, 0x6C, 0x50, 0x34, 0x18, 0x00, 0x00, 0x00, 0x00, 0x00, 0x00,
    0x68, 0x83, 0x9E, 0xB2, 0xB2, 0xB2, 0xB2, 0xB2, 0xB2, 0xB2, 0xB2, 0xB2, 0xB2, 0xB2, 0xB2, 0xB2, 0xB2, 0xB2, 0xB2, 0xB2, 0xB2, 0x9E, 0x83, 0x68,
    0x69, 0x85, 0xA1, 0xBD, 0xA7, 0x8B, 0x6F, 0x6F, 0x6F, 0x6F, 0x6F, 0x6F, 0x6F, 0x6F, 0x6F, 0x6F, 0x6F, 0x6F, 0x6F, 0x6F, 0x6F, 0x69, 0x5C, 0x49,
    0x00, 0x14, 0x28, 0x3D, 0x51, 0x65, 0x7A, 0x8E, 0xA2, 0xB7, 0xB5, 0xA0, 0x8C, 0x78, 0x63, 0x4F, 0x3B, 0x27, 0x12, 0x00, 0x00, 0x00, 0x00, 0x00,
    0x00, 0x00, 0x00, 0x00, 0x11, 0x27, 0x3D, 0x53, 0x6A, 0x80, 0x96, 0xAC, 0xBE, 0xA7, 0x91, 0x7B, 0x65, 0x4F, 0x39, 0x23, 0x0D, 0x00, 0x00, 0x00,
    0x5A, 0x72, 0x8A, 0xA1, 0xB9, 0xAF, 0x97, 0x8B, 0x8B, 0x8B, 0x8B, 0x8B, 0x8B, 0x8B, 0x8B, 0x8B, 0x8B, 0x9F, 0xBA, 0xAB, 0x8F, 0x74, 0x59, 0x3E,
    0x68, 0x83, 0x9E, 0xB2, 0xA4, 0x90, 0x7D, 0x69, 0x55, 0x41, 0x2D, 0x39, 0x53, 0x6D, 0x87, 0xA1, 0xBB, 0xAB, 0x91, 0x77, 0x5D, 0x43, 0x29, 0x0F,
    0x65, 0x7F, 0x97, 0xA5, 0xA6, 0xA6, 0xA6, 0xA6, 0xA6, 0xA6, 0xA6, 0xA6, 0xAC, 0xB7, 0x9B, 0x7F, 0x63, 0x47, 0x2B, 0x0F, 0x00, 0x00, 0x00, 0x00,
    0x00, 0x00, 0x00, 0x00, 0x00, 0x1B, 0x37, 0x53, 0x6F, 0x8B, 0xA7, 0xBD, 0xA1, 0x85, 0x69, 0x4E, 0x32, 0x16, 0x00, 0x00, 0x00, 0x00, 0x00, 0x00,
    0x68, 0x83, 0x9E, 0xB2, 0xB2, 0xB2, 0xB2, 0xB2, 0xB2, 0xB2, 0xB2, 0xB2, 0xB2, 0xB2, 0xB2, 0xB2, 0xB2, 0xB2, 0xB2, 0xB2, 0xB2, 0x9E, 0x83, 0x68,
    0x69, 0x85, 0xA1, 0xBD, 0xA7, 0x8B, 0x8B, 0x8B, 0x8B, 0x8B, 0x8B, 0x8B, 0x8B, 0x8B, 0x8B, 0x8B, 0x8B, 0x8B, 0x8B, 0x8B, 0x8B, 0x82, 0x71, 0x5A,
    0x00, 0x01, 0x15, 0x29, 0x3E, 0x52, 0x66, 0x7B, 0x8F, 0xA3, 0xB8, 0xB4, 0x9F, 0x8B, 0x77, 0x62, 0x4E, 0x3A, 0x25, 0x11, 0x00, 0x00, 0x00, 0x00,
    0x00, 0x00, 0x00, 0x00, 0x00, 0x16, 0x2C, 0x42, 0x58, 0x6F, 0x85, 0x9B, 0xB1, 0xB9, 0xA3, 0x8C, 0x76, 0x60, 0x4A, 0x34, 0x1E, 0x08, 0x00, 0x00,
    0x65, 0x80, 0x98, 0xB0, 0xB8, 0xA7, 0xA7, 0xA7, 0xA7, 0xA7, 0xA7, 0xA7, 0xA7, 0xA7, 0xA7, 0xA7, 0xA7, 0xA7, 0xB3, 0xB2, 0x96, 0x7B, 0x60, 0x45,
    0x5F, 0x78, 0x8C, 0x96, 0x8F, 0x7D, 0x69, 0x55, 0x41, 0x2D, 0x1A, 0x2F, 0x49, 0x63, 0x7D, 0x97, 0xB1, 0xB5, 0x9B, 0x81, 0x67, 0x4D, 0x33, 0x19,
    0x69, 0x85, 0xA1, 0xBD, 0xBE, 0xBE, 0xBE, 0xBE, 0xBE, 0xBE, 0xBE, 0xBE, 0xBE, 0xB7, 0x9B, 0x7F, 0x63, 0x47, 0x2B, 0x0F, 0x00, 0x00, 0x00, 0x00,
    0x00, 0x00, 0x00, 0x00, 0x02, 0x1E, 0x3A, 0x56, 0x72, 0x8E, 0xA9, 0xBA, 0x9E, 0x83, 0x67, 0x4B, 0x2F, 0x13, 0x00, 0x00, 0x00, 0x00, 0x00, 0x00,
    0x5F, 0x78, 0x8C, 0x96, 0x96, 0x96, 0x96, 0x96, 0x96, 0x96, 0x96, 0x96, 0x96, 0x96, 0x96, 0x96, 0x96, 0x96, 0x96, 0x96, 0x96, 0x8C, 0x78, 0x5F,
    0x69, 0x85, 0xA1, 0xBD, 0xA7, 0xA7, 0xA7, 0xA7, 0xA7, 0xA7, 0xA7, 0xA7, 0xA7, 0xA7, 0xA7, 0xA7, 0xA7, 0xA7, 0xA7, 0xA7, 0xA6, 0x98, 0x80, 0x65,
    0x00, 0x00, 0x02, 0x16, 0x2B, 0x3F, 0x53, 0x67, 0x7C, 0x90, 0xA4, 0xB9, 0xB3, 0x9E, 0x8A, 0x76, 0x61, 0x4D, 0x39, 0x24, 0x10, 0x00, 0x00, 0x00,
    0x00, 0x00, 0x00, 0x00, 0x00, 0x05, 0x1B, 0x31, 0x47, 0x5D, 0x74, 0x8A, 0xA0, 0xB6, 0xB4, 0x9E, 0x87, 0x71, 0x5B, 0x45, 0x2F, 0x19, 0x03, 0x00,
    0x69, 0x85, 0xA1, 0xBC, 0xBD, 0xBD, 0xBD, 0xBD, 0xBD, 0xBD, 0xBD, 0xBD, 0xBD, 0xBD, 0xBD, 0xBD, 0xBD, 0xBD, 0xBD, 0xB7, 0x9B, 0x7F, 0x63, 0x47,
    0x50, 0x64, 0x73, 0x7A, 0x75, 0x68, 0x55, 0x41, 0x2D, 0x1A, 0x0A, 0x24, 0x3E, 0x58, 0x72, 0x8C, 0xA6, 0xC0, 0xA6, 0x8C, 0x72, 0x58, 0x3E, 0x24,
    0x64, 0x7E, 0x95, 0xA2, 0xA2, 0xA2, 0xA2, 0xA2, 0xA2, 0xA2, 0xA2, 0xA2, 0xA2, 0xA1, 0x91, 0x79, 0x5F, 0x44, 0x29, 0x0D, 0x00, 0x00, 0x00, 0x00,
    0x00, 0x00, 0x00, 0x00, 0x05, 0x21, 0x3D, 0x59, 0x74, 0x90, 0xAC, 0xB8, 0x9C, 0x80, 0x64, 0x48, 0x2C, 0x10, 0x00, 0x00, 0x00, 0x00, 0x00, 0x00,
    0x50, 0x64, 0x73, 0x7A, 0x7A, 0x7A, 0x7A, 0x7A, 0x7A, 0x7A, 0x7A, 0x7A, 0x7A, 0x7A, 0x7A, 0x7A, 0x7A, 0x7A, 0x7A, 0x7A, 0x7A, 0x73, 0x64, 0x50,
    0x69, 0x85, 0xA1, 0xBC, 0xBD, 0xBD, 0xBD, 0xBD, 0xBD, 0xBD, 0xBD, 0xBD, 0xBD, 0xBD, 0xBD, 0xBD, 0xBD, 0xBD, 0xBD, 0xBD, 0xBC, 0xA1, 0x85, 0x69,
    0x00, 0x00, 0x00, 0x03, 0x17, 0x2C, 0x40, 0x54, 0x69, 0x7D, 0x91, 0xA5, 0xBA, 0xB2, 0x9D, 0x89, 0x75, 0x60, 0x4C, 0x38, 0x23, 0x0F, 0x00, 0x00,
    0x00, 0x00, 0x00, 0x00, 0x00, 0x00, 0x0A, 0x20, 0x36, 0x4C, 0x62, 0x78, 0x8F, 0xA5, 0xBB, 0xAF, 0x99, 0x82, 0x6C, 0x56, 0x40, 0x2A, 0x14, 0x00,
    0x64, 0x7D, 0x94, 0xA1, 0xA1, 0xA1, 0xA1, 0xA1, 0xA1, 0xA1, 0xA1, 0xA1, 0xA1, 0xA1, 0xA1, 0xA1, 0xA1, 0xA1, 0xA1, 0xA0, 0x90, 0x78, 0x5E, 0x44,
    0x3D, 0x4E, 0x59, 0x5E, 0x5B, 0x50, 0x41, 0x2D, 0x1A, 0x06, 0x00, 0x1A, 0x34, 0x4E, 0x68, 0x82, 0x9C, 0xB6, 0xB0, 0x96, 0x7C, 0x62, 0x48, 0x2E,
    0x58, 0x6D, 0x7E, 0x86, 0x86, 0x86, 0x86, 0x86, 0x86, 0x86, 0x86, 0x86, 0x86, 0x86, 0x7C, 0x69, 0x53, 0x3A, 0x21, 0x06, 0x00, 0x00, 0x00, 0x00,
    0x00, 0x00, 0x00, 0x00, 0x08, 0x23, 0x3F, 0x5B, 0x77, 0x93, 0xAF, 0xB5, 0x99, 0x7D, 0x61, 0x45, 0x2A, 0x0E, 0x00, 0x00, 0x00, 0x00, 0x00, 0x00,
    0x3D, 0x4E, 0x59, 0x5E, 0x5E, 0x5E, 0x5E, 0x5E, 0x5E, 0x5E, 0x5E, 0x5E, 0x5E, 0x5E, 0x5E, 0x5E, 0x5E, 0x5E, 0x5E, 0x5E, 0x5E, 0x59, 0x4E, 0x3D,
    0x64, 0x7D, 0x94, 0xA1, 0xA1, 0xA1, 0xA1, 0xA1, 0xA1, 0xA1, 0xA1, 0xA1, 0xA1, 0xA1, 0xA1, 0xA1, 0xA1, 0xA1, 0xA1, 0xA1, 0xA1, 0x94, 0x7D, 0x64,
    0x00, 0x00, 0x00, 0x00, 0x04, 0x18, 0x2D, 0x41, 0x55, 0x6A, 0x7E, 0x92, 0xA7, 0xBB, 0xB1, 0x9C, 0x88, 0x74, 0x5F, 0x4B, 0x37, 0x20, 0x09, 0x00,
    0x00, 0x00, 0x00, 0x00, 0x00, 0x00, 0x00, 0x0F, 0x25, 0x3B, 0x51, 0x67, 0x7D, 0x94, 0xAA, 0xC0, 0xAA, 0x94, 0x7E, 0x67, 0x51, 0x3B, 0x25, 0x0D,
    0x57, 0x6D, 0x7D, 0x85, 0x85, 0x85, 0x85, 0x85, 0x85, 0x85, 0x85, 0x85, 0x85, 0x85, 0x85, 0x85, 0x85, 0x85, 0x85, 0x84, 0x7B, 0x69, 0x52, 0x3A,
    0x27, 0x35, 0x3E, 0x42, 0x3F, 0x37, 0x2A, 0x19, 0x06, 0x00, 0x00, 0x0F, 0x29, 0x43, 0x5D, 0x77, 0x91, 0xAB, 0xBB, 0xA1, 0x87, 0x6D, 0x53, 0x39,
    0x46, 0x58, 0x65, 0x6A, 0x6A, 0x6A, 0x6A, 0x6A, 0x6A, 0x6A, 0x6A, 0x6A, 0x6A, 0x6A, 0x63, 0x55, 0x42, 0x2C, 0x14, 0x00, 0x00, 0x00, 0x00, 0x00,
    0x00, 0x00, 0x00, 0x00, 0x0A, 0x26, 0x42, 0x5E, 0x7A, 0x96, 0xB2, 0xB2, 0x96, 0x7B, 0x5F, 0x43, 0x27, 0x0B, 0x00, 0x00, 0x00, 0x00, 0x00, 0x00,
    0x27, 0x35, 0x3E, 0x42, 0x42, 0x42, 0x42, 0x42, 0x42, 0x42, 0x42, 0x42, 0x42, 0x42, 0x42, 0x42, 0x42, 0x42, 0x42, 0x42, 0x42, 0x3E, 0x35, 0x27,
    0x57, 0x6D, 0x7D, 0x85, 0x85, 0x85, 0x85, 0x85, 0x85, 0x85, 0x85, 0x85, 0x85, 0x85, 0x85, 0x85, 0x85, 0x85, 0x85, 0x85, 0x85, 0x7D, 0x6D, 0x57,
    0x00, 0x00, 0x00, 0x00, 0x00, 0x05, 0x19, 0x2E, 0x42, 0x56, 0x6B, 0x7F, 0x93, 0xA8, 0xBC, 0xAF, 0x9B, 0x87, 0x73, 0x5E, 0x47, 0x2E, 0x15, 0x00,
    0x00, 0x00, 0x00, 0x00, 0x00, 0x00, 0x00, 0x00, 0x14, 0x2A, 0x40, 0x56, 0x6C, 0x82, 0x99, 0xAF, 0xBB, 0xA5, 0x8F, 0x79, 0x62, 0x4C, 0x33, 0x1A,
    0x45, 0x57, 0x64, 0x69, 0x69, 0x69, 0x69, 0x69, 0x69, 0x69, 0x69, 0x69, 0x69, 0x69, 0x69, 0x69, 0x69, 0x69, 0x69, 0x69, 0x62, 0x54, 0x41, 0x2B,
    0x0F, 0x1B, 0x23, 0x26, 0x24, 0x1D, 0x12, 0x03, 0x00, 0x00, 0x00, 0x05, 0x1F, 0x39, 0x53, 0x6D, 0x87, 0xA1, 0xBB, 0xAB, 0x91, 0x77, 0x5D, 0x43,
    0x31, 0x40, 0x4A, 0x4E, 0x4E, 0x4E, 0x4E, 0x4E, 0x4E, 0x4E, 0x4E, 0x4E, 0x4E, 0x4E, 0x48, 0x3D, 0x2D, 0x1A, 0x05, 0x00, 0x00, 0x00, 0x00, 0x00,
    0x00, 0x00, 0x00, 0x00, 0x0D, 0x29, 0x45, 0x61, 0x7C, 0x98, 0xB4, 0xB0, 0x94, 0x78, 0x5C, 0x40, 0x24, 0x08, 0x00, 0x00, 0x00, 0x00, 0x00, 0x00,
    0x0F, 0x1B, 0x23, 0x26, 0x26, 0x26, 0x26, 0x26, 0x26, 0x26, 0x26, 0x26, 0x26, 0x26, 0x26, 0x26, 0x26, 0x26, 0x26, 0x26, 0x26, 0x23, 0x1B, 0x0F,
    0x45, 0x57, 0x64, 0x69, 0x69, 0x69, 0x69, 0x69, 0x69, 0x69, 0x69, 0x69, 0x69, 0x69, 0x69, 0x69, 0x69, 0x69, 0x69, 0x69, 0x69, 0x64, 0x57, 0x45,
    0x00, 0x00, 0x00, 0x00, 0x00, 0x00, 0x06, 0x1A, 0x2F, 0x43, 0x57, 0x6C, 0x80, 0x94, 0xA9, 0xBD, 0xAE, 0x9A, 0x85, 0x6D, 0x53, 0x38, 0x1D, 0x01,
    0x00, 0x00, 0x00, 0x00, 0x00, 0x00, 0x00, 0x00, 0x03, 0x19, 0x2F, 0x45, 0x5B, 0x71, 0x87, 0x9D, 0xB4, 0xB6, 0xA0, 0x8A, 0x72, 0x58, 0x3D, 0x22,
    0x30, 0x3F, 0x49, 0x4D, 0x4D, 0x4D, 0x4D, 0x4D, 0x4D, 0x4D, 0x4D, 0x4D, 0x4D, 0x4D, 0x4D, 0x4D, 0x4D, 0x4D, 0x4D, 0x4D, 0x47, 0x3C, 0x2C, 0x19,
    0x00, 0x01, 0x07, 0x0A, 0x08, 0x02, 0x00, 0x00, 0x00, 0x00, 0x00, 0x00, 0x14, 0x2E, 0x48, 0x62, 0x7C, 0x96, 0xB0, 0xB6, 0x9B, 0x7F, 0x63, 0x47,
    0x1A, 0x26, 0x2F, 0x32, 0x32, 0x32, 0x32, 0x32, 0x32, 0x32, 0x32, 0x32, 0x32, 0x32, 0x2E, 0x24, 0x17, 0x06, 0x00, 0x00, 0x00, 0x00, 0x00, 0x00,
    0x00, 0x00, 0x00, 0x00, 0x0F, 0x2B, 0x47, 0x63, 0x7F, 0x9B, 0xB7, 0xAD, 0x91, 0x75, 0x59, 0x3D, 0x22, 0x06, 0x00, 0x00, 0x00, 0x00, 0x00, 0x00,
    0x00, 0x01, 0x07, 0x0A, 0x0A, 0x0A, 0x0A, 0x0A, 0x0A, 0x0A, 0x0A, 0x0A, 0x0A, 0x0A, 0x0A, 0x0A, 0x0A, 0x0A, 0x0A, 0x0A, 0x0A, 0x07, 0x01, 0x00,
    0x30, 0x3F, 0x49, 0x4D, 0x4D, 0x4D, 0x4D, 0x4D, 0x4D, 0x4D, 0x4D, 0x4D, 0x4D, 0x4D, 0x4D, 0x4D, 0x4D, 0x4D, 0x4D, 0x4D, 0x4D, 0x49, 0x3F, 0x30,
    0x00, 0x00, 0x00, 0x00, 0x00, 0x00, 0x00, 0x07, 0x1B, 0x30, 0x44, 0x58, 0x6D, 0x81, 0x95, 0xAA, 0xBE, 0xAB, 0x90, 0x74, 0x58, 0x3C, 0x20, 0x04,
    0x00, 0x00, 0x00, 0x00, 0x00, 0x00, 0x00, 0x00, 0x00, 0x08, 0x1E, 0x34, 0x4A, 0x60, 0x76, 0x8C, 0xA2, 0xB9, 0xB1, 0x95, 0x7A, 0x5E, 0x42, 0x26,
    0x19, 0x25, 0x2E, 0x31, 0x31, 0x31, 0x31, 0x31, 0x31, 0x31, 0x31, 0x31, 0x31, 0x31, 0x31, 0x31, 0x31, 0x31, 0x31, 0x31, 0x2C, 0x23, 0x16, 0x05,
    0x00, 0x00, 0x00, 0x00, 0x00, 0x00, 0x00, 0x00, 0x00, 0x00, 0x00, 0x00, 0x0A, 0x24, 0x3E, 0x58, 0x72, 0x8B, 0xA2, 0xA8, 0x95, 0x7C, 0x61, 0x45,
    0x01, 0x0C, 0x13, 0x16, 0x16, 0x16, 0x16, 0x16, 0x16, 0x16, 0x16, 0x16, 0x16, 0x16, 0x12, 0x0A, 0x00, 0x00, 0x00, 0x00, 0x00, 0x00, 0x00, 0x00,
    0x00, 0x00, 0x00, 0x00, 0x0E, 0x2A, 0x45, 0x61, 0x7C, 0x95, 0xA8, 0xA2, 0x8B, 0x71, 0x56, 0x3A, 0x1F, 0x03, 0x00, 0x00, 0x00, 0x00, 0x00, 0x00,
    0x00, 0x00, 0x00, 0x00, 0x00, 0x00, 0x00, 0x00, 0x00, 0x00, 0x00, 0x00, 0x00, 0x00, 0x00, 0x00, 0x00, 0x00, 0x00, 0x00, 0x00, 0x00, 0x00, 0x00,
    0x19, 0x25, 0x2E, 0x31, 0x31, 0x31, 0x31, 0x31, 0x31, 0x31, 0x31, 0x31, 0x31, 0x31, 0x31, 0x31, 0x31, 0x31, 0x31, 0x31, 0x31, 0x2E, 0x25, 0x19,
    0x00, 0x00, 0x00, 0x00, 0x00, 0x00, 0x00, 0x00, 0x08, 0x1C, 0x31, 0x45, 0x59, 0x6E, 0x82, 0x96, 0xA8, 0xA2, 0x8B, 0x71, 0x56, 0x3A, 0x1F, 0x03,
    0x00, 0x00, 0x00, 0x00, 0x00, 0x00, 0x00, 0x00, 0x00, 0x00, 0x0D, 0x23, 0x39, 0x4F, 0x65, 0x7B, 0x91, 0xA6, 0xA6, 0x91, 0x77, 0x5B, 0x40, 0x24,
    0x00, 0x0B, 0x12, 0x15, 0x15, 0x15, 0x15, 0x15, 0x15, 0x15, 0x15, 0x15, 0x15, 0x15, 0x15, 0x15, 0x15, 0x15, 0x15, 0x15, 0x11, 0x09, 0x00, 0x00,
    0x00, 0x00, 0x00, 0x00, 0x00, 0x00, 0x00, 0x00, 0x00, 0x00, 0x00, 0x00, 0x00, 0x19, 0x33, 0x4D, 0x65, 0x7B, 0x8A, 0x8D, 0x82, 0x6E, 0x57, 0x3E,
    0x00, 0x00, 0x00, 0x00, 0x00, 0x00, 0x00, 0x00, 0x00, 0x00, 0x00, 0x00, 0x00, 0x00, 0x00, 0x00, 0x00, 0x00, 0x00, 0x00, 0x00, 0x00, 0x00, 0x00,
    0x00, 0x00, 0x00, 0x00, 0x09, 0x23, 0x3E, 0x57, 0x6E, 0x82, 0x8D, 0x8A, 0x7B, 0x65, 0x4D, 0x33, 0x19, 0x00, 0x00, 0x00, 0x00, 0x00, 0x00, 0x00,
    0x00, 0x00, 0x00, 0x00, 0x00, 0x00, 0x00, 0x00, 0x00, 0x00, 0x00, 0x00, 0x00, 0x00, 0x00, 0x00, 0x00, 0x00, 0x00, 0x00, 0x00, 0x00, 0x00, 0x00,
    0x00, 0x0B, 0x12, 0x15, 0x15, 0x15, 0x15, 0x15, 0x15, 0x15, 0x15, 0x15, 0x15, 0x15, 0x15, 0x15, 0x15, 0x15, 0x15, 0x15, 0x15, 0x12, 0x0B, 0x00,
    0x00, 0x00, 0x00, 0x00, 0x00, 0x00, 0x00, 0x00, 0x00, 0x09, 0x1E, 0x32, 0x46, 0x5A, 0x6F, 0x82, 0x8D, 0x8A, 0x7B, 0x65, 0x4D, 0x33, 0x19, 0x00,
    0x00, 0x00, 0x00, 0x00, 0x00, 0x00, 0x00, 0x00, 0x00, 0x00, 0x00, 0x11, 0x28, 0x3E, 0x54, 0x6A, 0x7F, 0x8C, 0x8C, 0x7F, 0x6A, 0x52, 0x38, 0x1E,
    0x00, 0x00, 0x00, 0x00, 0x00, 0x00, 0x00, 0x00, 0x00, 0x00, 0x00, 0x00, 0x00, 0x00, 0x00, 0x00, 0x00, 0x00, 0x00, 0x00, 0x00, 0x00, 0x00, 0x00,
    0x00, 0x00, 0x00, 0x00, 0x00, 0x00, 0x00, 0x00, 0x00, 0x00, 0x00, 0x00, 0x00, 0x0E, 0x27, 0x3E, 0x53, 0x65, 0x70, 0x72, 0x6A, 0x5B, 0x47, 0x30,
    0x00, 0x00, 0x00, 0x00, 0x00, 0x00, 0x00, 0x00, 0x00, 0x00, 0x00, 0x00, 0x00, 0x00, 0x00, 0x00, 0x00, 0x00, 0x00, 0x00, 0x00, 0x00, 0x00, 0x00,
    0x00, 0x00, 0x00, 0x00, 0x00, 0x18, 0x30, 0x47, 0x5B, 0x6A, 0x72, 0x70, 0x65, 0x53, 0x3E, 0x27, 0x0E, 0x00, 0x00, 0x00, 0x00, 0x00, 0x00, 0x00,
    0x00, 0x00, 0x00, 0x00, 0x00, 0x00, 0x00, 0x00, 0x00, 0x00, 0x00, 0x00, 0x00, 0x00, 0x00, 0x00, 0x00, 0x00, 0x00, 0x00, 0x00, 0x00, 0x00, 0x00,
    0x00, 0x00, 0x00, 0x00, 0x00, 0x00, 0x00, 0x00, 0x00, 0x00, 0x00, 0x00, 0x00, 0x00, 0x00, 0x00, 0x00, 0x00, 0x00, 0x00, 0x00, 0x00, 0x00, 0x00,
    0x00, 0x00, 0x00, 0x00, 0x00, 0x00, 0x00, 0x00, 0x00, 0x00, 0x0A, 0x1F, 0x33, 0x47, 0x5B, 0x6A, 0x72, 0x70, 0x65, 0x53, 0x3E, 0x27, 0x0E, 0x00,
    0x00, 0x00, 0x00, 0x00, 0x00, 0x00, 0x00, 0x00, 0x00, 0x00, 0x00, 0x00, 0x16, 0x2D, 0x43, 0x57, 0x67, 0x71, 0x71, 0x67, 0x57, 0x43, 0x2C, 0x13,
    0x00, 0x00, 0x00, 0x00, 0x00, 0x00, 0x00, 0x00, 0x00, 0x00, 0x00, 0x00, 0x00, 0x00, 0x00, 0x00, 0x00, 0x00, 0x00, 0x00, 0x00, 0x00, 0x00, 0x00,
    0x00, 0x00, 0x00, 0x00, 0x00, 0x00, 0x00, 0x00, 0x00, 0x00, 0x00, 0x00, 0x00, 0x00, 0x17, 0x2C, 0x3E, 0x4C, 0x54, 0x56, 0x50, 0x44, 0x33, 0x20,
    0x00, 0x00, 0x00, 0x00, 0x00, 0x00, 0x00, 0x00, 0x00, 0x00, 0x00, 0x00, 0x00, 0x00, 0x00, 0x00, 0x00, 0x00, 0x00, 0x00, 0x00, 0x00, 0x00, 0x00,
    0x00, 0x00, 0x00, 0x00, 0x00, 0x0A, 0x20, 0x33, 0x44, 0x50, 0x56, 0x54, 0x4C, 0x3E, 0x2C, 0x17, 0x00, 0x00, 0x00, 0x00, 0x00, 0x00, 0x00, 0x00,
    0x00, 0x00, 0x00, 0x00, 0x00, 0x00, 0x00, 0x00, 0x00, 0x00, 0x00, 0x00, 0x00, 0x00, 0x00, 0x00, 0x00, 0x00, 0x00, 0x00, 0x00, 0x00, 0x00, 0x00,
    0x00, 0x00, 0x00, 0x00, 0x00, 0x00, 0x00, 0x00, 0x00, 0x00, 0x00, 0x00, 0x00, 0x00, 0x00, 0x00, 0x00, 0x00, 0x00, 0x00, 0x00, 0x00, 0x00, 0x00,
    0x00, 0x00, 0x00, 0x00, 0x00, 0x00, 0x00, 0x00, 0x00, 0x00, 0x00, 0x0B, 0x20, 0x33, 0x44, 0x50, 0x56, 0x54, 0x4C, 0x3E, 0x2C, 0x17, 0x00, 0x00,
    0x00, 0x00, 0x00, 0x00, 0x00, 0x00, 0x00, 0x00, 0x00, 0x00, 0x00, 0x00, 0x05, 0x1B, 0x30, 0x41, 0x4E, 0x55, 0x55, 0x4E, 0x41, 0x30, 0x1B, 0x05,
    0x00, 0x00, 0x00, 0x00, 0x00, 0x00, 0x00, 0x00, 0x00, 0x00, 0x00, 0x00, 0x00, 0x00, 0x00, 0x00, 0x00, 0x00, 0x00, 0x00, 0x00, 0x00, 0x00, 0x00,
    0x00, 0x00, 0x00, 0x00, 0x00, 0x00, 0x00, 0x00, 0x00, 0x00, 0x00, 0x00, 0x00, 0x00, 0x04, 0x17, 0x26, 0x32, 0x39, 0x3A, 0x35, 0x2B, 0x1D, 0x0C,
    0x00, 0x00, 0x00, 0x00, 0x00, 0x00, 0x00, 0x00, 0x00, 0x00, 0x00, 0x00, 0x00, 0x00, 0x00, 0x00, 0x00, 0x00, 0x00, 0x00, 0x00, 0x00, 0x00, 0x00,
    0x00, 0x00, 0x00, 0x00, 0x00, 0x00, 0x0C, 0x1D, 0x2B, 0x35, 0x3A, 0x39, 0x32, 0x26, 0x17, 0x04, 0x00, 0x00, 0x00, 0x00, 0x00, 0x00, 0x00, 0x00,
    0x00, 0x00, 0x00, 0x00, 0x00, 0x00, 0x00, 0x00, 0x00, 0x00, 0x00, 0x00, 0x00, 0x00, 0x00, 0x00, 0x00, 0x00, 0x00, 0x00, 0x00, 0x00, 0x00, 0x00,
    0x00, 0x00, 0x00, 0x00, 0x00, 0x00, 0x00, 0x00, 0x00, 0x00, 0x00, 0x00, 0x00, 0x00, 0x00, 0x00, 0x00, 0x00, 0x00, 0x00, 0x00, 0x00, 0x00, 0x00,
    0x00, 0x00, 0x00, 0x00, 0x00, 0x00, 0x00, 0x00, 0x00, 0x00, 0x00, 0x00, 0x0C, 0x1D, 0x2B, 0x35, 0x3A, 0x39, 0x32, 0x26, 0x17, 0x04, 0x00, 0x00,
    0x00, 0x00, 0x00, 0x00, 0x00, 0x00, 0x00, 0x00, 0x00, 0x00, 0x00, 0x00, 0x00, 0x08, 0x1A, 0x29, 0x34, 0x39, 0x39, 0x34, 0x29, 0x1A, 0x08, 0x00,
    0x00, 0x00, 0x00, 0x00, 0x00, 0x00, 0x00, 0x03, 0x04, 0x02, 0x00, 0x00, 0x00, 0x00, 0x02, 0x04, 0x03, 0x00, 0x00, 0x00, 0x00, 0x00, 0x00, 0x00,
    0x00, 0x00, 0x00, 0x00, 0x00, 0x00, 0x00, 0x00, 0x00, 0x00, 0x00, 0x00, 0x0C, 0x1D, 0x2B, 0x35, 0x3A, 0x39, 0x32, 0x26, 0x17, 0x04, 0x00, 0x00,
    0x00, 0x00, 0x00, 0x00, 0x00, 0x00, 0x00, 0x00, 0x00, 0x00, 0x00, 0x00, 0x00, 0x00, 0x00, 0x00, 0x00, 0x00, 0x00, 0x00, 0x00, 0x00, 0x00, 0x00,
    0x00, 0x00, 0x00, 0x00, 0x00, 0x00, 0x00, 0x00, 0x00, 0x00, 0x00, 0x00, 0x00, 0x00, 0x00, 0x00, 0x00, 0x00, 0x00, 0x00, 0x00, 0x00, 0x00, 0x00,
    0x00, 0x00, 0x00, 0x00, 0x00, 0x00, 0x00, 0x00, 0x00, 0x00, 0x00, 0x00, 0x00, 0x00, 0x00, 0x00, 0x00, 0x00, 0x00, 0x00, 0x00, 0x00, 0x00, 0x00,
    0x00, 0x00, 0x00, 0x00, 0x00, 0x00, 0x00, 0x00, 0x00, 0x00, 0x00, 0x00, 0x00, 0x00, 0x00, 0x00, 0x00, 0x00, 0x00, 0x00, 0x00, 0x00, 0x00, 0x00,
    0x00, 0x00, 0x00, 0x01, 0x04, 0x04, 0x04, 0x04, 0x04, 0x04, 0x04, 0x04, 0x04, 0x04, 0x04, 0x04, 0x04, 0x04, 0x04, 0x04, 0x01, 0x00, 0x00, 0x00,
    0x00, 0x00, 0x00, 0x00, 0x00, 0x00, 0x00, 0x00, 0x00, 0x00, 0x00, 0x04, 0x04, 0x00, 0x00, 0x00, 0x00, 0x00, 0x00, 0x00, 0x00, 0x00, 0x00, 0x00,
    0x00, 0x00, 0x00, 0x00, 0x00, 0x0D, 0x18, 0x1E, 0x20, 0x1D, 0x16, 0x0A, 0x0A, 0x16, 0x1D, 0x20, 0x1E, 0x18, 0x0D, 0x00, 0x00, 0x00, 0x00, 0x00,
    0x00, 0x00, 0x00, 0x00, 0x00, 0x00, 0x00, 0x00, 0x00, 0x00, 0x00, 0x0A, 0x20, 0x33, 0x44, 0x50, 0x56, 0x54, 0x4C, 0x3E, 0x2C, 0x17, 0x00, 0x00,
    0x00, 0x00, 0x00, 0x00, 0x00, 0x00, 0x00, 0x00, 0x00, 0x00, 0x00, 0x00, 0x00, 0x00, 0x00, 0x00, 0x00, 0x00, 0x00, 0x00, 0x00, 0x00, 0x00, 0x00,
    0x00, 0x00, 0x00, 0x00, 0x00, 0x00, 0x00, 0x00, 0x00, 0x00, 0x00, 0x00, 0x00, 0x00, 0x00, 0x00, 0x00, 0x00, 0x00, 0x00, 0x00, 0x00, 0x00, 0x00,
    0x00, 0x00, 0x00, 0x00, 0x00, 0x00, 0x00, 0x00, 0x00, 0x00, 0x00, 0x00, 0x00, 0x00, 0x00, 0x00, 0x00, 0x00, 0x00, 0x00, 0x00, 0x00, 0x00, 0x00,
    0x00, 0x00, 0x00, 0x00, 0x00, 0x00, 0x00, 0x00, 0x00, 0x00, 0x00, 0x00, 0x00, 0x00, 0x00, 0x00, 0x00, 0x00, 0x00, 0x00, 0x00, 0x00, 0x00, 0x00,
    0x00, 0x07, 0x14, 0x1C, 0x20, 0x20, 0x20, 0x20, 0x20, 0x20, 0x20, 0x20, 0x20, 0x20, 0x20, 0x20, 0x20, 0x20, 0x20, 0x20, 0x1C, 0x14, 0x07, 0x00,
    0x00, 0x00, 0x00, 0x00, 0x00, 0x00, 0x00, 0x00, 0x05, 0x12, 0x1B, 0x20, 0x20, 0x1B, 0x12, 0x05, 0x00, 0x00, 0x00, 0x00, 0x00, 0x00, 0x00, 0x00,
    0x00, 0x00, 0x00, 0x02, 0x15, 0x25, 0x32, 0x3A, 0x3C, 0x39, 0x30, 0x22, 0x22, 0x30, 0x39, 0x3C, 0x3A, 0x32, 0x25, 0x15, 0x02, 0x00, 0x00, 0x00,
    0x00, 0x00, 0x00, 0x00, 0x00, 0x00, 0x00, 0x00, 0x00, 0x00, 0x00, 0x18, 0x30, 0x47, 0x5B, 0x6A, 0x72, 0x70, 0x65, 0x53, 0x3E, 0x27, 0x0E, 0x00,
    0x00, 0x00, 0x00, 0x00, 0x00, 0x00, 0x00, 0x00, 0x00, 0x00, 0x00, 0x00, 0x00, 0x00, 0x00, 0x00, 0x00, 0x00, 0x00, 0x00, 0x00, 0x00, 0x00, 0x00,
    0x00, 0x00, 0x00, 0x00, 0x00, 0x00, 0x00, 0x00, 0x00, 0x00, 0x00, 0x00, 0x00, 0x00, 0x00, 0x00, 0x00, 0x00, 0x00, 0x00, 0x00, 0x00, 0x00, 0x00,
    0x00, 0x00, 0x00, 0x00, 0x00, 0x00, 0x00, 0x00, 0x00, 0x00, 0x00, 0x00, 0x00, 0x00, 0x00, 0x00, 0x00, 0x00, 0x00, 0x00, 0x00, 0x00, 0x00, 0x00,
    0x00, 0x00, 0x00, 0x00, 0x00, 0x00, 0x00, 0x00, 0x00, 0x00, 0x00, 0x00, 0x00, 0x00, 0x00, 0x00, 0x00, 0x00, 0x00, 0x00, 0x00, 0x00, 0x00, 0x00,
    0x0D, 0x1F, 0x2D, 0x37, 0x3C, 0x3C, 0x3C, 0x3C, 0x3C, 0x3C, 0x3C, 0x3C, 0x3C, 0x3C, 0x3C, 0x3C, 0x3C, 0x3C, 0x3C, 0x3C, 0x37, 0x2D, 0x1F, 0x0D,
    0x00, 0x00, 0x00, 0x00, 0x00, 0x00, 0x00, 0x0A, 0x1C, 0x2B, 0x36, 0x3B, 0x3B, 0x36, 0x2B, 0x1C, 0x0A, 0x00, 0x00, 0x00, 0x00, 0x00, 0x00, 0x00,
    0x00, 0x00, 0x00, 0x14, 0x29, 0x3C, 0x4B, 0x55, 0x58, 0x54, 0x49, 0x39, 0x39, 0x49, 0x54, 0x58, 0x55, 0x4B, 0x3C, 0x29, 0x14, 0x00, 0x00, 0x00,
    0x00, 0x00, 0x00, 0x00, 0x00, 0x00, 0x00, 0x00, 0x00, 0x00, 0x09, 0x23, 0x3E, 0x57, 0x6E, 0x82, 0x8D, 0x8A, 0x7B, 0x65, 0x4D, 0x33, 0x19, 0x00,
    0x00, 0x00, 0x05, 0x08, 0x08, 0x08, 0x08, 0x08, 0x08, 0x08, 0x08, 0x08, 0x08, 0x08, 0x08, 0x08, 0x08, 0x08, 0x08, 0x08, 0x08, 0x05, 0x00, 0x00,
    0x00, 0x00, 0x05, 0x08, 0x08, 0x08, 0x08, 0x08, 0x08, 0x08, 0x08, 0x08, 0x08, 0x08, 0x08, 0x08, 0x08, 0x08, 0x08, 0x08, 0x08, 0x05, 0x00, 0x00,
    0x00, 0x00, 0x00, 0x00, 0x00, 0x00, 0x00, 0x00, 0x00, 0x00, 0x00, 0x00, 0x00, 0x00, 0x00, 0x00, 0x05, 0x0F, 0x14, 0x15, 0x11, 0x09, 0x00, 0x00,
    0x00, 0x00, 0x00, 0x00, 0x00, 0x00, 0x00, 0x00, 0x00, 0x00, 0x00, 0x00, 0x00, 0x00, 0x00, 0x00, 0x00, 0x00, 0x00, 0x00, 0x00, 0x00, 0x00, 0x00,
    0x21, 0x35, 0x46, 0x52, 0x58, 0x58, 0x58, 0x58, 0x58, 0x58, 0x58, 0x58, 0x58, 0x58, 0x58, 0x58, 0x58, 0x58, 0x58, 0x58, 0x52, 0x46, 0x35, 0x21,
    0x00, 0x00, 0x00, 0x00, 0x00, 0x00, 0x0A, 0x1D, 0x31, 0x43, 0x50, 0x57, 0x57, 0x50, 0x43, 0x31, 0x1D, 0x06, 0x00, 0x00, 0x00, 0x00, 0x00, 0x00,
    0x00, 0x00, 0x0A, 0x23, 0x3B, 0x51, 0x63, 0x70, 0x74, 0x6E, 0x60, 0x4D, 0x4D, 0x60, 0x6E, 0x74, 0x70, 0x63, 0x51, 0x3B, 0x23, 0x0A, 0x00, 0x00,
    0x00, 0x00, 0x00, 0x00, 0x00, 0x00, 0x00, 0x00, 0x00, 0x00, 0x0E, 0x2A, 0x45, 0x61, 0x7C, 0x95, 0xA8, 0xA2, 0x8B, 0x71, 0x56, 0x3A, 0x1F, 0x03,
    0x0D, 0x19, 0x21, 0x24, 0x24, 0x24, 0x24, 0x24, 0x24, 0x24, 0x24, 0x24, 0x24, 0x24, 0x24, 0x24, 0x24, 0x24, 0x24, 0x24, 0x24, 0x21, 0x19, 0x0D,
    0x0D, 0x19, 0x21, 0x24, 0x24, 0x24, 0x24, 0x24, 0x24, 0x24, 0x24, 0x24, 0x24, 0x24, 0x24, 0x24, 0x24, 0x24, 0x24, 0x24, 0x24, 0x21, 0x19, 0x0D,
    0x00, 0x00, 0x00, 0x00, 0x00, 0x00, 0x00, 0x00, 0x00, 0x00, 0x00, 0x00, 0x00, 0x00, 0x00, 0x0F, 0x1E, 0x29, 0x30, 0x31, 0x2C, 0x23, 0x16, 0x05,
    0x00, 0x00, 0x06, 0x09, 0x09, 0x09, 0x09, 0x09, 0x09, 0x09, 0x09, 0x09, 0x09, 0x09, 0x09, 0x09, 0x09, 0x09, 0x09, 0x09, 0x09, 0x06, 0x00, 0x00,
    0x32, 0x48, 0x5D, 0x6C, 0x74, 0x74, 0x74, 0x74, 0x74, 0x74, 0x74, 0x74, 0x74, 0x74, 0x74, 0x74, 0x74, 0x74, 0x74, 0x74, 0x6C, 0x5D, 0x48, 0x32,
    0x00, 0x00, 0x00, 0x00, 0x00, 0x0A, 0x1D, 0x31, 0x45, 0x59, 0x69, 0x73, 0x73, 0x69, 0x59, 0x44, 0x2D, 0x14, 0x00, 0x00, 0x00, 0x00, 0x00, 0x00,
    0x00, 0x00, 0x14, 0x2F, 0x49, 0x62, 0x78, 0x8A, 0x90, 0x87, 0x74, 0x5D, 0x5D, 0x74, 0x87, 0x90, 0x8A, 0x78, 0x62, 0x49, 0x2F, 0x14, 0x00, 0x00,
    0x00, 0x00, 0x00, 0x00, 0x00, 0x00, 0x00, 0x00, 0x00, 0x00, 0x0F, 0x2B, 0x47, 0x63, 0x7F, 0x9B, 0xB7, 0xAC, 0x90, 0x74, 0x58, 0x3C, 0x20, 0x04,
    0x25, 0x33, 0x3C, 0x40, 0x40, 0x40, 0x40, 0x40, 0x40, 0x40, 0x40, 0x40, 0x40, 0x40, 0x40, 0x40, 0x40, 0x40, 0x40, 0x40, 0x40, 0x3C, 0x33, 0x25,
    0x25, 0x33, 0x3C, 0x40, 0x40, 0x40, 0x40, 0x40, 0x40, 0x40, 0x40, 0x40, 0x40, 0x40, 0x40, 0x40, 0x40, 0x40, 0x40, 0x40, 0x40, 0x3C, 0x33, 0x25,
    0x00, 0x00, 0x00, 0x00, 0x00, 0x00, 0x00, 0x00, 0x00, 0x00, 0x00, 0x00, 0x00, 0x00, 0x11, 0x25, 0x36, 0x44, 0x4B, 0x4D, 0x47, 0x3C, 0x2C, 0x19,
    0x0E, 0x1A, 0x22, 0x25, 0x25, 0x25, 0x25, 0x25, 0x25, 0x25, 0x25, 0x25, 0x25, 0x25, 0x25, 0x25, 0x25, 0x25, 0x25, 0x25, 0x25, 0x22, 0x1A, 0x0E,
    0x3E, 0x58, 0x70, 0x84, 0x90, 0x90, 0x90, 0x90, 0x90, 0x90, 0x90, 0x90, 0x90, 0x90, 0x90, 0x90, 0x90, 0x90, 0x90, 0x90, 0x84, 0x70, 0x58, 0x3E,
    0x00, 0x00, 0x00, 0x00, 0x0A, 0x1D, 0x31, 0x45, 0x59, 0x6D, 0x80, 0x8E, 0x8E, 0x80, 0x6B, 0x53, 0x39, 0x1F, 0x04, 0x00, 0x00, 0x00, 0x00, 0x00,
    0x00, 0x00, 0x19, 0x35, 0x51, 0x6C, 0x87, 0xA0, 0xAC, 0x9B, 0x82, 0x67, 0x67, 0x82, 0x9B, 0xAC, 0xA0, 0x87, 0x6C, 0x51, 0x35, 0x19, 0x00, 0x00,
    0x00, 0x00, 0x00, 0x00, 0x00, 0x00, 0x00, 0x00, 0x00, 0x00, 0x0F, 0x2B, 0x47, 0x63, 0x7F, 0x9B, 0xB7, 0xAC, 0x90, 0x74, 0x58, 0x3C, 0x20, 0x04,
    0x3B, 0x4C, 0x57, 0x5C, 0x5C, 0x5C, 0x5C, 0x5C, 0x5C, 0x5C, 0x5C, 0x5C, 0x5C, 0x5C, 0x5C, 0x5C, 0x5C, 0x5C, 0x5C, 0x5C, 0x5C, 0x57, 0x4C, 0x3B,
    0x3B, 0x4C, 0x57, 0x5C, 0x5C, 0x5C, 0x5C, 0x5C, 0x5C, 0x5C, 0x5C, 0x5C, 0x5C, 0x5C, 0x5C, 0x5C, 0x5C, 0x5C, 0x5C, 0x5C, 0x5C, 0x57, 0x4C, 0x3B,
    0x00, 0x00, 0x00, 0x00, 0x00, 0x00, 0x00, 0x00, 0x00, 0x00, 0x00, 0x00, 0x00, 0x0B, 0x22, 0x39, 0x4D, 0x5D, 0x67, 0x69, 0x62, 0x54, 0x41, 0x2B,
    0x26, 0x34, 0x3D, 0x41, 0x41, 0x41, 0x41, 0x41, 0x41, 0x41, 0x41, 0x41, 0x41, 0x41, 0x41, 0x41, 0x41, 0x41, 0x41, 0x41, 0x41, 0x3D, 0x34, 0x26,
    0x46, 0x61, 0x7D, 0x96, 0xAB, 0xAC, 0xAC, 0xAC, 0xAC, 0xAC, 0xAC, 0xAC, 0xAC, 0xAC, 0xAC, 0xAC, 0xAC, 0xAC, 0xAC, 0xAB, 0x96, 0x7D, 0x61, 0x46,
    0x00, 0x00, 0x00, 0x0A, 0x1D, 0x31, 0x45, 0x59, 0x6D, 0x80, 0x94, 0xA8, 0xA8, 0x91, 0x77, 0x5C, 0x40, 0x25, 0x09, 0x00, 0x00, 0x00, 0x00, 0x00,
    0x00, 0x00, 0x1B, 0x37, 0x53, 0x6F, 0x8B, 0xA7, 0xBD, 0xA1, 0x85, 0x69, 0x69, 0x85, 0xA1, 0xBD, 0xA7, 0x8B, 0x6F, 0x53, 0x37, 0x1B, 0x00, 0x00,
    0x00, 0x00, 0x00, 0x00, 0x00, 0x00, 0x00, 0x00, 0x00, 0x00, 0x0F, 0x2B, 0x47, 0x63, 0x7F, 0x9B, 0xB7, 0xAC, 0x90, 0x74, 0x58, 0x3C, 0x20, 0x04,
    0x4F, 0x63, 0x71, 0x78, 0x78, 0x78, 0x78, 0x78, 0x78, 0x78, 0x78, 0x78, 0x78, 0x78, 0x78, 0x78, 0x78, 0x78, 0x78, 0x78, 0x78, 0x71, 0x63, 0x4F,
    0x4F, 0x63, 0x71, 0x78, 0x78, 0x78, 0x78, 0x78, 0x78, 0x78, 0x78, 0x78, 0x78, 0x78, 0x78, 0x78, 0x78, 0x78, 0x78, 0x78, 0x78, 0x71, 0x63, 0x4F,
    0x00, 0x00, 0x00, 0x00, 0x00, 0x00, 0x00, 0x00, 0x00, 0x00, 0x00, 0x00, 0x03, 0x1A, 0x32, 0x49, 0x60, 0x74, 0x82, 0x84, 0x7B, 0x69, 0x52, 0x3A,
    0x3C, 0x4D, 0x58, 0x5D, 0x5D, 0x5D, 0x5D, 0x5D, 0x5D, 0x5D, 0x5D, 0x5D, 0x5D, 0x5D, 0x5D, 0x5D, 0x5D, 0x5D, 0x5D, 0x5D, 0x5D, 0x58, 0x4D, 0x3C,
    0x47, 0x63, 0x7F, 0x9B, 0xB7, 0xB7, 0xB7, 0xB7, 0xB7, 0xB7, 0xB7, 0xB7, 0xB7, 0xB7, 0xB7, 0xB7, 0xB7, 0xB7, 0xB7, 0xB7, 0x9B, 0x7F, 0x63, 0x47,
    0x00, 0x00, 0x0A, 0x1D, 0x31, 0x45, 0x59, 0x6D, 0x80, 0x94, 0xA8, 0xBC, 0xB2, 0x96, 0x7A, 0x5E, 0x42, 0x26, 0x0A, 0x00, 0x00, 0x00, 0x00, 0x00,
    0x00, 0x00, 0x1B, 0x37, 0x53, 0x6F, 0x8B, 0xA7, 0xBD, 0xA1, 0x85, 0x69, 0x67, 0x83, 0x9F, 0xBB, 0xA9, 0x8D, 0x71, 0x55, 0x39, 0x1D, 0x01, 0x00,
    0x00, 0x00, 0x00, 0x00, 0x00, 0x00, 0x00, 0x00, 0x00, 0x00, 0x0F, 0x2B, 0x47, 0x63, 0x7F, 0x9B, 0xB7, 0xAC, 0x90, 0x74, 0x58, 0x3C, 0x20, 0x04,
    0x5E, 0x76, 0x8A, 0x94, 0x94, 0x94, 0x94, 0x94, 0x94, 0x94, 0x94, 0x94, 0x94, 0x94, 0x94, 0x94, 0x94, 0x94, 0x94, 0x94, 0x94, 0x8A, 0x76, 0x5E,
    0x5E, 0x76, 0x8A, 0x94, 0x94, 0x94, 0x94, 0x94, 0x94, 0x94, 0x94, 0x94, 0x94, 0x94, 0x94, 0x94, 0x94, 0x94, 0x94, 0x94, 0x94, 0x8A, 0x76, 0x5E,
    0x00, 0x00, 0x00, 0x00, 0x00, 0x00, 0x00, 0x00, 0x00, 0x00, 0x00, 0x00, 0x13, 0x2A, 0x41, 0x59, 0x70, 0x87, 0x9B, 0xA0, 0x90, 0x78, 0x5E, 0x44,
    0x50, 0x64, 0x72, 0x79, 0x79, 0x79, 0x79, 0x79, 0x79, 0x79, 0x79, 0x79, 0x79, 0x79, 0x79, 0x79, 0x79, 0x79, 0x79, 0x79, 0x79, 0x72, 0x64, 0x50,
    0x47, 0x63, 0x7F, 0x9B, 0xB7, 0xAC, 0x9B, 0x9B, 0x9B, 0x9B, 0x9B, 0x9B, 0x9B, 0x9B, 0x9B, 0x9B, 0x9B, 0x9B, 0xAC, 0xB7, 0x9B, 0x7F, 0x63, 0x47,
    0x00, 0x05, 0x1C, 0x31, 0x45, 0x59, 0x6D, 0x80, 0x94, 0xA8, 0xBC, 0xB2, 0xB2, 0x96, 0x7A, 0x5E, 0x42, 0x26, 0x0A, 0x00, 0x00, 0x00, 0x00, 0x00,
    0x00, 0x00, 0x1B, 0x37, 0x53, 0x6F, 0x8B, 0xA7, 0xBD, 0xA1, 0x85, 0x69, 0x66, 0x82, 0x9E, 0xB9, 0xAA, 0x8E, 0x72, 0x56, 0x3A, 0x1E, 0x03, 0x00,
    0x00, 0x00, 0x00, 0x00, 0x00, 0x00, 0x00, 0x00, 0x00, 0x00, 0x0F, 0x2B, 0x47, 0x63, 0x7F, 0x9B, 0xB7, 0xAC, 0x90, 0x74, 0x58, 0x3C, 0x20, 0x04,
    0x68, 0x83, 0x9D, 0xAF, 0xB0, 0xB0, 0xB0, 0xB0, 0xB0, 0xB0, 0xB0, 0xB0, 0xB0, 0xB0, 0xB0, 0xB0, 0xB0, 0xB0, 0xB0, 0xB0, 0xAF, 0x9D, 0x83, 0x68,
    0x68, 0x83, 0x9D, 0xAF, 0xB0, 0xB0, 0xB0, 0xB0, 0xB0, 0xB0, 0xB0, 0xB0, 0xB0, 0xB0, 0xB0, 0xB0, 0xB0, 0xB0, 0xB0, 0xB0, 0xAF, 0x9D, 0x83, 0x68,
    0x00, 0x00, 0x00, 0x00, 0x00, 0x00, 0x00, 0x00, 0x00, 0x00, 0x00, 0x0B, 0x22, 0x39, 0x51, 0x68, 0x7F, 0x97, 0xAE, 0xB7, 0x9B, 0x7F, 0x63, 0x47,
    0x5F, 0x77, 0x8B, 0x95, 0x95, 0x95, 0x95, 0x95, 0x95, 0x95, 0x95, 0x95, 0x95, 0x95, 0x95, 0x95, 0x95, 0x95, 0x95, 0x95, 0x95, 0x8B, 0x77, 0x5F,
    0x47, 0x63, 0x7F, 0x9B, 0xB7, 0xAC, 0x90, 0x7F, 0x7F, 0x7F, 0x7F, 0x7F, 0x7F, 0x7F, 0x7F, 0x7F, 0x7F, 0x90, 0xAC, 0xB7, 0x9B, 0x7F, 0x63, 0x47,
    0x00, 0x12, 0x2B, 0x43, 0x59, 0x6D, 0x80, 0x94, 0xA8, 0xBC, 0xB0, 0xB2, 0xB2, 0x96, 0x7A, 0x5E, 0x42, 0x26, 0x0A, 0x00, 0x00, 0x00, 0x00, 0x00,
    0x00, 0x00, 0x1B, 0x37, 0x53, 0x6F, 0x8B, 0xA7, 0xBD, 0xA1, 0x85, 0x69, 0x64, 0x80, 0x9C, 0xB8, 0xAC, 0x90, 0x74, 0x58, 0x3C, 0x20, 0x04, 0x00,
    0x00, 0x00, 0x00, 0x00, 0x00, 0x00, 0x00, 0x00, 0x00, 0x00, 0x0F, 0x2B, 0x47, 0x63, 0x7F, 0x9B, 0xB7, 0xAC, 0x90, 0x74, 0x58, 0x3C, 0x20, 0x04,
    0x69, 0x85, 0xA1, 0xBD, 0xB4, 0xB4, 0xB4, 0xB4, 0xB4, 0xB4, 0xB4, 0xB4, 0xB4, 0xB4, 0xB4, 0xB4, 0xB4, 0xB4, 0xB4, 0xB4, 0xBD, 0xA1, 0x85, 0x69,
    0x69, 0x85, 0xA1, 0xBD, 0xB4, 0xB4, 0xB4, 0xB4, 0xB4, 0xB4, 0xB4, 0xB4, 0xB4, 0xB4, 0xB4, 0xB4, 0xB4, 0xB4, 0xB4, 0xB4, 0xBD, 0xA1, 0x85, 0x69,
    0x00, 0x00, 0x00, 0x00, 0x00, 0x00, 0x00, 0x00, 0x00, 0x00, 0x03, 0x1A, 0x32, 0x49, 0x60, 0x78, 0x8F, 0xA6, 0xBE, 0xAB, 0x94, 0x7B, 0x60, 0x45,
    0x68, 0x83, 0x9E, 0xB0, 0xB1, 0xB1, 0xB1, 0xB1, 0xB1, 0xB1, 0xB1, 0xB1, 0xB1, 0xB1, 0xB1, 0xB1, 0xB1, 0xB1, 0xB1, 0xB1, 0xB0, 0x9E, 0x83, 0x68,
    0x47, 0x63, 0x7F, 0x9B, 0xB7, 0xAC, 0x90, 0x74, 0x63, 0x63, 0x63, 0x63, 0x63, 0x63, 0x63, 0x63, 0x74, 0x90, 0xAC, 0xB7, 0x9B, 0x7F, 0x63, 0x47,
    0x00, 0x1B, 0x36, 0x50, 0x69, 0x80, 0x94, 0xA8, 0xBC, 0xB0, 0x9C, 0xB2, 0xB2, 0x96, 0x7A, 0x5E, 0x42, 0x26, 0x0A, 0x00, 0x00, 0x00, 0x00, 0x00,
    0x00, 0x00, 0x1B, 0x37, 0x53, 0x6F, 0x8B, 0xA7, 0xBD, 0xA1, 0x85, 0x69, 0x62, 0x7E, 0x9A, 0xB6, 0xAD, 0x91, 0x75, 0x59, 0x3E, 0x22, 0x06, 0x00,
    0x00, 0x00, 0x00, 0x00, 0x00, 0x00, 0x00, 0x00, 0x00, 0x00, 0x0F, 0x2B, 0x47, 0x63, 0x7F, 0x9B, 0xB7, 0xAC, 0x90, 0x74, 0x58, 0x3C, 0x20, 0x04,
    0x69, 0x85, 0xA1, 0xBD, 0xA7, 0x98, 0x98, 0x98, 0x98, 0x98, 0x98, 0x98, 0x98, 0x98, 0x98, 0x98, 0x98, 0x98, 0x98, 0xA7, 0xBD, 0xA1, 0x85, 0x69,
    0x69, 0x85, 0xA1, 0xBD, 0xA7, 0x98, 0x98, 0x98, 0x98, 0x98, 0x98, 0x98, 0x98, 0x98, 0x98, 0x98, 0x98, 0x98, 0x98, 0xA7, 0xBD, 0xA1, 0x85, 0x69,
    0x00, 0x00, 0x01, 0x03, 0x01, 0x00, 0x00, 0x00, 0x00, 0x00, 0x13, 0x2A, 0x41, 0x59, 0x70, 0x87, 0x9E, 0xB6, 0xB3, 0x9B, 0x84, 0x6D, 0x55, 0x3C,
    0x68, 0x84, 0x9E, 0xB3, 0xB3, 0xB3, 0xB3, 0xB3, 0xB3, 0xB3, 0xB3, 0xB3, 0xB3, 0xB3, 0xB3, 0xB3, 0xB3, 0xB3, 0xB3, 0xB3, 0xB3, 0x9E, 0x84, 0x68,
    0x47, 0x63, 0x7F, 0x9B, 0xB7, 0xAC, 0x90, 0x74, 0x58, 0x47, 0x47, 0x47, 0x47, 0x47, 0x47, 0x58, 0x74, 0x90, 0xAC, 0xB7, 0x9B, 0x7F, 0x63, 0x47,
    0x04, 0x20, 0x3B, 0x57, 0x73, 0x8E, 0xA8, 0xBC, 0xB0, 0x9C, 0x96, 0xB2, 0xB2, 0x96, 0x7A, 0x5E, 0x42, 0x26, 0x0A, 0x00, 0x00, 0x00, 0x00, 0x00,
    0x00, 0x00, 0x1B, 0x37, 0x53, 0x6F, 0x8B, 0xA7, 0xBD, 0xA1, 0x85, 0x69, 0x61, 0x7D, 0x99, 0xB5, 0xAF, 0x93, 0x77, 0x5B, 0x3F, 0x23, 0x07, 0x00,
    0x00, 0x00, 0x00, 0x00, 0x00, 0x00, 0x00, 0x00, 0x00, 0x00, 0x0F, 0x2B, 0x47, 0x63, 0x7F, 0x9B, 0xB7, 0xAC, 0x90, 0x74, 0x58, 0x3C, 0x20, 0x04,
    0x69, 0x85, 0xA1, 0xBD, 0xA7, 0x8B, 0x7C, 0x7C, 0x7C, 0x7C, 0x7C, 0x7C, 0x7C, 0x7C, 0x7C, 0x7C, 0x7C, 0x7C, 0x8B, 0xA7, 0xBD, 0xA1, 0x85, 0x69,
    0x69, 0x85, 0xA1, 0xBD, 0xA7, 0x8B, 0x7C, 0x7C, 0x7C, 0x7C, 0x7C, 0x7C, 0x7C, 0x7C, 0x7C, 0x7C, 0x7C, 0x7C, 0x8B, 0xA7, 0xBD, 0xA1, 0x85, 0x69,
    0x09, 0x15, 0x1C, 0x1F, 0x1D, 0x17, 0x0C, 0x00, 0x00, 0x0B, 0x22, 0x39, 0x51, 0x68, 0x7F, 0x97, 0xAE, 0xBA, 0xA3, 0x8C, 0x75, 0x5D, 0x46, 0x2F,
    0x60, 0x78, 0x8D, 0x97, 0x97, 0x97, 0x97, 0x97, 0x97, 0x97, 0x97, 0xB2, 0xB2, 0x97, 0x97, 0x97, 0x97, 0x97, 0x97, 0x97, 0x97, 0x8D, 0x78, 0x60,
    0x47, 0x63, 0x7F, 0x9B, 0xB7, 0xAC, 0x90, 0x74, 0x58, 0x3C, 0x2B, 0x2B, 0x2B, 0x2B, 0x3C, 0x58, 0x74, 0x90, 0xAC, 0xB7, 0x9B, 0x7F, 0x63, 0x47,
    0x04, 0x20, 0x3B, 0x57, 0x73, 0x8E, 0xA8, 0xB0, 0x9C, 0x88, 0x96, 0xB2, 0xB2, 0x96, 0x7A, 0x5E, 0x42, 0x26, 0x0A, 0x00, 0x00, 0x00, 0x00, 0x00,
    0x00, 0x00, 0x1B, 0x37, 0x53, 0x6F, 0x8B, 0xA7, 0xBD, 0xA1, 0x85, 0x69, 0x5F, 0x7B, 0x97, 0xB3, 0xB0, 0x95, 0x79, 0x5D, 0x41, 0x25, 0x09, 0x00,
    0x00, 0x00, 0x00, 0x00, 0x00, 0x00, 0x00, 0x00, 0x00, 0x00, 0x0F, 0x2B, 0x47, 0x63, 0x7F, 0x9B, 0xB7, 0xAC, 0x90, 0x74, 0x58, 0x3C, 0x20, 0x04,
    0x69, 0x85, 0xA1, 0xBD, 0xA7, 0x8B, 0x6F, 0x60, 0x60, 0x60, 0x60, 0x60, 0x60, 0x60, 0x60, 0x60, 0x60, 0x6F, 0x8B, 0xA7, 0xBD, 0xA1, 0x85, 0x69,
    0x69, 0x85, 0xA1, 0xBD, 0xA7, 0x8B, 0x6F, 0x60, 0x60, 0x60, 0x60, 0x60, 0x60, 0x60, 0x60, 0x60, 0x60, 0x6F, 0x8B, 0xA7, 0xBD, 0xA1, 0x85, 0x69,
    0x21, 0x2F, 0x38, 0x3B, 0x39, 0x31, 0x24, 0x14, 0x03, 0x1A, 0x32, 0x49, 0x60, 0x78, 0x8F, 0xA6, 0xBE, 0xAB, 0x94, 0x7C, 0x65, 0x4E, 0x36, 0x1F,
    0x51, 0x65, 0x74, 0x7B, 0x7B, 0x7B, 0x7B, 0x7B, 0x7B, 0x7B, 0x96, 0xB2, 0xB2, 0x96, 0x7B, 0x7B, 0x7B, 0x7B, 0x7B, 0x7B, 0x7B, 0x74, 0x65, 0x51,
    0x47, 0x63, 0x7F, 0x9B, 0xB7, 0xAC, 0x90, 0x74, 0x58, 0x3C, 0x20, 0x0F, 0x0F, 0x20, 0x3C, 0x58, 0x74, 0x90, 0xAC, 0xB7, 0x9B, 0x7F, 0x63, 0x47,
    0x00, 0x1B, 0x36, 0x50, 0x69, 0x80, 0x91, 0x95, 0x88, 0x7A, 0x96, 0xB2, 0xB2, 0x96, 0x7A, 0x5E, 0x42, 0x26, 0x0A, 0x00, 0x00, 0x00, 0x00, 0x00,
    0x00, 0x00, 0x1B, 0x37, 0x53, 0x6F, 0x8B, 0xA7, 0xBD, 0xA1, 0x85, 0x69, 0x5E, 0x7A, 0x96, 0xB2, 0xB2, 0x96, 0x7A, 0x5E, 0x42, 0x26, 0x0A, 0x00,
    0x00, 0x00, 0x00, 0x00, 0x00, 0x00, 0x00, 0x00, 0x00, 0x00, 0x0F, 0x2B, 0x47, 0x63, 0x7F, 0x9B, 0xB7, 0xAC, 0x90, 0x74, 0x58, 0x3C, 0x20, 0x04,
    0x69, 0x85, 0xA1, 0xBD, 0xA7, 0x8B, 0x6F, 0x53, 0x44, 0x44, 0x44, 0x44, 0x44, 0x44, 0x44, 0x44, 0x53, 0x6F, 0x8B, 0xA7, 0xBD, 0xA1, 0x85, 0x69,
    0x69, 0x85, 0xA1, 0xBD, 0xA7, 0x8B, 0x6F, 0x53, 0x44, 0x44, 0x44, 0x44, 0x44, 0x44, 0x44, 0x44, 0x53, 0x6F, 0x8B, 0xA7, 0xBD, 0xA1, 0x85, 0x69,
    0x38, 0x48, 0x53, 0x57, 0x54, 0x4A, 0x3B, 0x29, 0x13, 0x28, 0x41, 0x59, 0x70, 0x87, 0x9E, 0xB6, 0xB3, 0x9B, 0x84, 0x6D, 0x55, 0x3E, 0x27, 0x10,
    0x3E, 0x4F, 0x5A, 0x5F, 0x5F, 0x5F, 0x5F, 0x5F, 0x5F, 0x7A, 0x96, 0xB2, 0xB2, 0x96, 0x7A, 0x5F, 0x5F, 0x5F, 0x5F, 0x5F, 0x5F, 0x5A, 0x4F, 0x3E,
    0x47, 0x63, 0x7F, 0x9B, 0xB7, 0xAC, 0x90, 0x74, 0x58, 0x3C, 0x20, 0x04, 0x04, 0x20, 0x3C, 0x58, 0x74, 0x90, 0xAC, 0xB7, 0x9B, 0x7F, 0x63, 0x47,
    0x00, 0x12, 0x2B, 0x43, 0x59, 0x6B, 0x77, 0x79, 0x71, 0x7A, 0x96, 0xB2, 0xB2, 0x96, 0x7A, 0x5E, 0x42, 0x26, 0x0A, 0x00, 0x00, 0x00, 0x00, 0x00,
    0x00, 0x00, 0x1B, 0x37, 0x53, 0x6F, 0x8B, 0xA7, 0xBD, 0xA1, 0x85, 0x69, 0x5C, 0x78, 0x94, 0xB0, 0xB4, 0x98, 0x7C, 0x60, 0x44, 0x28, 0x0C, 0x00,
    0x00, 0x00, 0x00, 0x00, 0x00, 0x00, 0x00, 0x00, 0x00, 0x00, 0x0F, 0x2B, 0x47, 0x63, 0x7F, 0x9B, 0xB7, 0xAC, 0x90, 0x74, 0x58, 0x3C, 0x20, 0x04,
    0x69, 0x85, 0xA1, 0xBD, 0xA7, 0x8B, 0x6F, 0x53, 0x37, 0x28, 0x28, 0x28, 0x28, 0x28, 0x28, 0x37, 0x53, 0x6F, 0x8B, 0xA7, 0xBD, 0xA1, 0x85, 0x69,
    0x69, 0x85, 0xA1, 0xBD, 0xA7, 0x8B, 0x6F, 0x53, 0x37, 0x28, 0x28, 0x28, 0x28, 0x28, 0x28, 0x37, 0x53, 0x6F, 0x8B, 0xA7, 0xBD, 0xA1, 0x85, 0x69,
    0x4C, 0x5F, 0x6D, 0x73, 0x6F, 0x62, 0x50, 0x3A, 0x24, 0x32, 0x4D, 0x67, 0x7F, 0x97, 0xAE, 0xBA, 0xA3, 0x8C, 0x75, 0x5D, 0x46, 0x2F, 0x17, 0x00,
    0x28, 0x36, 0x3F, 0x43, 0x43, 0x43, 0x43, 0x43, 0x5E, 0x7A, 0x96, 0xB2, 0xB2, 0x96, 0x7A, 0x5E, 0x43, 0x43, 0x43, 0x43, 0x43, 0x3F, 0x36, 0x28,
    0x47, 0x63, 0x7F, 0x9B, 0xB7, 0xAC, 0x90, 0x74, 0x58, 0x3C, 0x20, 0x04, 0x04, 0x20, 0x3C, 0x58, 0x74, 0x90, 0xAC, 0xB7, 0x9B, 0x7F, 0x63, 0x47,
    0x00, 0x05, 0x1C, 0x31, 0x44, 0x53, 0x5C, 0x5D, 0x5E, 0x7A, 0x96, 0xB2, 0xB2, 0x96, 0x7A, 0x5E, 0x42, 0x26, 0x0A, 0x00, 0x00, 0x00, 0x00, 0x00,
    0x00, 0x00, 0x1B, 0x37, 0x53, 0x6F, 0x8B, 0xA7, 0xBD, 0xA1, 0x85, 0x69, 0x5B, 0x77, 0x93, 0xAF, 0xB5, 0x99, 0x7D, 0x61, 0x45, 0x29, 0x0D, 0x00,
    0x00, 0x00, 0x00, 0x00, 0x00, 0x00, 0x00, 0x00, 0x00, 0x00, 0x0F, 0x2B, 0x47, 0x63, 0x7F, 0x9B, 0xB7, 0xAC, 0x90, 0x74, 0x58, 0x3C, 0x20, 0x04,
    0x69, 0x85, 0xA1, 0xBD, 0xA7, 0x8B, 0x6F, 0x53, 0x37, 0x1B, 0x0C, 0x0C, 0x0C, 0x0C, 0x1B, 0x37, 0x53, 0x6F, 0x8B, 0xA7, 0xBD, 0xA1, 0x85, 0x69,
    0x69, 0x85, 0xA1, 0xBD, 0xA7, 0x8B, 0x6F, 0x53, 0x37, 0x1B, 0x0C, 0x0C, 0x0C, 0x0C, 0x1B, 0x37, 0x53, 0x6F, 0x8B, 0xA7, 0xBD, 0xA1, 0x85, 0x69,
    0x5C, 0x73, 0x86, 0x8F, 0x89, 0x78, 0x62, 0x4B, 0x35, 0x36, 0x52, 0x6E, 0x8A, 0xA5, 0xBE, 0xAB, 0x94, 0x7C, 0x65, 0x4E, 0x36, 0x1F, 0x08, 0x00,
    0x10, 0x1C, 0x24, 0x27, 0x27, 0x27, 0x27, 0x42, 0x5E, 0x7A, 0x96, 0xB2, 0xB2, 0x96, 0x7A, 0x5E, 0x42, 0x27, 0x27, 0x27, 0x27, 0x24, 0x1C, 0x10,
    0x47, 0x63, 0x7F, 0x9B, 0xB7, 0xAC, 0x90, 0x74, 0x58, 0x3C, 0x20, 0x04, 0x04, 0x20, 0x3C, 0x58, 0x74, 0x90, 0xAC, 0xB7, 0x9B, 0x7F, 0x63, 0x47,
    0x00, 0x00, 0x0A, 0x1D, 0x2D, 0x39, 0x40, 0x42, 0x5E, 0x7A, 0x96, 0xB2, 0xB2, 0x96, 0x7A, 0x5E, 0x42, 0x26, 0x0A, 0x00, 0x00, 0x00, 0x00, 0x00,
    0x00, 0x00, 0x1B, 0x37, 0x53, 0x6F, 0x8B, 0xA7, 0xBD, 0xA1, 0x85, 0x69, 0x59, 0x75, 0x91, 0xAD, 0xB7, 0x9B, 0x7F, 0x63, 0x47, 0x2B, 0x0F, 0x00,
    0x00, 0x00, 0x00, 0x00, 0x00, 0x00, 0x00, 0x00, 0x00, 0x00, 0x0F, 0x2B, 0x47, 0x63, 0x7F, 0x9B, 0xB7, 0xAC, 0x90, 0x74, 0x58, 0x3C, 0x20, 0x04,
    0x69, 0x85, 0xA1, 0xBD, 0xA7, 0x8B, 0x6F, 0x53, 0x37, 0x1B, 0x00, 0x00, 0x00, 0x00, 0x1B, 0x37, 0x53, 0x6F, 0x8B, 0xA7, 0xBD, 0xA1, 0x85, 0x69,
    0x69, 0x85, 0xA1, 0xBD, 0xA7, 0x8B, 0x6F, 0x53, 0x37, 0x1B, 0x00, 0x00, 0x00, 0x00, 0x1B, 0x37, 0x53, 0x6F, 0x8B, 0xA7, 0xBD, 0xA1, 0x85, 0x69,
    0x67, 0x81, 0x9B, 0xAB, 0x9F, 0x89, 0x72, 0x5C, 0x45, 0x35, 0x51, 0x6C, 0x87, 0xA0, 0xAC, 0x9B, 0x84, 0x6D, 0x55, 0x3E, 0x27, 0x10, 0x00, 0x00,
    0x00, 0x02, 0x08, 0x0B, 0x0B, 0x0B, 0x26, 0x42, 0x5E, 0x7A, 0x96, 0xB2, 0xB2, 0x96, 0x7A, 0x5E, 0x42, 0x26, 0x0B, 0x0B, 0x0B, 0x08, 0x02, 0x00,
    0x47, 0x63, 0x7F, 0x9B, 0xB7, 0xAC, 0x90, 0x74, 0x58, 0x3C, 0x20, 0x04, 0x04, 0x20, 0x3C, 0x58, 0x74, 0x90, 0xAC, 0xB7, 0x9B, 0x7F, 0x63, 0x47,
    0x00, 0x00, 0x00, 0x06, 0x14, 0x1F, 0x26, 0x42, 0x5E, 0x7A, 0x96, 0xB2, 0xB2, 0x96, 0x7A, 0x5E, 0x42, 0x26, 0x0A, 0x00, 0x00, 0x00, 0x00, 0x00,
    0x00, 0x00, 0x1B, 0x37, 0x53, 0x6F, 0x8B, 0xA7, 0xBD, 0xA1, 0x85, 0x69, 0x58, 0x74, 0x90, 0xAB, 0xB8, 0x9C, 0x80, 0x64, 0x48, 0x2C, 0x10, 0x00,
    0x00, 0x00, 0x00, 0x00, 0x00, 0x00, 0x00, 0x00, 0x00, 0x00, 0x0F, 0x2B, 0x47, 0x63, 0x7F, 0x9B, 0xB7, 0xAC, 0x90, 0x74, 0x58, 0x3C, 0x20, 0x04,
    0x69, 0x85, 0xA1, 0xBD, 0xA7, 0x8B, 0x6F, 0x53, 0x37, 0x1B, 0x00, 0x00, 0x00, 0x00, 0x1B, 0x37, 0x53, 0x6F, 0x8B, 0xA7, 0xBD, 0xA1, 0x85, 0x69,
    0x69, 0x85, 0xA1, 0xBD, 0xA7, 0x8B, 0x6F, 0x53, 0x37, 0x1B, 0x00, 0x00, 0x00, 0x00, 0x1B, 0x37, 0x53, 0x6F, 0x8B, 0xA7, 0xBD, 0xA1, 0x85, 0x69,
    0x69, 0x85, 0xA0, 0xB9, 0xB0, 0x9A, 0x83, 0x6D, 0x56, 0x40, 0x49, 0x62, 0x78, 0x8A, 0x90, 0x87, 0x74, 0x5D, 0x46, 0x2F, 0x17, 0x00, 0x00, 0x00,
    0x00, 0x00, 0x00, 0x00, 0x00, 0x0A, 0x26, 0x42, 0x5E, 0x7A, 0x96, 0xB2, 0xB2, 0x96, 0x7A, 0x5E, 0x42, 0x26, 0x0A, 0x00, 0x00, 0x00, 0x00, 0x00,
    0x47, 0x63, 0x7F, 0x9B, 0xB7, 0xAC, 0x90, 0x74, 0x58, 0x3C, 0x20, 0x04, 0x04, 0x20, 0x3C, 0x58, 0x74, 0x90, 0xAC, 0xB7, 0x9B, 0x7F, 0x63, 0x47,
    0x00, 0x00, 0x00, 0x00, 0x00, 0x0A, 0x26, 0x42, 0x5E, 0x7A, 0x96, 0xB2, 0xB2, 0x96, 0x7A, 0x5E, 0x42, 0x26, 0x0A, 0x00, 0x00, 0x00, 0x00, 0x00,
    0x00, 0x00, 0x1B, 0x37, 0x53, 0x6F, 0x8B, 0xA7, 0xBD, 0xA1, 0x85, 0x69, 0x56, 0x72, 0x8E, 0xAA, 0xBA, 0x9E, 0x82, 0x66, 0x4A, 0x2E, 0x12, 0x00,
    0x00, 0x00, 0x00, 0x00, 0x00, 0x00, 0x00, 0x00, 0x00, 0x00, 0x0F, 0x2B, 0x47, 0x63, 0x7F, 0x9B, 0xB7, 0xAC, 0x90, 0x74, 0x58, 0x3C, 0x20, 0x04,
    0x69, 0x85, 0xA1, 0xBD, 0xA7, 0x8B, 0x6F, 0x53, 0x37, 0x1B, 0x00, 0x00, 0x00, 0x00, 0x1B, 0x37, 0x53, 0x6F, 0x8B, 0xA7, 0xBD, 0xA1, 0x85, 0x69,
    0x69, 0x85, 0xA1, 0xBD, 0xA7, 0x8B, 0x6F, 0x53, 0x37, 0x1B, 0x00, 0x00, 0x00, 0x00, 0x1B, 0x37, 0x53, 0x6F, 0x8B, 0xA7, 0xBD, 0xA1, 0x85, 0x69,
    0x62, 0x7B, 0x92, 0xA9, 0xBF, 0xAA, 0x94, 0x7D, 0x67, 0x50, 0x3B, 0x51, 0x63, 0x70, 0x74, 0x6E, 0x60, 0x4D, 0x36, 0x1F, 0x08, 0x00, 0x00, 0x00,
    0x00, 0x00, 0x00, 0x00, 0x00, 0x0A, 0x26, 0x42, 0x5E, 0x7A, 0x96, 0xB2, 0xB2, 0x96, 0x7A, 0x5E, 0x42, 0x26, 0x0A, 0x00, 0x00, 0x00, 0x00, 0x00,
    0x47, 0x63, 0x7F, 0x9B, 0xB7, 0xAC, 0x90, 0x74, 0x58, 0x3C, 0x20, 0x04, 0x04, 0x20, 0x3C, 0x58, 0x74, 0x90, 0xAC, 0xB7, 0x9B, 0x7F, 0x63, 0x47,
    0x00, 0x00, 0x00, 0x00, 0x00, 0x0A, 0x26, 0x42, 0x5E, 0x7A, 0x96, 0xB2, 0xB2, 0x96, 0x7A, 0x5E, 0x42, 0x26, 0x0A, 0x00, 0x00, 0x00, 0x00, 0x00,
    0x00, 0x00, 0x1B, 0x37, 0x53, 0x6F, 0x8B, 0xA7, 0xBD, 0xA1, 0x85, 0x69, 0x55, 0x70, 0x8C, 0xA8, 0xBB, 0x9F, 0x83, 0x67, 0x4C, 0x30, 0x14, 0x00,
    0x05, 0x10, 0x18, 0x1B, 0x19, 0x12, 0x08, 0x00, 0x00, 0x00, 0x0F, 0x2B, 0x47, 0x63, 0x7F, 0x9B, 0xB7, 0xAC, 0x90, 0x74, 0x58, 0x3C, 0x20, 0x04,
    0x69, 0x85, 0xA1, 0xBD, 0xA7, 0x8B, 0x6F, 0x53, 0x37, 0x1B, 0x00, 0x00, 0x00, 0x00, 0x1B, 0x37, 0x53, 0x6F, 0x8B, 0xA7, 0xBD, 0xA1, 0x85, 0x69,
    0x69, 0x85, 0xA1, 0xBD, 0xA7, 0x8B, 0x6F, 0x53, 0x37, 0x1B, 0x00, 0x00, 0x00, 0x00, 0x1B, 0x37, 0x53, 0x6F, 0x8B, 0xA7, 0xBD, 0xA1, 0x85, 0x69,
    0x54, 0x6B, 0x81, 0x98, 0xAE, 0xBB, 0xA5, 0x8E, 0x78, 0x61, 0x4B, 0x3C, 0x4B, 0x55, 0x58, 0x54, 0x49, 0x39, 0x25, 0x0F, 0x00, 0x00, 0x00, 0x00,
    0x00, 0x00, 0x00, 0x00, 0x00, 0x0A, 0x26, 0x42, 0x5E, 0x7A, 0x96, 0xB2, 0xB2, 0x96, 0x7A, 0x5E, 0x42, 0x26, 0x0A, 0x00, 0x00, 0x00, 0x00, 0x00,
    0x47, 0x63, 0x7F, 0x9B, 0xB7, 0xAC, 0x90, 0x74, 0x58, 0x3C, 0x20, 0x04, 0x04, 0x20, 0x3C, 0x58, 0x74, 0x90, 0xAC, 0xB7, 0x9B, 0x7F, 0x63, 0x47,
    0x00, 0x00, 0x00, 0x00, 0x00, 0x0A, 0x26, 0x42, 0x5E, 0x7A, 0x96, 0xB2, 0xB2, 0x96, 0x7A, 0x5E, 0x42, 0x26, 0x0A, 0x00, 0x00, 0x00, 0x00, 0x00,
    0x00, 0x00, 0x1B, 0x37, 0x53, 0x6F, 0x8B, 0xA7, 0xBD, 0xA1, 0x85, 0x69, 0x53, 0x6F, 0x8B, 0xA7, 0xBD, 0xA1, 0x85, 0x69, 0x4D, 0x31, 0x15, 0x00,
    0x1D, 0x2B, 0x33, 0x37, 0x34, 0x2D, 0x20, 0x10, 0x00, 0x00, 0x0F, 0x2B, 0x47, 0x63, 0x7F, 0x9B, 0xB7, 0xAC, 0x90, 0x74, 0x58, 0x3C, 0x20, 0x04,
    0x69, 0x85, 0xA1, 0xBD, 0xA7, 0x8B, 0x6F, 0x53, 0x37, 0x1B, 0x00, 0x00, 0x00, 0x00, 0x1B, 0x37, 0x53, 0x6F, 0x8B, 0xA7, 0xBD, 0xA1, 0x85, 0x69,
    0x69, 0x85, 0xA1, 0xBD, 0xA7, 0x8B, 0x6F, 0x53, 0x37, 0x1B, 0x00, 0x00, 0x00, 0x00, 0x1B, 0x37, 0x53, 0x6F, 0x8B, 0xA7, 0xBD, 0xA1, 0x85, 0x69,
    0x44, 0x5A, 0x71, 0x87, 0x9E, 0xB4, 0xB5, 0x9F, 0x88, 0x72, 0x5B, 0x45, 0x32, 0x3A, 0x3C, 0x39, 0x30, 0x22, 0x11, 0x00, 0x00, 0x00, 0x00, 0x00,
    0x00, 0x00, 0x00, 0x00, 0x00, 0x0A, 0x26, 0x42, 0x5E, 0x7A, 0x96, 0xB2, 0xB2, 0x96, 0x7A, 0x5E, 0x42, 0x26, 0x0A, 0x00, 0x00, 0x00, 0x00, 0x00,
    0x47, 0x63, 0x7F, 0x9B, 0xB7, 0xAC, 0x90, 0x74, 0x58, 0x3C, 0x20, 0x04, 0x04, 0x20, 0x3C, 0x58, 0x74, 0x90, 0xAC, 0xB7, 0x9B, 0x7F, 0x63, 0x47,
    0x00, 0x00, 0x00, 0x00, 0x00, 0x0A, 0x26, 0x42, 0x5E, 0x7A, 0x96, 0xB2, 0xB2, 0x96, 0x7A, 0x5E, 0x42, 0x26, 0x0A, 0x00, 0x00, 0x00, 0x00, 0x00,
    0x00, 0x00, 0x1B, 0x37, 0x53, 0x6F, 0x8B, 0xA7, 0xBD, 0xA1, 0x85, 0x69, 0x51, 0x6D, 0x89, 0xA5, 0xBE, 0xA2, 0x87, 0x6B, 0x4F, 0x33, 0x17, 0x00,
    0x34, 0x44, 0x4E, 0x53, 0x50, 0x46, 0x38, 0x26, 0x13, 0x00, 0x0F, 0x2B, 0x47, 0x63, 0x7F, 0x9B, 0xB7, 0xAC, 0x90, 0x74, 0x58, 0x3C, 0x20, 0x04,
    0x69, 0x85, 0xA1, 0xBD, 0xA7, 0x8B, 0x6F, 0x53, 0x37, 0x1B, 0x00, 0x00, 0x00, 0x00, 0x1B, 0x37, 0x53, 0x6F, 0x8B, 0xA7, 0xBD, 0xA1, 0x85, 0x69,
    0x69, 0x85, 0xA1, 0xBD, 0xA7, 0x8B, 0x6F, 0x53, 0x37, 0x1B, 0x00, 0x00, 0x00, 0x00, 0x1B, 0x37, 0x53, 0x6F, 0x8B, 0xA7, 0xBD, 0xA1, 0x85, 0x69,
    0x33, 0x49, 0x60, 0x76, 0x8D, 0xA3, 0xBA, 0xAF, 0x99, 0x83, 0x6C, 0x56, 0x3F, 0x29, 0x20, 0x1D, 0x16, 0x0A, 0x00, 0x00, 0x00, 0x00, 0x00, 0x00,
    0x00, 0x00, 0x00, 0x00, 0x00, 0x0A, 0x26, 0x42, 0x5E, 0x7A, 0x96, 0xB2, 0xB2, 0x96, 0x7A, 0x5E, 0x42, 0x26, 0x0A, 0x00, 0x00, 0x00, 0x00, 0x00,
    0x47, 0x63, 0x7F, 0x9B, 0xB7, 0xAC, 0x90, 0x74, 0x58, 0x3C, 0x20, 0x04, 0x04, 0x20, 0x3C, 0x58, 0x74, 0x90, 0xAC, 0xB7, 0x9B, 0x7F, 0x63, 0x47,
    0x00, 0x00, 0x00, 0x00, 0x00, 0x0A, 0x26, 0x42, 0x5E, 0x7A, 0x96, 0xB2, 0xB2, 0x96, 0x7A, 0x5E, 0x42, 0x26, 0x0A, 0x00, 0x00, 0x00, 0x00, 0x00,
    0x00, 0x00, 0x1B, 0x37, 0x53, 0x6F, 0x8B, 0xA7, 0xBD, 0xA1, 0x85, 0x69, 0x50, 0x6C, 0x88, 0xA4, 0xC0, 0xA4, 0x88, 0x6C, 0x50, 0x34, 0x18, 0x00,
    0x49, 0x5C, 0x69, 0x6F, 0x6B, 0x5F, 0x4D, 0x3A, 0x27, 0x15, 0x0F, 0x2B, 0x47, 0x63, 0x7F, 0x9B, 0xB7, 0xAC, 0x90, 0x74, 0x58, 0x3C, 0x20, 0x04,
    0x69, 0x85, 0xA1, 0xBD, 0xA7, 0x8B, 0x6F, 0x53, 0x37, 0x1B, 0x00, 0x00, 0x00, 0x00, 0x1B, 0x37, 0x53, 0x6F, 0x8B, 0xA7, 0xBD, 0xA1, 0x85, 0x69,
    0x69, 0x85, 0xA1, 0xBD, 0xA7, 0x8B, 0x70, 0x56, 0x3D, 0x23, 0x0A, 0x00, 0x00, 0x00, 0x1B, 0x37, 0x53, 0x6F, 0x8B, 0xA7, 0xBD, 0xA1, 0x85, 0x69,
    0x22, 0x39, 0x4F, 0x66, 0x7C, 0x93, 0xA9, 0xBF, 0xAA, 0x93, 0x7D, 0x66, 0x50, 0x39, 0x23, 0x0D, 0x00, 0x00, 0x00, 0x00, 0x00, 0x00, 0x00, 0x00,
    0x00, 0x00, 0x00, 0x00, 0x00, 0x0A, 0x26, 0x42, 0x5E, 0x7A, 0x96, 0xB2, 0xB2, 0x96, 0x7A, 0x5E, 0x42, 0x26, 0x0A, 0x00, 0x00, 0x00, 0x00, 0x00,
    0x47, 0x63, 0x7F, 0x9B, 0xB7, 0xAC, 0x90, 0x74, 0x58, 0x3C, 0x20, 0x04, 0x04, 0x20, 0x3C, 0x58, 0x74, 0x90, 0xAC, 0xB7, 0x9B, 0x7F, 0x63, 0x47,
    0x00, 0x00, 0x00, 0x00, 0x00, 0x0A, 0x26, 0x42, 0x5E, 0x7A, 0x96, 0xB2, 0xB2, 0x96, 0x7A, 0x5E, 0x42, 0x26, 0x0A, 0x00, 0x00, 0x00, 0x00, 0x00,
    0x00, 0x00, 0x1B, 0x37, 0x53, 0x6F, 0x8B, 0xA7, 0xBD, 0xA1, 0x85, 0x69, 0x4E, 0x6A, 0x86, 0xA2, 0xBE, 0xA6, 0x8A, 0x6E, 0x52, 0x36, 0x1A, 0x00,
    0x5A, 0x71, 0x82, 0x8B, 0x85, 0x75, 0x62, 0x4F, 0x3C, 0x29, 0x17, 0x2B, 0x47, 0x63, 0x7F, 0x9B, 0xB7, 0xAC, 0x90, 0x74, 0x58, 0x3C, 0x20, 0x04,
    0x69, 0x85, 0xA1, 0xBD, 0xA7, 0x8B, 0x6F, 0x53, 0x37, 0x1B, 0x00, 0x00, 0x00, 0x00, 0x1B, 0x37, 0x53, 0x6F, 0x8B, 0xA7, 0xBD, 0xA1, 0x85, 0x69,
    0x68, 0x83, 0x9E, 0xB8, 0xAF, 0x95, 0x7B, 0x62, 0x48, 0x2F, 0x15, 0x00, 0x00, 0x00, 0x1A, 0x36, 0x52, 0x6D, 0x89, 0xA3, 0xB2, 0x9E, 0x83, 0x68,
    0x12, 0x28, 0x3E, 0x55, 0x6B, 0x82, 0x98, 0xAF, 0xBA, 0xA4, 0x8E, 0x77, 0x61, 0x4A, 0x34, 0x1D, 0x07, 0x00, 0x00, 0x00, 0x00, 0x00, 0x00, 0x00,
    0x00, 0x00, 0x00, 0x00, 0x00, 0x0A, 0x26, 0x42, 0x5E, 0x7A, 0x96, 0xB2, 0xB2, 0x96, 0x7A, 0x5E, 0x42, 0x26, 0x0A, 0x00, 0x00, 0x00, 0x00, 0x00,
    0x47, 0x63, 0x7F, 0x9B, 0xB7, 0xAC, 0x90, 0x74, 0x58, 0x3C, 0x20, 0x04, 0x04, 0x20, 0x3C, 0x58, 0x74, 0x90, 0xAC, 0xB7, 0x9B, 0x7F, 0x63, 0x47,
    0x00, 0x00, 0x00, 0x00, 0x00, 0x0A, 0x26, 0x42, 0x5E, 0x7A, 0x96, 0xB2, 0xB2, 0x96, 0x7A, 0x5E, 0x42, 0x26, 0x0A, 0x00, 0x00, 0x00, 0x00, 0x00,
    0x0A, 0x16, 0x1D, 0x37, 0x53, 0x6F, 0x8B, 0xA7, 0xBD, 0xA1, 0x85, 0x69, 0x4D, 0x69, 0x85, 0xA1, 0xBD, 0xA7, 0x8B, 0x6F, 0x53, 0x37, 0x1B, 0x00,
    0x65, 0x80, 0x98, 0xA6, 0x9C, 0x89, 0x77, 0x64, 0x51, 0x3E, 0x2B, 0x2B, 0x47, 0x63, 0x7F, 0x9B, 0xB7, 0xAC, 0x90, 0x74, 0x58, 0x3C, 0x20, 0x04,
    0x69, 0x85, 0xA1, 0xBD, 0xA7, 0x8B, 0x6F, 0x53, 0x37, 0x1B, 0x00, 0x00, 0x00, 0x00, 0x1B, 0x37, 0x53, 0x6F, 0x8B, 0xA7, 0xBD, 0xA1, 0x85, 0x69,
    0x5F, 0x79, 0x93, 0xAC, 0xBA, 0xA0, 0x87, 0x6D, 0x54, 0x3A, 0x21, 0x07, 0x00, 0x00, 0x15, 0x30, 0x4B, 0x64, 0x7C, 0x8F, 0x96, 0x8C, 0x78, 0x5F,
    0x01, 0x17, 0x2E, 0x44, 0x5B, 0x71, 0x88, 0x9E, 0xB4, 0xB5, 0x9E, 0x88, 0x71, 0x5B, 0x44, 0x2E, 0x18, 0x01, 0x00, 0x00, 0x00, 0x00, 0x00, 0x00,
    0x00, 0x00, 0x00, 0x00, 0x00, 0x12, 0x2B, 0x44, 0x5E, 0x7A, 0x96, 0xB2, 0xB2, 0x96, 0x7A, 0x5E, 0x44, 0x2B, 0x12, 0x00, 0x00, 0x00, 0x00, 0x00,
    0x47, 0x63, 0x7F, 0x9B, 0xB7, 0xAC, 0x90, 0x74, 0x58, 0x3C, 0x20, 0x04, 0x04, 0x20, 0x3C, 0x58, 0x74, 0x90, 0xAC, 0xB7, 0x9B, 0x7F, 0x63, 0x47,
    0x00, 0x00, 0x00, 0x00, 0x00, 0x0A, 0x26, 0x42, 0x5E, 0x7A, 0x96, 0xB2, 0xB2, 0x96, 0x7A, 0x5E, 0x42, 0x26, 0x0A, 0x00, 0x00, 0x00, 0x00, 0x00,
    0x22, 0x30, 0x39, 0x3C, 0x53, 0x6F, 0x8B, 0xA7, 0xBD, 0xA1, 0x85, 0x69, 0x4D, 0x67, 0x83, 0x9F, 0xBB, 0xA9, 0x8D, 0x71, 0x55, 0x39, 0x1D, 0x01,
    0x69, 0x85, 0xA1, 0xBC, 0xB1, 0x9E, 0x8B, 0x78, 0x66, 0x53, 0x40, 0x2D, 0x47, 0x63, 0x7F, 0x9B, 0xB7, 0xAC, 0x90, 0x74, 0x58, 0x3C, 0x20, 0x04,
    0x69, 0x85, 0xA1, 0xBD, 0xA7, 0x8B, 0x6F, 0x53, 0x37, 0x1B, 0x00, 0x00, 0x00, 0x00, 0x1B, 0x37, 0x53, 0x6F, 0x8B, 0xA7, 0xBD, 0xA1, 0x85, 0x69,
    0x54, 0x6E, 0x87, 0xA1, 0xBA, 0xAC, 0x92, 0x79, 0x5F, 0x46, 0x2C, 0x13, 0x00, 0x00, 0x0C, 0x26, 0x3E, 0x55, 0x68, 0x75, 0x7A, 0x73, 0x64, 0x50,
    0x00, 0x07, 0x1D, 0x33, 0x4A, 0x60, 0x77, 0x8D, 0xA4, 0xBA, 0xAF, 0x99, 0x82, 0x6C, 0x55, 0x3F, 0x28, 0x12, 0x00, 0x00, 0x00, 0x00, 0x00, 0x00,
    0x00, 0x00, 0x00, 0x00, 0x06, 0x1F, 0x38, 0x51, 0x6A, 0x83, 0x9C, 0xB5, 0xB5, 0x9C, 0x83, 0x6A, 0x51, 0x38, 0x1F, 0x06, 0x00, 0x00, 0x00, 0x00,
    0x47, 0x63, 0x7F, 0x9B, 0xB7, 0xAC, 0x90, 0x74, 0x58, 0x3C, 0x20, 0x04, 0x04, 0x20, 0x3C, 0x58, 0x74, 0x90, 0xAC, 0xB7, 0x9B, 0x7F, 0x63, 0x47,
    0x00, 0x00, 0x00, 0x00, 0x00, 0x0A, 0x26, 0x42, 0x5E, 0x7A, 0x96, 0xB2, 0xB2, 0x96, 0x7A, 0x5E, 0x42, 0x26, 0x0A, 0x00, 0x00, 0x00, 0x00, 0x00,
    0x39, 0x49, 0x54, 0x58, 0x55, 0x6F, 0x8B, 0xA7, 0xBD, 0xA1, 0x85, 0x69, 0x4D, 0x66, 0x82, 0x9E, 0xB9, 0xAA, 0x8E, 0x72, 0x56, 0x3A, 0x1E, 0x03,
    0x64, 0x7D, 0x94, 0xA7, 0xBA, 0xB3, 0xA0, 0x8D, 0x7A, 0x68, 0x55, 0x42, 0x47, 0x63, 0x7F, 0x9B, 0xB7, 0xAC, 0x90, 0x74, 0x58, 0x3C, 0x20, 0x04,
    0x69, 0x85, 0xA1, 0xBD, 0xA7, 0x8B, 0x6F, 0x53, 0x37, 0x1B, 0x00, 0x00, 0x00, 0x00, 0x1B, 0x37, 0x53, 0x6F, 0x8B, 0xA7, 0xBD, 0xA1, 0x85, 0x69,
    0x49, 0x62, 0x7C, 0x95, 0xAF, 0xB7, 0x9E, 0x84, 0x6B, 0x51, 0x38, 0x1E, 0x05, 0x00, 0x00, 0x17, 0x2D, 0x41, 0x50, 0x5B, 0x5E, 0x59, 0x4E, 0x3D,
    0x00, 0x00, 0x0C, 0x23, 0x39, 0x50, 0x66, 0x7D, 0x93, 0xA9, 0xC0, 0xA9, 0x93, 0x7C, 0x66, 0x4F, 0x39, 0x23, 0x0C, 0x00, 0x00, 0x00, 0x00, 0x00,
    0x00, 0x00, 0x00, 0x00, 0x13, 0x2C, 0x45, 0x5E, 0x77, 0x90, 0xA9, 0xBE, 0xBE, 0xA9, 0x90, 0x77, 0x5E, 0x45, 0x2C, 0x13, 0x00, 0x00, 0x00, 0x00,
    0x47, 0x63, 0x7F, 0x9B, 0xB7, 0xAC, 0x90, 0x74, 0x58, 0x3C, 0x20, 0x04, 0x04, 0x20, 0x3C, 0x58, 0x74, 0x90, 0xAC, 0xB7, 0x9B, 0x7F, 0x63, 0x47,
    0x00, 0x00, 0x00, 0x00, 0x00, 0x0A, 0x26, 0x42, 0x5E, 0x7A, 0x96, 0xB2, 0xB2, 0x96, 0x7A, 0x5E, 0x42, 0x26, 0x0A, 0x00, 0x00, 0x00, 0x00, 0x00,
    0x4D, 0x60, 0x6E, 0x74, 0x70, 0x6F, 0x8B, 0xA7, 0xBD, 0xA1, 0x85, 0x69, 0x4D, 0x64, 0x80, 0x9C, 0xB8, 0xAC, 0x90, 0x76, 0x5C, 0x42, 0x27, 0x0D,
    0x57, 0x6D, 0x80, 0x92, 0xA5, 0xB8, 0xB5, 0xA2, 0x8F, 0x7C, 0x69, 0x57, 0x47, 0x63, 0x7F, 0x9B, 0xB7, 0xAC, 0x90, 0x74, 0x58, 0x3C, 0x20, 0x04,
    0x69, 0x85, 0xA1, 0xBD, 0xA7, 0x8B, 0x6F, 0x53, 0x37, 0x1B, 0x00, 0x00, 0x00, 0x00, 0x1B, 0x37, 0x53, 0x6F, 0x8B, 0xA7, 0xBD, 0xA1, 0x85, 0x69,
    0x3D, 0x57, 0x70, 0x8A, 0xA3, 0xBD, 0xA9, 0x90, 0x76, 0x5D, 0x43, 0x2A, 0x10, 0x00, 0x00, 0x06, 0x19, 0x2A, 0x37, 0x3F, 0x42, 0x3E, 0x35, 0x27,
    0x00, 0x00, 0x00, 0x12, 0x28, 0x3F, 0x55, 0x6C, 0x82, 0x99, 0xAF, 0xBA, 0xA4, 0x8D, 0x77, 0x60, 0x4A, 0x33, 0x1D, 0x06, 0x00, 0x00, 0x00, 0x00,
    0x00, 0x00, 0x00, 0x07, 0x20, 0x39, 0x52, 0x6B, 0x84, 0x9D, 0xB5, 0xB1, 0xB1, 0xB5, 0x9D, 0x84, 0x6B, 0x52, 0x39, 0x20, 0x07, 0x00, 0x00, 0x00,
    0x47, 0x63, 0x7F, 0x9B, 0xB7, 0xAC, 0x90, 0x74, 0x58, 0x3C, 0x20, 0x04, 0x04, 0x20, 0x3C, 0x58, 0x74, 0x90, 0xAC, 0xB7, 0x9B, 0x7F, 0x63, 0x47,
    0x00, 0x00, 0x00, 0x00, 0x00, 0x0A, 0x26, 0x42, 0x5E, 0x7A, 0x96, 0xB2, 0xB2, 0x96, 0x7A, 0x5E, 0x42, 0x26, 0x0A, 0x00, 0x00, 0x00, 0x00, 0x00,
    0x5D, 0x74, 0x87, 0x90, 0x8A, 0x79, 0x8B, 0xA7, 0xBD, 0xA1, 0x85, 0x69, 0x4D, 0x61, 0x7D, 0x97, 0xB1, 0xB4, 0x9A, 0x80, 0x66, 0x4C, 0x31, 0x17,
    0x45, 0x58, 0x6B, 0x7E, 0x91, 0xA3, 0xB6, 0xB7, 0xA4, 0x91, 0x7E, 0x6B, 0x58, 0x63, 0x7F, 0x9B, 0xB7, 0xAC, 0x90, 0x74, 0x58, 0x3C, 0x20, 0x04,
    0x69, 0x85, 0xA1, 0xBD, 0xA7, 0x8B, 0x6F, 0x53, 0x37, 0x1B, 0x00, 0x00, 0x00, 0x00, 0x1B, 0x37, 0x53, 0x6F, 0x8B, 0xA7, 0xBD, 0xA1, 0x85, 0x69,
    0x32, 0x4B, 0x65, 0x7E, 0x98, 0xB1, 0xB5, 0x9B, 0x82, 0x68, 0x4F, 0x35, 0x1C, 0x02, 0x00, 0x00, 0x03, 0x12, 0x1D, 0x24, 0x26, 0x23, 0x1B, 0x0F,
    0x00, 0x00, 0x00, 0x01, 0x18, 0x2E, 0x45, 0x5B, 0x72, 0x88, 0x9E, 0xB5, 0xB4, 0x9E, 0x87, 0x71, 0x5A, 0x44, 0x2E, 0x17, 0x01, 0x00, 0x00, 0x00,
    0x00, 0x00, 0x00, 0x14, 0x2D, 0x46, 0x5F, 0x78, 0x90, 0xA9, 0xBD, 0xA5, 0xA5, 0xBD, 0xA9, 0x90, 0x78, 0x5F, 0x46, 0x2D, 0x14, 0x00, 0x00, 0x00,
    0x47, 0x63, 0x7F, 0x9B, 0xB7, 0xAC, 0x90, 0x74, 0x58, 0x3C, 0x20, 0x04, 0x04, 0x20, 0x3C, 0x58, 0x74, 0x90, 0xAC, 0xB7, 0x9B, 0x7F, 0x63, 0x47,
    0x00, 0x00, 0x00, 0x00, 0x00, 0x0A, 0x26, 0x42, 0x5E, 0x7A, 0x96, 0xB2, 0xB2, 0x96, 0x7A, 0x5E, 0x42, 0x26, 0x0A, 0x00, 0x00, 0x00, 0x00, 0x00,
    0x67, 0x82, 0x9B, 0xAC, 0xA0, 0x8C, 0x8B, 0xA7, 0xBD, 0xA1, 0x85, 0x69, 0x4D, 0x59, 0x73, 0x8D, 0xA7, 0xBE, 0xA4, 0x8A, 0x70, 0x55, 0x3B, 0x21,
    0x31, 0x43, 0x56, 0x69, 0x7C, 0x8F, 0xA2, 0xB4, 0xB8, 0xA6, 0x93, 0x80, 0x6D, 0x63, 0x7F, 0x9B, 0xB7, 0xAC, 0x90, 0x74, 0x58, 0x3C, 0x20, 0x04,
    0x69, 0x85, 0xA1, 0xBD, 0xA7, 0x8B, 0x6F, 0x53, 0x37, 0x1B, 0x00, 0x00, 0x00, 0x00, 0x1B, 0x37, 0x53, 0x6F, 0x8B, 0xA7, 0xBD, 0xA1, 0x85, 0x69,
    0x26, 0x40, 0x59, 0x73, 0x8C, 0xA6, 0xBF, 0xA7, 0x8D, 0x74, 0x5A, 0x41, 0x27, 0x0D, 0x00, 0x00, 0x00, 0x00, 0x02, 0x08, 0x0A, 0x07, 0x01, 0x00,
    0x00, 0x00, 0x00, 0x00, 0x07, 0x1D, 0x34, 0x4A, 0x61, 0x77, 0x8E, 0xA4, 0xBB, 0xAF, 0x98, 0x82, 0x6B, 0x55, 0x3E, 0x28, 0x11, 0x00, 0x00, 0x00,
    0x00, 0x00, 0x08, 0x21, 0x3A, 0x53, 0x6B, 0x84, 0x9D, 0xB6, 0xB1, 0x98, 0x98, 0xB1, 0xB6, 0x9D, 0x84, 0x6B, 0x53, 0x3A, 0x21, 0x08, 0x00, 0x00,
    0x47, 0x63, 0x7F, 0x9B, 0xB7, 0xAC, 0x90, 0x74, 0x58, 0x3C, 0x20, 0x04, 0x04, 0x20, 0x3C, 0x58, 0x74, 0x90, 0xAC, 0xB7, 0x9B, 0x7F, 0x63, 0x47,
    0x00, 0x00, 0x00, 0x00, 0x00, 0x0A, 0x26, 0x42, 0x5E, 0x7A, 0x96, 0xB2, 0xB2, 0x96, 0x7A, 0x5E, 0x42, 0x26, 0x0A, 0x00, 0x00, 0x00, 0x00, 0x00,
    0x69, 0x84, 0xA0, 0xB8, 0xB4, 0xA0, 0x8C, 0xA7, 0xBD, 0xA1, 0x85, 0x69, 0x4D, 0x4F, 0x69, 0x83, 0x9D, 0xB8, 0xAE, 0x94, 0x79, 0x5F, 0x45, 0x2B,
    0x1C, 0x2F, 0x41, 0x54, 0x67, 0x7A, 0x8D, 0xA0, 0xB2, 0xBA, 0xA8, 0x95, 0x82, 0x6F, 0x7F, 0x9B, 0xB7, 0xAC, 0x90, 0x74, 0x58, 0x3C, 0x20, 0x04,
    0x69, 0x85, 0xA1, 0xBD, 0xA7, 0x8B, 0x6F, 0x53, 0x37, 0x1B, 0x00, 0x00, 0x00, 0x00, 0x1B, 0x37, 0x53, 0x6F, 0x8B, 0xA7, 0xBD, 0xA1, 0x85, 0x69,
    0x1B, 0x34, 0x4E, 0x67, 0x81, 0x9A, 0xB4, 0xB2, 0x99, 0x7F, 0x66, 0x4C, 0x32, 0x19, 0x00, 0x00, 0x00, 0x00, 0x00, 0x00, 0x00, 0x00, 0x00, 0x00,
    0x00, 0x00, 0x00, 0x00, 0x00, 0x0D, 0x23, 0x3A, 0x50, 0x67, 0x7D, 0x93, 0xAA, 0xBF, 0xA9, 0x92, 0x7C, 0x65, 0x4F, 0x39, 0x22, 0x0C, 0x00, 0x00,
    0x00, 0x00, 0x15, 0x2E, 0x46, 0x5F, 0x78, 0x91, 0xAA, 0xBD, 0xA4, 0x8B, 0x8B, 0xA4, 0xBD, 0xAA, 0x91, 0x78, 0x5F, 0x46, 0x2E, 0x15, 0x00, 0x00,
    0x47, 0x63, 0x7F, 0x9B, 0xB7, 0xAC, 0x90, 0x74, 0x58, 0x3C, 0x20, 0x04, 0x04, 0x20, 0x3C, 0x58, 0x74, 0x90, 0xAC, 0xB7, 0x9B, 0x7F, 0x63, 0x47,
    0x00, 0x00, 0x00, 0x00, 0x00, 0x0A, 0x26, 0x42, 0x5E, 0x7A, 0x96, 0xB2, 0xB2, 0x96, 0x7A, 0x5E, 0x42, 0x26, 0x0A, 0x00, 0x00, 0x00, 0x00, 0x00,
    0x62, 0x7B, 0x90, 0xA4, 0xB8, 0xB4, 0xA0, 0xA7, 0xBD, 0xA1, 0x85, 0x69, 0x4D, 0x45, 0x5F, 0x79, 0x94, 0xAE, 0xB8, 0x9D, 0x83, 0x69, 0x4F, 0x35,
    0x07, 0x1A, 0x2D, 0x40, 0x52, 0x65, 0x78, 0x8B, 0x9E, 0xB1, 0xBC, 0xA9, 0x97, 0x84, 0x7F, 0x9B, 0xB7, 0xAC, 0x90, 0x74, 0x58, 0x3C, 0x20, 0x04,
    0x69, 0x85, 0xA1, 0xBD, 0xA7, 0x8B, 0x6F, 0x53, 0x37, 0x1B, 0x1B, 0x1B, 0x1B, 0x1B, 0x1B, 0x37, 0x53, 0x6F, 0x8B, 0xA7, 0xBD, 0xA1, 0x85, 0x69,
    0x0F, 0x29, 0x42, 0x5C, 0x75, 0x8F, 0xA8, 0xBE, 0xA4, 0x8B, 0x71, 0x57, 0x3E, 0x24, 0x0B, 0x00, 0x00, 0x00, 0x00, 0x00, 0x00, 0x00, 0x00, 0x00,
    0x00, 0x00, 0x00, 0x00, 0x00, 0x00, 0x12, 0x29, 0x3F, 0x56, 0x6C, 0x83, 0x99, 0xB0, 0xBA, 0xA3, 0x8D, 0x76, 0x60, 0x49, 0x33, 0x1C, 0x06, 0x00,
    0x00, 0x09, 0x21, 0x3A, 0x53, 0x6C, 0x85, 0x9E, 0xB7, 0xB0, 0x97, 0x7E, 0x7E, 0x97, 0xB0, 0xB7, 0x9E, 0x85, 0x6C, 0x53, 0x3A, 0x21, 0x09, 0x00,
    0x47, 0x63, 0x7F, 0x9B, 0xB7, 0xAC, 0x90, 0x74, 0x58, 0x3C, 0x20, 0x04, 0x04, 0x20, 0x3C, 0x58, 0x74, 0x90, 0xAC, 0xB7, 0x9B, 0x7F, 0x63, 0x47,
    0x00, 0x00, 0x00, 0x00, 0x00, 0x0A, 0x26, 0x42, 0x5E, 0x7A, 0x96, 0xB2, 0xB2, 0x96, 0x7A, 0x5E, 0x42, 0x26, 0x0A, 0x00, 0x00, 0x00, 0x00, 0x00,
    0x54, 0x69, 0x7D, 0x90, 0xA4, 0xB8, 0xB4, 0xA7, 0xBD, 0xA1, 0x85, 0x69, 0x4D, 0x3B, 0x55, 0x70, 0x8A, 0xA4, 0xBE, 0xA7, 0x8D, 0x73, 0x59, 0x3E,
    0x00, 0x05, 0x18, 0x2B, 0x3E, 0x51, 0x63, 0x76, 0x89, 0x9C, 0xAF, 0xBE, 0xAB, 0x98, 0x86, 0x9B, 0xB7, 0xAC, 0x90, 0x74, 0x58, 0x3C, 0x20, 0x04,
    0x69, 0x85, 0xA1, 0xBD, 0xA7, 0x8B, 0x6F, 0x53, 0x37, 0x37, 0x37, 0x37, 0x37, 0x37, 0x37, 0x37, 0x53, 0x6F, 0x8B, 0xA7, 0xBD, 0xA1, 0x85, 0x69,
    0x04, 0x1D, 0x37, 0x50, 0x6A, 0x83, 0x9D, 0xB7, 0xB0, 0x96, 0x7C, 0x63, 0x49, 0x30, 0x16, 0x00, 0x00, 0x00, 0x00, 0x00, 0x00, 0x00, 0x00, 0x00,
    0x00, 0x00, 0x00, 0x00, 0x00, 0x00, 0x02, 0x18, 0x2F, 0x45, 0x5C, 0x72, 0x89, 0x9F, 0xB5, 0xB4, 0x9D, 0x87, 0x70, 0x5A, 0x44, 0x2D, 0x17, 0x00,
    0x00, 0x15, 0x2E, 0x47, 0x60, 0x79, 0x92, 0xAB, 0xBC, 0xA3, 0x8A, 0x71, 0x71, 0x8A, 0xA3, 0xBC, 0xAB, 0x92, 0x79, 0x60, 0x47, 0x2E, 0x15, 0x00,
    0x47, 0x63, 0x7F, 0x9B, 0xB7, 0xAC, 0x90, 0x74, 0x58, 0x3C, 0x20, 0x04, 0x04, 0x20, 0x3C, 0x58, 0x74, 0x90, 0xAC, 0xB7, 0x9B, 0x7F, 0x63, 0x47,
    0x00, 0x00, 0x00, 0x00, 0x00, 0x0A, 0x26, 0x42, 0x5E, 0x7A, 0x96, 0xB2, 0xB2, 0x96, 0x7A, 0x5E, 0x42, 0x26, 0x0A, 0x00, 0x00, 0x00, 0x00, 0x00,
    0x41, 0x55, 0x69, 0x7D, 0x90, 0xA4, 0xB8, 0xB4, 0xBD, 0xA1, 0x85, 0x69, 0x4D, 0x31, 0x4C, 0x66, 0x80, 0x9A, 0xB4, 0xB1, 0x97, 0x7D, 0x62, 0x48,
    0x00, 0x00, 0x03, 0x16, 0x29, 0x3C, 0x4F, 0x61, 0x74, 0x87, 0x9A, 0xAD, 0xC0, 0xAD, 0x9A, 0x9B, 0xB7, 0xAC, 0x90, 0x74, 0x58, 0x3C, 0x20, 0x04,
    0x69, 0x85, 0xA1, 0xBD, 0xA7, 0x8B, 0x6F, 0x53, 0x53, 0x53, 0x53, 0x53, 0x53, 0x53, 0x53, 0x53, 0x53, 0x6F, 0x8B, 0xA7, 0xBD, 0xA1, 0x85, 0x69,
    0x00, 0x12, 0x2B, 0x45, 0x5E, 0x78, 0x92, 0xAB, 0xBB, 0xA1, 0x88, 0x6E, 0x55, 0x3B, 0x22, 0x08, 0x00, 0x00, 0x00, 0x00, 0x00, 0x00, 0x00, 0x00,
    0x00, 0x00, 0x00, 0x00, 0x00, 0x00, 0x00, 0x07, 0x1E, 0x34, 0x4B, 0x61, 0x78, 0x8E, 0xA5, 0xBB, 0xAE, 0x98, 0x81, 0x6B, 0x54, 0x3E, 0x27, 0x11,
    0x09, 0x22, 0x3B, 0x54, 0x6D, 0x86, 0x9F, 0xB8, 0xAF, 0x96, 0x7D, 0x64, 0x64, 0x7D, 0x96, 0xAF, 0xB8, 0x9F, 0x86, 0x6D, 0x54, 0x3B, 0x22, 0x09,
    0x47, 0x63, 0x7F, 0x9B, 0xB7, 0xAC, 0x90, 0x74, 0x58, 0x3C, 0x20, 0x0F, 0x0F, 0x20, 0x3C, 0x58, 0x74, 0x90, 0xAC, 0xB7, 0x9B, 0x7F, 0x63, 0x47,
    0x00, 0x00, 0x00, 0x02, 0x0B, 0x0F, 0x26, 0x42, 0x5E, 0x7A, 0x96, 0xB2, 0xB2, 0x96, 0x7A, 0x5E, 0x42, 0x26, 0x0F, 0x0B, 0x02, 0x00, 0x00, 0x00,
    0x2D, 0x41, 0x55, 0x69, 0x7D, 0x90, 0xA4, 0xB8, 0xBD, 0xA1, 0x85, 0x69, 0x4D, 0x31, 0x42, 0x5C, 0x76, 0x90, 0xAB, 0xBB, 0xA1, 0x86, 0x6C, 0x52,
    0x00, 0x00, 0x00, 0x01, 0x14, 0x27, 0x3A, 0x4D, 0x60, 0x72, 0x85, 0x98, 0xAB, 0xBE, 0xAF, 0x9C, 0xB7, 0xAC, 0x90, 0x74, 0x58, 0x3C, 0x20, 0x04,
    0x69, 0x85, 0xA1, 0xBD, 0xA7, 0x8B, 0x6F, 0x6F, 0x6F, 0x6F, 0x6F, 0x6F, 0x6F, 0x6F, 0x6F, 0x6F, 0x6F, 0x6F, 0x8B, 0xA7, 0xBD, 0xA1, 0x85, 0x69,
    0x00, 0x06, 0x20, 0x39, 0x53, 0x6D, 0x86, 0xA0, 0xB9, 0xAD, 0x93, 0x7A, 0x60, 0x47, 0x2D, 0x14, 0x00, 0x00, 0x00, 0x00, 0x00, 0x00, 0x00, 0x00,
    0x00, 0x00, 0x00, 0x00, 0x00, 0x00, 0x00, 0x00, 0x0D, 0x24, 0x3A, 0x51, 0x67, 0x7E, 0x94, 0xAA, 0xBF, 0xA8, 0x92, 0x7B, 0x65, 0x4F, 0x38, 0x22,
    0x16, 0x2F, 0x48, 0x61, 0x7A, 0x93, 0xAC, 0xBB, 0xA2, 0x89, 0x71, 0x58, 0x58, 0x71, 0x89, 0xA2, 0xBB, 0xAC, 0x93, 0x7A, 0x61, 0x48, 0x2F, 0x16,
    0x47, 0x63, 0x7F, 0x9B, 0xB7, 0xAC, 0x90, 0x74, 0x58, 0x3C, 0x2B, 0x2B, 0x2B, 0x2B, 0x3C, 0x58, 0x74, 0x90, 0xAC, 0xB7, 0x9B, 0x7F, 0x63, 0x47,
    0x00, 0x00, 0x0E, 0x1C, 0x26, 0x2B, 0x2B, 0x42, 0x5E, 0x7A, 0x96, 0xB2, 0xB2, 0x96, 0x7A, 0x5E, 0x42, 0x2B, 0x2B, 0x26, 0x1C, 0x0E, 0x00, 0x00,
    0x1A, 0x2D, 0x41, 0x55, 0x69, 0x7D, 0x90, 0xA4, 0xB2, 0x9E, 0x83, 0x68, 0x4C, 0x30, 0x38, 0x52, 0x6C, 0x86, 0xA1, 0xBB, 0xAB, 0x90, 0x76, 0x5C,
    0x00, 0x00, 0x00, 0x00, 0x00, 0x12, 0x25, 0x38, 0x4B, 0x5E, 0x71, 0x83, 0x96, 0xA9, 0xBC, 0xB1, 0xB7, 0xAC, 0x90, 0x74, 0x58, 0x3C, 0x20, 0x04,
    0x69, 0x85, 0xA1, 0xBD, 0xA7, 0x8B, 0x8B, 0x8B, 0x8B, 0x8B, 0x8B, 0x8B, 0x8B, 0x8B, 0x8B, 0x8B, 0x8B, 0x8B, 0x8B, 0xA7, 0xBD, 0xA1, 0x85, 0x69,
    0x00, 0x00, 0x14, 0x2E, 0x48, 0x61, 0x7B, 0x94, 0xAE, 0xB8, 0x9F, 0x85, 0x6C, 0x52, 0x39, 0x1F, 0x06, 0x00, 0x00, 0x00, 0x00, 0x00, 0x00, 0x00,
    0x00, 0x00, 0x00, 0x00, 0x00, 0x00, 0x00, 0x00, 0x00, 0x13, 0x29, 0x40, 0x56, 0x6D, 0x83, 0x9A, 0xB0, 0xB9, 0xA3, 0x8C, 0x76, 0x5F, 0x49, 0x32,
    0x23, 0x3C, 0x55, 0x6E, 0x87, 0x9F, 0xB8, 0xAE, 0x96, 0x7D, 0x64, 0x4B, 0x4B, 0x64, 0x7D, 0x96, 0xAE, 0xB8, 0x9F, 0x87, 0x6E, 0x55, 0x3C, 0x23,
    0x47, 0x63, 0x7F, 0x9B, 0xB7, 0xAC, 0x90, 0x74, 0x58, 0x47, 0x47, 0x47, 0x47, 0x47, 0x47, 0x58, 0x74, 0x90, 0xAC, 0xB7, 0x9B, 0x7F, 0x63, 0x47,
    0x00, 0x12, 0x25, 0x35, 0x40, 0x47, 0x47, 0x47, 0x5E, 0x7A, 0x96, 0xB2, 0xB2, 0x96, 0x7A, 0x5E, 0x47, 0x47, 0x47, 0x40, 0x35, 0x25, 0x12, 0x00,
    0x06, 0x1A, 0x2D, 0x41, 0x55, 0x69, 0x7D, 0x8F, 0x96, 0x8C, 0x78, 0x5F, 0x46, 0x2B, 0x2E, 0x48, 0x62, 0x7D, 0x97, 0xB1, 0xB4, 0x9A, 0x80, 0x65,
    0x00, 0x00, 0x00, 0x00, 0x00, 0x00, 0x10, 0x23, 0x36, 0x49, 0x5C, 0x6F, 0x81, 0x94, 0xA7, 0xBA, 0xB7, 0xAC, 0x90, 0x74, 0x58, 0x3C, 0x20, 0x04,
    0x69, 0x85, 0xA1, 0xBD, 0xA7, 0xA7, 0xA7, 0xA7, 0xA7, 0xA7, 0xA7, 0xA7, 0xA7, 0xA7, 0xA7, 0xA7, 0xA7, 0xA7, 0xA7, 0xA7, 0xBD, 0xA1, 0x85, 0x69,
    0x00, 0x00, 0x09, 0x23, 0x3C, 0x56, 0x6F, 0x89, 0xA2, 0xBC, 0xAA, 0x91, 0x77, 0x5E, 0x44, 0x2B, 0x11, 0x00, 0x00, 0x00, 0x00, 0x00, 0x00, 0x00,
    0x00, 0x00, 0x00, 0x00, 0x00, 0x00, 0x00, 0x00, 0x00, 0x02, 0x19, 0x2F, 0x46, 0x5C, 0x73, 0x89, 0x9F, 0xB6, 0xB3, 0x9D, 0x86, 0x70, 0x59, 0x43,
    0x30, 0x49, 0x62, 0x7A, 0x93, 0xAC, 0xBB, 0xA2, 0x89, 0x70, 0x57, 0x3E, 0x3E, 0x57, 0x70, 0x89, 0xA2, 0xBB, 0xAC, 0x93, 0x7A, 0x62, 0x49, 0x30,
    0x47, 0x63, 0x7F, 0x9B, 0xB7, 0xAC, 0x90, 0x74, 0x63, 0x63, 0x63, 0x63, 0x63, 0x63, 0x63, 0x63, 0x74, 0x90, 0xAC, 0xB7, 0x9B, 0x7F, 0x63, 0x47,
    0x0C, 0x24, 0x39, 0x4C, 0x5A, 0x62, 0x63, 0x63, 0x63, 0x7A, 0x96, 0xB2, 0xB2, 0x96, 0x7A, 0x63, 0x63, 0x63, 0x62, 0x5A, 0x4C, 0x39, 0x24, 0x0C,
    0x00, 0x06, 0x1A, 0x2D, 0x41, 0x55, 0x68, 0x75, 0x7A, 0x73, 0x64, 0x50, 0x39, 0x21, 0x24, 0x3E, 0x59, 0x73, 0x8D, 0xA7, 0xBC, 0xA1, 0x85, 0x69,
    0x00, 0x00, 0x00, 0x00, 0x00, 0x00, 0x00, 0x0F, 0x21, 0x34, 0x47, 0x5A, 0x6D, 0x80, 0x92, 0xA5, 0xB8, 0xAC, 0x90, 0x74, 0x58, 0x3C, 0x20, 0x04,
    0x69, 0x85, 0xA1, 0xBC, 0xBD, 0xBD, 0xBD, 0xBD, 0xBD, 0xBD, 0xBD, 0xBD, 0xBD, 0xBD, 0xBD, 0xBD, 0xBD, 0xBD, 0xBD, 0xBD, 0xBC, 0xA1, 0x85, 0x69,
    0x00, 0x00, 0x00, 0x17, 0x31, 0x4A, 0x64, 0x7D, 0x97, 0xB0, 0xB6, 0x9C, 0x83, 0x69, 0x50, 0x36, 0x1D, 0x03, 0x00, 0x00, 0x00, 0x00, 0x00, 0x00,
    0x00, 0x00, 0x00, 0x00, 0x00, 0x00, 0x00, 0x00, 0x00, 0x00, 0x08, 0x1E, 0x35, 0x4B, 0x62, 0x78, 0x8F, 0xA5, 0xBC, 0xAE, 0x97, 0x81, 0x6A, 0x54,
    0x3D, 0x55, 0x6E, 0x87, 0xA0, 0xB9, 0xAE, 0x95, 0x7C, 0x63, 0x4A, 0x31, 0x31, 0x4A, 0x63, 0x7C, 0x95, 0xAE, 0xB9, 0xA0, 0x87, 0x6E, 0x55, 0x3D,
    0x47, 0x63, 0x7F, 0x9B, 0xB7, 0xAC, 0x90, 0x7F, 0x7F, 0x7F, 0x7F, 0x7F, 0x7F, 0x7F, 0x7F, 0x7F, 0x7F, 0x90, 0xAC, 0xB7, 0x9B, 0x7F, 0x63, 0x47,
    0x19, 0x32, 0x4B, 0x61, 0x73, 0x7E, 0x7F, 0x7F, 0x7F, 0x7F, 0x96, 0xB2, 0xB2, 0x96, 0x7F, 0x7F, 0x7F, 0x7F, 0x7E, 0x73, 0x61, 0x4B, 0x32, 0x19,
    0x00, 0x00, 0x06, 0x1A, 0x2D, 0x41, 0x50, 0x5B, 0x5E, 0x59, 0x4E, 0x3D, 0x29, 0x13, 0x1A, 0x35, 0x4F, 0x69, 0x82, 0x98, 0xA1, 0x94, 0x7D, 0x64,
    0x00, 0x00, 0x00, 0x00, 0x00, 0x00, 0x00, 0x00, 0x0D, 0x20, 0x32, 0x45, 0x58, 0x6B, 0x7E, 0x91, 0xA0, 0x9B, 0x87, 0x6E, 0x54, 0x39, 0x1D, 0x02,
    0x64, 0x7D, 0x94, 0xA1, 0xA1, 0xA1, 0xA1, 0xA1, 0xA1, 0xA1, 0xA1, 0xA1, 0xA1, 0xA1, 0xA1, 0xA1, 0xA1, 0xA1, 0xA1, 0xA1, 0xA1, 0x94, 0x7D, 0x64,
    0x00, 0x00, 0x00, 0x0C, 0x25, 0x3F, 0x58, 0x72, 0x8B, 0xA5, 0xBE, 0xA8, 0x8E, 0x75, 0x5B, 0x42, 0x28, 0x0E, 0x00, 0x00, 0x00, 0x00, 0x00, 0x00,
    0x00, 0x00, 0x00, 0x00, 0x00, 0x00, 0x00, 0x00, 0x00, 0x00, 0x00, 0x0E, 0x24, 0x3B, 0x51, 0x68, 0x7E, 0x94, 0xAB, 0xBE, 0xA8, 0x91, 0x7B, 0x62,
    0x49, 0x62, 0x7B, 0x94, 0xAD, 0xBA, 0xA1, 0x88, 0x6F, 0x56, 0x3D, 0x24, 0x24, 0x3D, 0x56, 0x6F, 0x88, 0xA1, 0xBA, 0xAD, 0x94, 0x7B, 0x62, 0x49,
    0x47, 0x63, 0x7F, 0x9B, 0xB7, 0xAC, 0x9B, 0x9B, 0x9B, 0x9B, 0x9B, 0x9B, 0x9B, 0x9B, 0x9B, 0x9B, 0x9B, 0x9B, 0xAC, 0xB7, 0x9B, 0x7F, 0x63, 0x47,
    0x22, 0x3D, 0x57, 0x71, 0x88, 0x99, 0x9B, 0x9B, 0x9B, 0x9B, 0x9B, 0xB2, 0xB2, 0x9B, 0x9B, 0x9B, 0x9B, 0x9B, 0x99, 0x88, 0x71, 0x57, 0x3D, 0x22,
    0x00, 0x00, 0x00, 0x06, 0x19, 0x2A, 0x37, 0x3F, 0x42, 0x3E, 0x35, 0x27, 0x15, 0x01, 0x11, 0x2B, 0x44, 0x5C, 0x71, 0x80, 0x85, 0x7D, 0x6D, 0x57,
    0x00, 0x00, 0x00, 0x00, 0x00, 0x00, 0x00, 0x00, 0x00, 0x0B, 0x1E, 0x31, 0x43, 0x56, 0x69, 0x7B, 0x84, 0x82, 0x74, 0x60, 0x49, 0x30, 0x16, 0x00,
    0x57, 0x6D, 0x7D, 0x85, 0x85, 0x85, 0x85, 0x85, 0x85, 0x85, 0x85, 0x85, 0x85, 0x85, 0x85, 0x85, 0x85, 0x85, 0x85, 0x85, 0x85, 0x7D, 0x6D, 0x57,
    0x00, 0x00, 0x00, 0x00, 0x1A, 0x33, 0x4D, 0x66, 0x80, 0x99, 0xB3, 0xB3, 0x9A, 0x80, 0x67, 0x4D, 0x33, 0x1A, 0x00, 0x00, 0x00, 0x00, 0x00, 0x00,
    0x00, 0x00, 0x00, 0x00, 0x00, 0x00, 0x00, 0x00, 0x00, 0x00, 0x00, 0x00, 0x13, 0x2A, 0x40, 0x57, 0x6D, 0x84, 0x9A, 0xB1, 0xB9, 0xA0, 0x84, 0x69,
    0x56, 0x6F, 0x88, 0xA1, 0xBA, 0xAD, 0x94, 0x7B, 0x62, 0x49, 0x31, 0x18, 0x18, 0x31, 0x49, 0x62, 0x7B, 0x94, 0xAD, 0xBA, 0xA1, 0x88, 0x6F, 0x56,
    0x47, 0x63, 0x7F, 0x9B, 0xB7, 0xB7, 0xB7, 0xB7, 0xB7, 0xB7, 0xB7, 0xB7, 0xB7, 0xB7, 0xB7, 0xB7, 0xB7, 0xB7, 0xB7, 0xB7, 0x9B, 0x7F, 0x63, 0x47,
    0x26, 0x42, 0x5D, 0x79, 0x95, 0xB0, 0xB7, 0xB7, 0xB7, 0xB7, 0xB7, 0xB7, 0xB7, 0xB7, 0xB7, 0xB7, 0xB7, 0xB7, 0xB0, 0x95, 0x79, 0x5D, 0x42, 0x26,
    0x00, 0x00, 0x00, 0x00, 0x03, 0x12, 0x1D, 0x24, 0x26, 0x23, 0x1B, 0x0F, 0x00, 0x00, 0x05, 0x1D, 0x34, 0x49, 0x5A, 0x65, 0x69, 0x64, 0x57, 0x45,
    0x00, 0x00, 0x00, 0x00, 0x00, 0x00, 0x00, 0x00, 0x00, 0x00, 0x09, 0x1C, 0x2F, 0x41, 0x54, 0x62, 0x69, 0x67, 0x5D, 0x4D, 0x39, 0x22, 0x0A, 0x00,
    0x45, 0x57, 0x64, 0x69, 0x69, 0x69, 0x69, 0x69, 0x69, 0x69, 0x69, 0x69, 0x69, 0x69, 0x69, 0x69, 0x69, 0x69, 0x69, 0x69, 0x69, 0x64, 0x57, 0x45,
    0x00, 0x00, 0x00, 0x00, 0x0E, 0x28, 0x41, 0x5B, 0x74, 0x8E, 0xA8, 0xBF, 0xA5, 0x8C, 0x72, 0x58, 0x3D, 0x22, 0x07, 0x00, 0x00, 0x00, 0x00, 0x00,
    0x00, 0x00, 0x00, 0x00, 0x00, 0x00, 0x00, 0x00, 0x00, 0x00, 0x00, 0x00, 0x03, 0x19, 0x30, 0x46, 0x5D, 0x73, 0x89, 0xA0, 0xAC, 0x9B, 0x82, 0x67,
    0x63, 0x7C, 0x95, 0xAE, 0xB9, 0xA0, 0x87, 0x6E, 0x55, 0x3D, 0x24, 0x0B, 0x0B, 0x24, 0x3D, 0x55, 0x6E, 0x87, 0xA0, 0xB9, 0xAE, 0x95, 0x7C, 0x63,
    0x46, 0x61, 0x7D, 0x96, 0xAB, 0xAC, 0xAC, 0xAC, 0xAC, 0xAC, 0xAC, 0xAC, 0xAC, 0xAC, 0xAC, 0xAC, 0xAC, 0xAC, 0xAC, 0xAB, 0x96, 0x7D, 0x61, 0x46,
    0x25, 0x40, 0x5C, 0x77, 0x91, 0xA8, 0xAC, 0xAC, 0xAC, 0xAC, 0xAC, 0xAC, 0xAC, 0xAC, 0xAC, 0xAC, 0xAC, 0xAC, 0xA8, 0x91, 0x77, 0x5C, 0x40, 0x25,
    0x00, 0x00, 0x00, 0x00, 0x00, 0x00, 0x02, 0x08, 0x0A, 0x07, 0x01, 0x00, 0x00, 0x00, 0x00, 0x0D, 0x21, 0x33, 0x41, 0x4A, 0x4D, 0x49, 0x3F, 0x30,
    0x00, 0x00, 0x00, 0x00, 0x00, 0x00, 0x00, 0x00, 0x00, 0x00, 0x00, 0x07, 0x1A, 0x2C, 0x3C, 0x47, 0x4D, 0x4B, 0x44, 0x36, 0x25, 0x11, 0x00, 0x00,
    0x30, 0x3F, 0x49, 0x4D, 0x4D, 0x4D, 0x4D, 0x4D, 0x4D, 0x4D, 0x4D, 0x4D, 0x4D, 0x4D, 0x4D, 0x4D, 0x4D, 0x4D, 0x4D, 0x4D, 0x4D, 0x49, 0x3F, 0x30,
    0x00, 0x00, 0x00, 0x00, 0x03, 0x1C, 0x36, 0x4F, 0x69, 0x82, 0x9C, 0xB6, 0xB1, 0x95, 0x7A, 0x5E, 0x42, 0x26, 0x0A, 0x00, 0x00, 0x00, 0x00, 0x00,
    0x00, 0x00, 0x00, 0x00, 0x00, 0x00, 0x00, 0x00, 0x00, 0x00, 0x00, 0x00, 0x00, 0x08, 0x1F, 0x35, 0x4C, 0x62, 0x78, 0x8A, 0x90, 0x87, 0x74, 0x5D,
    0x69, 0x85, 0xA0, 0xBB, 0xAC, 0x93, 0x7A, 0x62, 0x49, 0x30, 0x17, 0x00, 0x00, 0x17, 0x30, 0x49, 0x62, 0x7A, 0x93, 0xAC, 0xBB, 0xA0, 0x85, 0x69,
    0x3E, 0x58, 0x70, 0x84, 0x90, 0x90, 0x90, 0x90, 0x90, 0x90, 0x90, 0x90, 0x90, 0x90, 0x90, 0x90, 0x90, 0x90, 0x90, 0x90, 0x84, 0x70, 0x58, 0x3E,
    0x1F, 0x39, 0x53, 0x6B, 0x80, 0x8E, 0x90, 0x90, 0x90, 0x90, 0x90, 0x90, 0x90, 0x90, 0x90, 0x90, 0x90, 0x90, 0x8E, 0x80, 0x6B, 0x53, 0x39, 0x1F,
    0x00, 0x00, 0x00, 0x00, 0x00, 0x00, 0x00, 0x00, 0x00, 0x00, 0x00, 0x00, 0x00, 0x00, 0x00, 0x00, 0x0C, 0x1C, 0x27, 0x2F, 0x31, 0x2E, 0x25, 0x19,
    0x00, 0x00, 0x00, 0x00, 0x00, 0x00, 0x00, 0x00, 0x00, 0x00, 0x00, 0x00, 0x05, 0x16, 0x23, 0x2C, 0x31, 0x30, 0x29, 0x1E, 0x0F, 0x00, 0x00, 0x00,
    0x19, 0x25, 0x2E, 0x31, 0x31, 0x31, 0x31, 0x31, 0x31, 0x31, 0x31, 0x31, 0x31, 0x31, 0x31, 0x31, 0x31, 0x31, 0x31, 0x31, 0x31, 0x2E, 0x25, 0x19,
    0x00, 0x00, 0x00, 0x00, 0x00, 0x11, 0x2A, 0x44, 0x5D, 0x77, 0x91, 0xA6, 0xA6, 0x91, 0x77, 0x5B, 0x40, 0x24, 0x09, 0x00, 0x00, 0x00, 0x00, 0x00,
    0x00, 0x00, 0x00, 0x00, 0x00, 0x00, 0x00, 0x00, 0x00, 0x00, 0x00, 0x00, 0x00, 0x00, 0x0E, 0x25, 0x3B, 0x51, 0x63, 0x70, 0x74, 0x6E, 0x60, 0x4D,
    0x66, 0x81, 0x9A, 0xAA, 0x9E, 0x87, 0x6E, 0x55, 0x3C, 0x23, 0x0A, 0x00, 0x00, 0x0A, 0x23, 0x3C, 0x55, 0x6E, 0x87, 0x9E, 0xAA, 0x9A, 0x81, 0x66,
    0x32, 0x48, 0x5D, 0x6C, 0x74, 0x74, 0x74, 0x74, 0x74, 0x74, 0x74, 0x74, 0x74, 0x74, 0x74, 0x74, 0x74, 0x74, 0x74, 0x74, 0x6C, 0x5D, 0x48, 0x32,
    0x14, 0x2D, 0x44, 0x59, 0x69, 0x73, 0x74, 0x74, 0x74, 0x74, 0x74, 0x74, 0x74, 0x74, 0x74, 0x74, 0x74, 0x74, 0x73, 0x69, 0x59, 0x44, 0x2D, 0x14,
    0x00, 0x00, 0x00, 0x00, 0x00, 0x00, 0x00, 0x00, 0x00, 0x00, 0x00, 0x00, 0x00, 0x00, 0x00, 0x00, 0x00, 0x03, 0x0D, 0x13, 0x15, 0x12, 0x0B, 0x00,
    0x00, 0x00, 0x00, 0x00, 0x00, 0x00, 0x00, 0x00, 0x00, 0x00, 0x00, 0x00, 0x00, 0x00, 0x09, 0x11, 0x15, 0x14, 0x0F, 0x05, 0x00, 0x00, 0x00, 0x00,
    0x00, 0x0B, 0x12, 0x15, 0x15, 0x15, 0x15, 0x15, 0x15, 0x15, 0x15, 0x15, 0x15, 0x15, 0x15, 0x15, 0x15, 0x15, 0x15, 0x15, 0x15, 0x12, 0x0B, 0x00,
    0x00, 0x00, 0x00, 0x00, 0x00, 0x05, 0x1F, 0x38, 0x52, 0x6A, 0x7F, 0x8C, 0x8C, 0x7F, 0x6A, 0x52, 0x38, 0x1E, 0x03, 0x00, 0x00, 0x00, 0x00, 0x00,
    0x00, 0x00, 0x00, 0x00, 0x00, 0x00, 0x00, 0x00, 0x00, 0x00, 0x00, 0x00, 0x00, 0x00, 0x00, 0x14, 0x29, 0x3C, 0x4B, 0x55, 0x58, 0x54, 0x49, 0x39,
    0x5C, 0x73, 0x85, 0x8E, 0x88, 0x77, 0x61, 0x48, 0x2F, 0x16, 0x00, 0x00, 0x00, 0x00, 0x16, 0x2F, 0x48, 0x61, 0x77, 0x88, 0x8E, 0x85, 0x73, 0x5C,
    0x21, 0x35, 0x46, 0x52, 0x58, 0x58, 0x58, 0x58, 0x58, 0x58, 0x58, 0x58, 0x58, 0x58, 0x58, 0x58, 0x58, 0x58, 0x58, 0x58, 0x52, 0x46, 0x35, 0x21,
    0x06, 0x1D, 0x31, 0x43, 0x50, 0x57, 0x58, 0x58, 0x58, 0x58, 0x58, 0x58, 0x58, 0x58, 0x58, 0x58, 0x58, 0x58, 0x57, 0x50, 0x43, 0x31, 0x1D, 0x06,
    0x00, 0x00, 0x00, 0x00, 0x00, 0x00, 0x00, 0x00, 0x00, 0x00, 0x00, 0x00, 0x00, 0x00, 0x00, 0x00, 0x00, 0x00, 0x00, 0x00, 0x00, 0x00, 0x00, 0x00,
    0x00, 0x00, 0x00, 0x00, 0x00, 0x00, 0x00, 0x00, 0x00, 0x00, 0x00, 0x00, 0x00, 0x00, 0x00, 0x00, 0x00, 0x00, 0x00, 0x00, 0x00, 0x00, 0x00, 0x00,
    0x00, 0x00, 0x00, 0x00, 0x00, 0x00, 0x00, 0x00, 0x00, 0x00, 0x00, 0x00, 0x00, 0x00, 0x00, 0x00, 0x00, 0x00, 0x00, 0x00, 0x00, 0x00, 0x00, 0x00,
    0x00, 0x00, 0x00, 0x00, 0x00, 0x00, 0x13, 0x2C, 0x43, 0x57, 0x67, 0x71, 0x71, 0x67, 0x57, 0x43, 0x2C, 0x13, 0x00, 0x00, 0x00, 0x00, 0x00, 0x00,
    0x00, 0x00, 0x00, 0x00, 0x00, 0x00, 0x00, 0x00, 0x00, 0x00, 0x00, 0x00, 0x00, 0x00, 0x00, 0x02, 0x15, 0x25, 0x32, 0x3A, 0x3C, 0x39, 0x30, 0x22,
    0x4B, 0x5E, 0x6C, 0x72, 0x6E, 0x62, 0x4F, 0x3A, 0x22, 0x09, 0x00, 0x00, 0x00, 0x00, 0x09, 0x22, 0x3A, 0x4F, 0x62, 0x6E, 0x72, 0x6C, 0x5E, 0x4B,
    0x0D, 0x1F, 0x2D, 0x37, 0x3C, 0x3C, 0x3C, 0x3C, 0x3C, 0x3C, 0x3C, 0x3C, 0x3C, 0x3C, 0x3C, 0x3C, 0x3C, 0x3C, 0x3C, 0x3C, 0x37, 0x2D, 0x1F, 0x0D,
    0x00, 0x0A, 0x1C, 0x2B, 0x36, 0x3B, 0x3C, 0x3C, 0x3C, 0x3C, 0x3C, 0x3C, 0x3C, 0x3C, 0x3C, 0x3C, 0x3C, 0x3C, 0x3B, 0x36, 0x2B, 0x1C, 0x0A, 0x00,
    0x00, 0x00, 0x00, 0x00, 0x00, 0x00, 0x00, 0x00, 0x00, 0x00, 0x00, 0x00, 0x00, 0x00, 0x00, 0x00, 0x00, 0x00, 0x00, 0x00, 0x00, 0x00, 0x00, 0x00,
    0x00, 0x00, 0x00, 0x00, 0x00, 0x00, 0x00, 0x00, 0x00, 0x00, 0x00, 0x00, 0x00, 0x00, 0x00, 0x00, 0x00, 0x00, 0x00, 0x00, 0x00, 0x00, 0x00, 0x00,
    0x00, 0x00, 0x00, 0x00, 0x00, 0x00, 0x00, 0x00, 0x00, 0x00, 0x00, 0x00, 0x00, 0x00, 0x00, 0x00, 0x00, 0x00, 0x00, 0x00, 0x00, 0x00, 0x00, 0x00,
    0x00, 0x00, 0x00, 0x00, 0x00, 0x00, 0x05, 0x1B, 0x30, 0x41, 0x4E, 0x55, 0x55, 0x4E, 0x41, 0x30, 0x1B, 0x05, 0x00, 0x00, 0x00, 0x00, 0x00, 0x00,
    0x00, 0x00, 0x00, 0x00, 0x00, 0x00, 0x00, 0x00, 0x00, 0x00, 0x00, 0x00, 0x00, 0x00, 0x00, 0x00, 0x00, 0x0D, 0x18, 0x1E, 0x20, 0x1D, 0x16, 0x0A,
    0x37, 0x47, 0x52, 0x56, 0x53, 0x49, 0x3A, 0x28, 0x13, 0x00, 0x00, 0x00, 0x00, 0x00, 0x00, 0x13, 0x28, 0x3A, 0x49, 0x53, 0x56, 0x52, 0x47, 0x37,
    0x00, 0x07, 0x14, 0x1C, 0x20, 0x20, 0x20, 0x20, 0x20, 0x20, 0x20, 0x20, 0x20, 0x20, 0x20, 0x20, 0x20, 0x20, 0x20, 0x20, 0x1C, 0x14, 0x07, 0x00,
    0x00, 0x00, 0x05, 0x12, 0x1B, 0x20, 0x20, 0x20, 0x20, 0x20, 0x20, 0x20, 0x20, 0x20, 0x20, 0x20, 0x20, 0x20, 0x20, 0x1B, 0x12, 0x05, 0x00, 0x00,
    0x00, 0x00, 0x00, 0x00, 0x00, 0x00, 0x00, 0x00, 0x00, 0x00, 0x00, 0x00, 0x00, 0x00, 0x00, 0x00, 0x00, 0x00, 0x00, 0x00, 0x00, 0x00, 0x00, 0x00,
    0x00, 0x00, 0x00, 0x00, 0x00, 0x00, 0x00, 0x00, 0x00, 0x00, 0x00, 0x00, 0x00, 0x00, 0x00, 0x00, 0x00, 0x00, 0x00, 0x00, 0x00, 0x00, 0x00, 0x00,
    0x00, 0x00, 0x00, 0x00, 0x00, 0x00, 0x00, 0x00, 0x00, 0x00, 0x00, 0x00, 0x00, 0x00, 0x00, 0x00, 0x00, 0x00, 0x00, 0x00, 0x00, 0x00, 0x00, 0x00,
    0x00, 0x00, 0x00, 0x00, 0x00, 0x00, 0x00, 0x08, 0x1A, 0x29, 0x34, 0x39, 0x39, 0x34, 0x29, 0x1A, 0x08, 0x00, 0x00, 0x00, 0x00, 0x00, 0x00, 0x00,
    0x00, 0x00, 0x00, 0x00, 0x00, 0x00, 0x00, 0x00, 0x00, 0x00, 0x00, 0x00, 0x00, 0x00, 0x00, 0x00, 0x00, 0x00, 0x00, 0x03, 0x04, 0x02, 0x00, 0x00,
    0x20, 0x2E, 0x37, 0x3A, 0x38, 0x30, 0x23, 0x13, 0x00, 0x00, 0x00, 0x00, 0x00, 0x00, 0x00, 0x00, 0x13, 0x23, 0x30, 0x38, 0x3A, 0x37, 0x2E, 0x20,
    0x00, 0x00, 0x00, 0x01, 0x04, 0x04, 0x04, 0x04, 0x04, 0x04, 0x04, 0x04, 0x04, 0x04, 0x04, 0x04, 0x04, 0x04, 0x04, 0x04, 0x01, 0x00, 0x00, 0x00,
    0x00, 0x00, 0x00, 0x00, 0x00, 0x04, 0x04, 0x04, 0x04, 0x04, 0x04, 0x04, 0x04, 0x04, 0x04, 0x04, 0x04, 0x04, 0x04, 0x00, 0x00, 0x00, 0x00, 0x00,
    0x00, 0x00, 0x00, 0x01, 0x04, 0x04, 0x04, 0x04, 0x04, 0x04, 0x04, 0x04, 0x04, 0x04, 0x04, 0x04, 0x04, 0x04, 0x04, 0x04, 0x01, 0x00, 0x00, 0x00,
    0x00, 0x00, 0x00, 0x01, 0x04, 0x04, 0x04, 0x04, 0x04, 0x04, 0x04, 0x04, 0x04, 0x04, 0x04, 0x04, 0x04, 0x04, 0x04, 0x04, 0x01, 0x00, 0x00, 0x00,
    0x00, 0x00, 0x00, 0x01, 0x04, 0x03, 0x00, 0x00, 0x00, 0x00, 0x00, 0x00, 0x00, 0x00, 0x00, 0x00, 0x00, 0x00, 0x03, 0x04, 0x01, 0x00, 0x00, 0x00,
    0x00, 0x00, 0x00, 0x01, 0x04, 0x04, 0x04, 0x04, 0x04, 0x04, 0x04, 0x04, 0x04, 0x04, 0x04, 0x04, 0x04, 0x04, 0x04, 0x04, 0x01, 0x00, 0x00, 0x00,
    0x00, 0x00, 0x00, 0x01, 0x04, 0x04, 0x04, 0x04, 0x04, 0x04, 0x04, 0x04, 0x04, 0x04, 0x04, 0x04, 0x04, 0x04, 0x04, 0x04, 0x01, 0x00, 0x00, 0x00,
    0x00, 0x00, 0x00, 0x01, 0x04, 0x04, 0x04, 0x04, 0x04, 0x04, 0x04, 0x04, 0x04, 0x04, 0x04, 0x04, 0x04, 0x04, 0x04, 0x04, 0x01, 0x00, 0x00, 0x00,
    0x00, 0x00, 0x00, 0x01, 0x04, 0x04, 0x04, 0x04, 0x04, 0x04, 0x04, 0x04, 0x04, 0x04, 0x04, 0x04, 0x04, 0x04, 0x04, 0x04, 0x01, 0x00, 0x00, 0x00,
    0x00, 0x00, 0x00, 0x01, 0x04, 0x04, 0x04, 0x04, 0x04, 0x04, 0x04, 0x04, 0x04, 0x04, 0x04, 0x04, 0x04, 0x04, 0x04, 0x04, 0x01, 0x00, 0x00, 0x00,
    0x00, 0x07, 0x14, 0x1C, 0x20, 0x20, 0x20, 0x20, 0x20, 0x20, 0x20, 0x20, 0x20, 0x20, 0x20, 0x20, 0x20, 0x20, 0x20, 0x20, 0x1C, 0x14, 0x07, 0x00,
    0x00, 0x07, 0x14, 0x1C, 0x20, 0x20, 0x20, 0x20, 0x20, 0x20, 0x20, 0x20, 0x20, 0x20, 0x20, 0x20, 0x20, 0x20, 0x20, 0x20, 0x1C, 0x14, 0x07, 0x00,
    0x00, 0x07, 0x14, 0x1C, 0x20, 0x1F, 0x19, 0x0F, 0x02, 0x00, 0x00, 0x00, 0x00, 0x00, 0x00, 0x02, 0x0F, 0x19, 0x1F, 0x20, 0x1C, 0x14, 0x07, 0x00,
    0x00, 0x07, 0x14, 0x1C, 0x20, 0x20, 0x20, 0x20, 0x20, 0x20, 0x20, 0x20, 0x20, 0x20, 0x20, 0x20, 0x20, 0x20, 0x20, 0x20, 0x1C, 0x14, 0x07, 0x00,
    0x00, 0x07, 0x14, 0x1C, 0x20, 0x20, 0x20, 0x20, 0x20, 0x20, 0x20, 0x20, 0x20, 0x20, 0x20, 0x20, 0x20, 0x20, 0x20, 0x20, 0x1C, 0x14, 0x07, 0x00,
    0x00, 0x07, 0x14, 0x1C, 0x20, 0x20, 0x20, 0x20, 0x20, 0x20, 0x20, 0x20, 0x20, 0x20, 0x20, 0x20, 0x20, 0x20, 0x20, 0x20, 0x1C, 0x14, 0x07, 0x00,
    0x00, 0x07, 0x14, 0x1C, 0x20, 0x20, 0x20, 0x20, 0x20, 0x20, 0x20, 0x20, 0x20, 0x20, 0x20, 0x20, 0x20, 0x20, 0x20, 0x20, 0x1C, 0x14, 0x07, 0x00,
    0x00, 0x07, 0x14, 0x1C, 0x20, 0x20, 0x20, 0x20, 0x20, 0x20, 0x20, 0x20, 0x20, 0x20, 0x20, 0x20, 0x20, 0x20, 0x20, 0x20, 0x1C, 0x14, 0x07, 0x00,
    0x0D, 0x1F, 0x2D, 0x37, 0x3C, 0x3C, 0x3C, 0x3C, 0x3C, 0x3C, 0x3C, 0x3C, 0x3C, 0x3C, 0x3C, 0x3C, 0x3C, 0x3C, 0x3C, 0x3C, 0x37, 0x2D, 0x1F, 0x0D,
    0x0D, 0x1F, 0x2D, 0x37, 0x3C, 0x3C, 0x3C, 0x3C, 0x3C, 0x3C, 0x3C, 0x3C, 0x3C, 0x3C, 0x3C, 0x3C, 0x3C, 0x3C, 0x3C, 0x3C, 0x37, 0x2D, 0x1F, 0x0D,
    0x0D, 0x1F, 0x2D, 0x37, 0x3C, 0x3B, 0x34, 0x28, 0x18, 0x06, 0x00, 0x00, 0x00, 0x00, 0x06, 0x18, 0x28, 0x34, 0x3B, 0x3C, 0x37, 0x2D, 0x1F, 0x0D,
    0x0D, 0x1F, 0x2D, 0x37, 0x3C, 0x3C, 0x3C, 0x3C, 0x3C, 0x3C, 0x3C, 0x3C, 0x3C, 0x3C, 0x3C, 0x3C, 0x3C, 0x3C, 0x3C, 0x3C, 0x37, 0x2D, 0x1F, 0x0D,
    0x0D, 0x1F, 0x2D, 0x37, 0x3C, 0x3C, 0x3C, 0x3C, 0x3C, 0x3C, 0x3C, 0x3C, 0x3C, 0x3C, 0x3C, 0x3C, 0x3C, 0x3C, 0x3C, 0x3C, 0x37, 0x2D, 0x1F, 0x0D,
    0x0D, 0x1F, 0x2D, 0x37, 0x3C, 0x3C, 0x3C, 0x3C, 0x3C, 0x3C, 0x3C, 0x3C, 0x3C, 0x3C, 0x3C, 0x3C, 0x3C, 0x3C, 0x3C, 0x3C, 0x37, 0x2D, 0x1F, 0x0D,
    0x0D, 0x1F, 0x2D, 0x37, 0x3C, 0x3C, 0x3C, 0x3C, 0x3C, 0x3C, 0x3C, 0x3C, 0x3C, 0x3C, 0x3C, 0x3C, 0x3C, 0x3C, 0x3C, 0x3C, 0x37, 0x2D, 0x1F, 0x0D,
    0x0D, 0x1F, 0x2D, 0x37, 0x3C, 0x3C, 0x3C, 0x3C, 0x3C, 0x3C, 0x3C, 0x3C, 0x3C, 0x3C, 0x3C, 0x3C, 0x3C, 0x3C, 0x3C, 0x3C, 0x37, 0x2D, 0x1F, 0x0D,
    0x21, 0x35, 0x46, 0x52, 0x58, 0x58, 0x58, 0x58, 0x58, 0x58, 0x58, 0x58, 0x58, 0x58, 0x58, 0x58, 0x58, 0x58, 0x58, 0x58, 0x52, 0x46, 0x35, 0x21,
    0x21, 0x35, 0x46, 0x52, 0x58, 0x58, 0x58, 0x58, 0x58, 0x58, 0x58, 0x58, 0x58, 0x58, 0x58, 0x58, 0x58, 0x58, 0x58, 0x58, 0x52, 0x46, 0x35, 0x21,
    0x21, 0x35, 0x46, 0x52, 0x58, 0x56, 0x4E, 0x40, 0x2D, 0x18, 0x02, 0x00, 0x00, 0x02, 0x18, 0x2D, 0x40, 0x4E, 0x56, 0x58, 0x52, 0x46, 0x35, 0x21,
    0x21, 0x35, 0x46, 0x52, 0x58, 0x58, 0x58, 0x58, 0x58, 0x58, 0x58, 0x58, 0x58, 0x58, 0x58, 0x58, 0x58, 0x58, 0x58, 0x58, 0x52, 0x46, 0x35, 0x21,
    0x21, 0x35, 0x46, 0x52, 0x58, 0x58, 0x58, 0x58, 0x58, 0x58, 0x58, 0x58, 0x58, 0x58, 0x58, 0x58, 0x58, 0x58, 0x58, 0x58, 0x52, 0x46, 0x35, 0x21,
    0x21, 0x35, 0x46, 0x52, 0x58, 0x58, 0x58, 0x58, 0x58, 0x58, 0x58, 0x58, 0x58, 0x58, 0x58, 0x58, 0x58, 0x58, 0x58, 0x58, 0x52, 0x46, 0x35, 0x21,
    0x21, 0x35, 0x46, 0x52, 0x58, 0x58, 0x58, 0x58, 0x58, 0x58, 0x58, 0x58, 0x58, 0x58, 0x58, 0x58, 0x58, 0x58, 0x58, 0x58, 0x52, 0x46, 0x35, 0x21,
    0x21, 0x35, 0x46, 0x52, 0x58, 0x58, 0x58, 0x58, 0x58, 0x58, 0x58, 0x58, 0x58, 0x58, 0x58, 0x58, 0x58, 0x58, 0x58, 0x58, 0x52, 0x46, 0x35, 0x21,
    0x32, 0x48, 0x5D, 0x6C, 0x74, 0x74, 0x74, 0x74, 0x74, 0x74, 0x74, 0x74, 0x74, 0x74, 0x74, 0x74, 0x74, 0x74, 0x74, 0x74, 0x6C, 0x5D, 0x48, 0x32,
    0x32, 0x48, 0x5D, 0x6C, 0x74, 0x74, 0x74, 0x74, 0x74, 0x74, 0x74, 0x74, 0x74, 0x74, 0x74, 0x74, 0x74, 0x74, 0x74, 0x74, 0x6C, 0x5D, 0x48, 0x32,
    0x32, 0x48, 0x5D, 0x6C, 0x74, 0x72, 0x67, 0x55, 0x40, 0x28, 0x0F, 0x00, 0x00, 0x0F, 0x28, 0x40, 0x55, 0x67, 0x72, 0x74, 0x6C, 0x5D, 0x48, 0x32,
    0x32, 0x48, 0x5D, 0x6C, 0x74, 0x74, 0x74, 0x74, 0x74, 0x74, 0x74, 0x74, 0x74, 0x74, 0x74, 0x74, 0x74, 0x74, 0x74, 0x74, 0x6C, 0x5D, 0x48, 0x32,
    0x32, 0x48, 0x5D, 0x6C, 0x74, 0x74, 0x74, 0x74, 0x74, 0x74, 0x74, 0x74, 0x74, 0x74, 0x74, 0x74, 0x74, 0x74, 0x74, 0x74, 0x6C, 0x5D, 0x48, 0x32,
    0x32, 0x48, 0x5D, 0x6C, 0x74, 0x74, 0x74, 0x74, 0x74, 0x74, 0x74, 0x74, 0x74, 0x74, 0x74, 0x74, 0x74, 0x74, 0x74, 0x74, 0x6C, 0x5D, 0x48, 0x32,
    0x32, 0x48, 0x5D, 0x6C, 0x74, 0x74, 0x74, 0x74, 0x74, 0x74, 0x74, 0x74, 0x74, 0x74, 0x74, 0x74, 0x74, 0x74, 0x74, 0x74, 0x6C, 0x5D, 0x48, 0x32,
    0x32, 0x48, 0x5D, 0x6C, 0x74, 0x74, 0x74, 0x74, 0x74, 0x74, 0x74, 0x74, 0x74, 0x74, 0x74, 0x74, 0x74, 0x74, 0x74, 0x74, 0x6C, 0x5D, 0x48, 0x32,
    0x3E, 0x58, 0x70, 0x84, 0x90, 0x90, 0x90, 0x90, 0x90, 0x90, 0x90, 0x90, 0x90, 0x90, 0x90, 0x90, 0x90, 0x90, 0x90, 0x90, 0x84, 0x70, 0x58, 0x3E,
    0x3E, 0x58, 0x70, 0x84, 0x90, 0x90, 0x90, 0x90, 0x90, 0x90, 0x90, 0x90, 0x90, 0x90, 0x90, 0x90, 0x90, 0x90, 0x90, 0x90, 0x84, 0x70, 0x58, 0x3E,
    0x3E, 0x58, 0x70, 0x84, 0x90, 0x8C, 0x7D, 0x67, 0x4E, 0x34, 0x19, 0x00, 0x00, 0x19, 0x34, 0x4E, 0x67, 0x7D, 0x8C, 0x90, 0x84, 0x70, 0x58, 0x3E,
    0x3E, 0x58, 0x70, 0x84, 0x90, 0x90, 0x90, 0x90, 0x90, 0x90, 0x90, 0x90, 0x90, 0x90, 0x90, 0x90, 0x90, 0x90, 0x90, 0x90, 0x84, 0x70, 0x58, 0x3E,
    0x3E, 0x58, 0x70, 0x84, 0x90, 0x90, 0x90, 0x90, 0x90, 0x90, 0x90, 0x90, 0x90, 0x90, 0x90, 0x90, 0x90, 0x90, 0x90, 0x90, 0x84, 0x70, 0x58, 0x3E,
    0x3E, 0x58, 0x70, 0x84, 0x90, 0x90, 0x90, 0x90, 0x90, 0x90, 0x90, 0x90, 0x90, 0x90, 0x90, 0x90, 0x90, 0x90, 0x90, 0x90, 0x84, 0x70, 0x58, 0x3E,
    0x3E, 0x58, 0x70, 0x84, 0x90, 0x90, 0x90, 0x90, 0x90, 0x90, 0x90, 0x90, 0x90, 0x90, 0x90, 0x90, 0x90, 0x90, 0x90, 0x90, 0x84, 0x70, 0x58, 0x3E,
    0x3E, 0x58, 0x70, 0x84, 0x90, 0x90, 0x90, 0x90, 0x90, 0x90, 0x90, 0x90, 0x90, 0x90, 0x90, 0x90, 0x90, 0x90, 0x90, 0x90, 0x84, 0x70, 0x58, 0x3E,
    0x46, 0x61, 0x7D, 0x96, 0xAB, 0xAC, 0xAC, 0xAC, 0xAC, 0xAC, 0xAC, 0xAC, 0xAC, 0xAC, 0xAC, 0xAC, 0xAC, 0xAC, 0xAC, 0xAB, 0x96, 0x7D, 0x61, 0x46,
    0x46, 0x61, 0x7D, 0x96, 0xAB, 0xAC, 0xAC, 0xAC, 0xAC, 0xAC, 0xAC, 0xAC, 0xAC, 0xAC, 0xAC, 0xAC, 0xAC, 0xAC, 0xAC, 0xAB, 0x96, 0x7D, 0x61, 0x46,
    0x46, 0x61, 0x7D, 0x96, 0xAB, 0xA4, 0x8C, 0x72, 0x56, 0x3B, 0x1F, 0x03, 0x03, 0x1F, 0x3B, 0x56, 0x72, 0x8C, 0xA4, 0xAB, 0x96, 0x7D, 0x61, 0x46,
    0x46, 0x61, 0x7D, 0x96, 0xAB, 0xAC, 0xAC, 0xAC, 0xAC, 0xAC, 0xAC, 0xAC, 0xAC, 0xAC, 0xAC, 0xAC, 0xAC, 0xAC, 0xAC, 0xAB, 0x96, 0x7D, 0x61, 0x46,
    0x46, 0x61, 0x7D, 0x96, 0xAB, 0xAC, 0xAC, 0xAC, 0xAC, 0xAC, 0xAC, 0xAC, 0xAC, 0xAC, 0xAC, 0xAC, 0xAC, 0xAC, 0xAC, 0xAB, 0x96, 0x7D, 0x61, 0x46,
    0x46, 0x61, 0x7D, 0x96, 0xAB, 0xAC, 0xAC, 0xAC, 0xAC, 0xAC, 0xAC, 0xAC, 0xAC, 0xAC, 0xAC, 0xAC, 0xAC, 0xAC, 0xAC, 0xAB, 0x96, 0x7D, 0x61, 0x46,
    0x46, 0x61, 0x7D, 0x96, 0xAB, 0xAC, 0xAC, 0xAC, 0xAC, 0xAC, 0xAC, 0xAC, 0xAC, 0xAC, 0xAC, 0xAC, 0xAC, 0xAC, 0xAC, 0xAB, 0x96, 0x7D, 0x61, 0x46,
    0x46, 0x61, 0x7D, 0x96, 0xAB, 0xAC, 0xAC, 0xAC, 0xAC, 0xAC, 0xAC, 0xAC, 0xAC, 0xAC, 0xAC, 0xAC, 0xAC, 0xAC, 0xAC, 0xAB, 0x96, 0x7D, 0x61, 0x46,
    0x47, 0x63, 0x7F, 0x9A, 0xB4, 0xB7, 0xB7, 0xB7, 0xB7, 0xB7, 0xB7, 0xB7, 0xB7, 0xB7, 0xB7, 0xB7, 0xB7, 0xB7, 0xB7, 0xB7, 0x9B, 0x7F, 0x63, 0x47,
    0x47, 0x63, 0x7F, 0x9A, 0xB4, 0xB7, 0xB7, 0xB7, 0xB7, 0xB7, 0xB7, 0xB7, 0xB7, 0xB7, 0xB7, 0xB7, 0xB7, 0xB7, 0xB7, 0xB7, 0x9B, 0x7F, 0x63, 0x47,
    0x47, 0x63, 0x7F, 0x9B, 0xB7, 0xAC, 0x90, 0x74, 0x58, 0x3C, 0x20, 0x04, 0x04, 0x20, 0x3C, 0x58, 0x74, 0x90, 0xAC, 0xB7, 0x9B, 0x7F, 0x63, 0x47,
    0x47, 0x63, 0x7F, 0x9B, 0xB7, 0xB7, 0xB7, 0xB7, 0xB7, 0xB7, 0xB7, 0xB7, 0xB7, 0xB7, 0xB7, 0xB7, 0xB7, 0xB7, 0xB7, 0xB4, 0x9A, 0x7F, 0x63, 0x47,
    0x47, 0x63, 0x7F, 0x9B, 0xB7, 0xB7, 0xB7, 0xB7, 0xB7, 0xB7, 0xB7, 0xB7, 0xB7, 0xB7, 0xB7, 0xB7, 0xB7, 0xB7, 0xB7, 0xB4, 0x9A, 0x7F, 0x63, 0x47,
    0x47, 0x63, 0x7F, 0x9A, 0xB4, 0xB7, 0xB7, 0xB7, 0xB7, 0xB7, 0xB7, 0xB7, 0xB7, 0xB7, 0xB7, 0xB7, 0xB7, 0xB7, 0xB7, 0xB5, 0x9A, 0x7F, 0x63, 0x47,
    0x47, 0x63, 0x7F, 0x9B, 0xB7, 0xB7, 0xB7, 0xB7, 0xB7, 0xB7, 0xB7, 0xB7, 0xB7, 0xB7, 0xB7, 0xB7, 0xB7, 0xB7, 0xB7, 0xB7, 0x9B, 0x7F, 0x63, 0x47,
    0x47, 0x63, 0x7F, 0x9B, 0xB7, 0xB7, 0xB7, 0xB7, 0xB7, 0xB7, 0xB7, 0xB7, 0xB7, 0xB7, 0xB7, 0xB7, 0xB7, 0xB7, 0xB7, 0xB7, 0x9B, 0x7F, 0x63, 0x47,
    0x42, 0x5D, 0x76, 0x8C, 0x9A, 0x9B, 0x9B, 0x9B, 0x9B, 0x9B, 0x9B, 0x9B, 0x9B, 0x9B, 0x9B, 0x9B, 0x9B, 0x9B, 0xAC, 0xB7, 0x9B, 0x7F, 0x63, 0x47,
    0x42, 0x5D, 0x76, 0x8C, 0x9A, 0x9B, 0x9B, 0x9B, 0x9B, 0x9B, 0x9B, 0x9B, 0x9B, 0x9B, 0x9B, 0x9B, 0x9B, 0x9B, 0xAC, 0xB7, 0x9B, 0x7F, 0x63, 0x47,
    0x47, 0x63, 0x7F, 0x9B, 0xB7, 0xAC, 0x90, 0x74, 0x58, 0x3C, 0x20, 0x04, 0x04, 0x20, 0x3C, 0x58, 0x74, 0x90, 0xAC, 0xB7, 0x9B, 0x7F, 0x63, 0x47,
    0x47, 0x63, 0x7F, 0x9B, 0xB7, 0xAC, 0x9B, 0x9B, 0x9B, 0x9B, 0x9B, 0x9B, 0x9B, 0x9B, 0x9B, 0x9B, 0x9B, 0x9B, 0x9B, 0x9A, 0x8C, 0x76, 0x5D, 0x42,
    0x47, 0x63, 0x7F, 0x9B, 0xB7, 0xAC, 0x9B, 0x9B, 0x9B, 0x9B, 0x9B, 0x9B, 0x9B, 0x9B, 0x9B, 0x9B, 0x9B, 0x9B, 0x9B, 0x9A, 0x8C, 0x76, 0x5D, 0x42,
    0x42, 0x5D, 0x76, 0x8C, 0x9A, 0x9B, 0x9B, 0x9B, 0x9B, 0x9B, 0x9B, 0x9B, 0x9B, 0x9B, 0x9B, 0x9B, 0x9B, 0x9C, 0xB7, 0xAE, 0x93, 0x78, 0x5D, 0x42,
    0x47, 0x63, 0x7F, 0x9B, 0xB7, 0xAC, 0x9B, 0x9B, 0x9B, 0x9B, 0x9B, 0x9B, 0x9B, 0x9B, 0x9B, 0x9B, 0x9B, 0x9B, 0xAC, 0xB7, 0x9B, 0x7F, 0x63, 0x47,
    0x47, 0x63, 0x7F, 0x9B, 0xB7, 0xAC, 0x9B, 0x9B, 0x9B, 0x9B, 0x9B, 0x9B, 0x9B, 0x9B, 0x9B, 0x9B, 0x9B, 0x9B, 0xAC, 0xB7, 0x9B, 0x7F, 0x63, 0x47,
    0x37, 0x4F, 0x65, 0x76, 0x7F, 0x7F, 0x7F, 0x7F, 0x7F, 0x7F, 0x7F, 0x7F, 0x7F, 0x7F, 0x7F, 0x7F, 0x7F, 0x90, 0xAC, 0xB7, 0x9B, 0x7F, 0x63, 0x47,
    0x37, 0x4F, 0x65, 0x76, 0x7F, 0x7F, 0x7F, 0x7F, 0x7F, 0x7F, 0x7F, 0x7F, 0x7F, 0x7F, 0x7F, 0x7F, 0x7F, 0x90, 0xAC, 0xB7, 0x9B, 0x7F, 0x63, 0x47,
    0x47, 0x63, 0x7F, 0x9B, 0xB7, 0xAC, 0x90, 0x74, 0x58, 0x3C, 0x20, 0x04, 0x04, 0x20, 0x3C, 0x58, 0x74, 0x90, 0xAC, 0xB7, 0x9B, 0x7F, 0x63, 0x47,
    0x47, 0x63, 0x7F, 0x9B, 0xB7, 0xAC, 0x90, 0x7F, 0x7F, 0x7F, 0x7F, 0x7F, 0x7F, 0x7F, 0x7F, 0x7F, 0x7F, 0x7F, 0x7F, 0x7F, 0x76, 0x65, 0x4F, 0x37,
    0x47, 0x63, 0x7F, 0x9B, 0xB7, 0xAC, 0x90, 0x7F, 0x7F, 0x7F, 0x7F, 0x7F, 0x7F, 0x7F, 0x7F, 0x7F, 0x7F, 0x7F, 0x7F, 0x7F, 0x76, 0x65, 0x4F, 0x37,
    0x37, 0x4F, 0x65, 0x76, 0x7F, 0x7F, 0x7F, 0x7F, 0x7F, 0x7F, 0x7F, 0x7F, 0x7F, 0x7F, 0x7F, 0x7F, 0x89, 0xA4, 0xBF, 0xA6, 0x8B, 0x70, 0x55, 0x3A,
    0x47, 0x63, 0x7F, 0x9B, 0xB7, 0xAC, 0x90, 0x7F, 0x7F, 0x7F, 0x7F, 0x7F, 0x7F, 0x7F, 0x7F, 0x7F, 0x7F, 0x90, 0xAC, 0xB7, 0x9B, 0x7F, 0x63, 0x47,
    0x47, 0x63, 0x7F, 0x9B, 0xB7, 0xAC, 0x90, 0x7F, 0x7F, 0x7F, 0x7F, 0x7F, 0x7F, 0x7F, 0x7F, 0x7F, 0x7F, 0x90, 0xAC, 0xB7, 0x9B, 0x7F, 0x63, 0x47,
    0x28, 0x3D, 0x4F, 0x5D, 0x63, 0x63, 0x63, 0x63, 0x63, 0x63, 0x63, 0x63, 0x63, 0x63, 0x63, 0x63, 0x74, 0x90, 0xAC, 0xB7, 0x9B, 0x7F, 0x63, 0x47,
    0x28, 0x3D, 0x4F, 0x5D, 0x63, 0x63, 0x63, 0x63, 0x63, 0x63, 0x63, 0x63, 0x63, 0x63, 0x63, 0x63, 0x74, 0x90, 0xAC, 0xB7, 0x9B, 0x7F, 0x63, 0x47,
    0x47, 0x63, 0x7F, 0x9B, 0xB7, 0xAC, 0x90, 0x74, 0x58, 0x3C, 0x20, 0x04, 0x04, 0x20, 0x3C, 0x58, 0x74, 0x90, 0xAC, 0xB7, 0x9B, 0x7F, 0x63, 0x47,
    0x47, 0x63, 0x7F, 0x9B, 0xB7, 0xAC, 0x90, 0x74, 0x63, 0x63, 0x63, 0x63, 0x63, 0x63, 0x63, 0x63, 0x63, 0x63, 0x63, 0x63, 0x5D, 0x4F, 0x3D, 0x28,
    0x47, 0x63, 0x7F, 0x9B, 0xB7, 0xAC, 0x90, 0x74, 0x63, 0x63, 0x63, 0x63, 0x63, 0x63, 0x63, 0x63, 0x63, 0x63, 0x63, 0x63, 0x5D, 0x4F, 0x3D, 0x28,
    0x28, 0x3D, 0x4F, 0x5D, 0x63, 0x63, 0x63, 0x63, 0x63, 0x63, 0x63, 0x63, 0x63, 0x63, 0x63, 0x76, 0x91, 0xAB, 0xB9, 0x9E, 0x83, 0x69, 0x4E, 0x33,
    0x47, 0x63, 0x7F, 0x9B, 0xB7, 0xAC, 0x90, 0x74, 0x63, 0x63, 0x63, 0x63, 0x63, 0x63, 0x63, 0x63, 0x74, 0x90, 0xAC, 0xB7, 0x9B, 0x7F, 0x63, 0x47,
    0x47, 0x63, 0x7F, 0x9B, 0xB7, 0xAC, 0x90, 0x74, 0x63, 0x63, 0x63, 0x63, 0x63, 0x63, 0x63, 0x63, 0x74, 0x90, 0xAC, 0xB7, 0x9B, 0x7F, 0x63, 0x47,
    0x16, 0x28, 0x37, 0x42, 0x47, 0x47, 0x47, 0x47, 0x47, 0x47, 0x47, 0x47, 0x47, 0x47, 0x47, 0x58, 0x74, 0x90, 0xAC, 0xB7, 0x9B, 0x7F, 0x63, 0x47,
    0x16, 0x28, 0x37, 0x42, 0x47, 0x47, 0x47, 0x47, 0x47, 0x47, 0x47, 0x47, 0x47, 0x47, 0x47, 0x58, 0x74, 0x90, 0xAC, 0xB7, 0x9B, 0x7F, 0x63, 0x47,
    0x47, 0x63, 0x7F, 0x9B, 0xB7, 0xAC, 0x90, 0x74, 0x58, 0x3C, 0x20, 0x04, 0x04, 0x20, 0x3C, 0x58, 0x74, 0x90, 0xAC, 0xB7, 0x9B, 0x7F, 0x63, 0x47,
    0x47, 0x63, 0x7F, 0x9B, 0xB7, 0xAC, 0x90, 0x74, 0x58, 0x47, 0x47, 0x47, 0x47, 0x47, 0x47, 0x47, 0x47, 0x47, 0x47, 0x47, 0x42, 0x37, 0x28, 0x16,
    0x47, 0x63, 0x7F, 0x9B, 0xB7, 0xAC, 0x90, 0x74, 0x58, 0x47, 0x47, 0x47, 0x47, 0x47, 0x47, 0x47, 0x47, 0x47, 0x47, 0x47, 0x42, 0x37, 0x28, 0x16,
    0x16, 0x28, 0x37, 0x42, 0x47, 0x47, 0x47, 0x47, 0x47, 0x47, 0x47, 0x47, 0x47, 0x47, 0x62, 0x7D, 0x98, 0xB3, 0xB2, 0x97, 0x7C, 0x61, 0x46, 0x2B,
    0x47, 0x63, 0x7F, 0x9B, 0xB7, 0xAC, 0x90, 0x74, 0x58, 0x47, 0x47, 0x47, 0x47, 0x47, 0x47, 0x58, 0x74, 0x90, 0xAC, 0xB7, 0x9B, 0x7F, 0x63, 0x47,
    0x47, 0x63, 0x7F, 0x9B, 0xB7, 0xAC, 0x90, 0x74, 0x58, 0x47, 0x47, 0x47, 0x47, 0x47, 0x47, 0x58, 0x74, 0x90, 0xAC, 0xB7, 0x9B, 0x7F, 0x63, 0x47,
    0x01, 0x11, 0x1E, 0x27, 0x2B, 0x2B, 0x2B, 0x2B, 0x2B, 0x2B, 0x2B, 0x2B, 0x2B, 0x2B, 0x3C, 0x58, 0x74, 0x90, 0xAC, 0xB7, 0x9B, 0x7F, 0x63, 0x47,
    0x01, 0x11, 0x1E, 0x27, 0x2B, 0x2B, 0x2B, 0x2B, 0x2B, 0x2B, 0x2B, 0x2B, 0x2B, 0x2B, 0x3C, 0x58, 0x74, 0x90, 0xAC, 0xB7, 0x9B, 0x7F, 0x63, 0x47,
    0x47, 0x63, 0x7F, 0x9B, 0xB7, 0xAC, 0x90, 0x74, 0x58, 0x3C, 0x20, 0x04, 0x04, 0x20, 0x3C, 0x58, 0x74, 0x90, 0xAC, 0xB7, 0x9B, 0x7F, 0x63, 0x47,
    0x47, 0x63, 0x7F, 0x9B, 0xB7, 0xAC, 0x90, 0x74, 0x58, 0x3C, 0x2B, 0x2B, 0x2B, 0x2B, 0x2B, 0x2B, 0x2B, 0x2B, 0x2B, 0x2B, 0x27, 0x1E, 0x11, 0x01,
    0x47, 0x63, 0x7F, 0x9B, 0xB7, 0xAC, 0x90, 0x74, 0x58, 0x3C, 0x2B, 0x2B, 0x2B, 0x2B, 0x2B, 0x2B, 0x2B, 0x2B, 0x2B, 0x2B, 0x27, 0x1E, 0x11, 0x01,
    0x01, 0x11, 0x1E, 0x27, 0x2B, 0x2B, 0x2B, 0x2B, 0x2B, 0x2B, 0x2B, 0x2B, 0x34, 0x4F, 0x6A, 0x85, 0xA0, 0xBB, 0xAA, 0x8F, 0x74, 0x59, 0x3E, 0x23,
    0x47, 0x63, 0x7F, 0x9B, 0xB7, 0xAC, 0x90, 0x74, 0x58, 0x3C, 0x2B, 0x2B, 0x2B, 0x2B, 0x3C, 0x58, 0x74, 0x90, 0xAC, 0xB7, 0x9B, 0x7F, 0x63, 0x47,
    0x47, 0x63, 0x7F, 0x9B, 0xB7, 0xAC, 0x90, 0x74, 0x58, 0x3C, 0x2B, 0x2B, 0x2B, 0x2B, 0x3C, 0x58, 0x74, 0x90, 0xAC, 0xB7, 0x9B, 0x7F, 0x63, 0x47,
    0x00, 0x00, 0x04, 0x0C, 0x0F, 0x0F, 0x0F, 0x0F, 0x0F, 0x0F, 0x0F, 0x0F, 0x0F, 0x20, 0x3C, 0x58, 0x74, 0x90, 0xAC, 0xB7, 0x9B, 0x7F, 0x63, 0x47,
    0x00, 0x00, 0x04, 0x0C, 0x0F, 0x0F, 0x0F, 0x0F, 0x0F, 0x0F, 0x0F, 0x0F, 0x0F, 0x20, 0x3C, 0x58, 0x74, 0x90, 0xAC, 0xB7, 0x9B, 0x7F, 0x63, 0x47,
    0x47, 0x63, 0x7F, 0x9B, 0xB7, 0xAC, 0x90, 0x74, 0x58, 0x3C, 0x20, 0x04, 0x04, 0x20, 0x3C, 0x58, 0x74, 0x90, 0xAC, 0xB7, 0x9B, 0x7F, 0x63, 0x47,
    0x47, 0x63, 0x7F, 0x9B, 0xB7, 0xAC, 0x90, 0x74, 0x58, 0x3C, 0x20, 0x0F, 0x0F, 0x0F, 0x0F, 0x0F, 0x0F, 0x0F, 0x0F, 0x0F, 0x0C, 0x04, 0x00, 0x00,
    0x47, 0x63, 0x7F, 0x9B, 0xB7, 0xAC, 0x90, 0x74, 0x58, 0x3C, 0x20, 0x0F, 0x0F, 0x0F, 0x0F, 0x0F, 0x0F, 0x0F, 0x0F, 0x0F, 0x0C, 0x04, 0x00, 0x00,
    0x00, 0x00, 0x04, 0x0C, 0x0F, 0x0F, 0x0F, 0x0F, 0x0F, 0x0F, 0x0F, 0x21, 0x3C, 0x57, 0x72, 0x8D, 0xA8, 0xBD, 0xA2, 0x87, 0x6C, 0x51, 0x37, 0x1C,
    0x47, 0x63, 0x7F, 0x9B, 0xB7, 0xAC, 0x90, 0x74, 0x58, 0x3C, 0x20, 0x0F, 0x0F, 0x20, 0x3C, 0x58, 0x74, 0x90, 0xAC, 0xB7, 0x9B, 0x7F, 0x63, 0x47,
    0x47, 0x63, 0x7F, 0x9B, 0xB7, 0xAC, 0x90, 0x74, 0x58, 0x3C, 0x20, 0x0F, 0x0F, 0x20, 0x3C, 0x58, 0x74, 0x90, 0xAC, 0xB7, 0x9B, 0x7F, 0x63, 0x47,
    0x00, 0x00, 0x00, 0x00, 0x00, 0x00, 0x00, 0x00, 0x00, 0x00, 0x00, 0x00, 0x04, 0x20, 0x3C, 0x58, 0x74, 0x90, 0xAC, 0xB7, 0x9B, 0x7F, 0x63, 0x47,
    0x00, 0x00, 0x00, 0x00, 0x00, 0x00, 0x00, 0x00, 0x00, 0x00, 0x00, 0x00, 0x04, 0x20, 0x3C, 0x58, 0x74, 0x90, 0xAC, 0xB7, 0x9B, 0x7F, 0x63, 0x47,
    0x47, 0x63, 0x7F, 0x9B, 0xB7, 0xAC, 0x90, 0x74, 0x58, 0x3C, 0x20, 0x04, 0x04, 0x20, 0x3C, 0x58, 0x74, 0x90, 0xAC, 0xB7, 0x9B, 0x7F, 0x63, 0x47,
    0x47, 0x63, 0x7F, 0x9B, 0xB7, 0xAC, 0x90, 0x74, 0x58, 0x3C, 0x20, 0x04, 0x00, 0x00, 0x00, 0x00, 0x00, 0x00, 0x00, 0x00, 0x00, 0x00, 0x00, 0x00,
    0x47, 0x63, 0x7F, 0x9B, 0xB7, 0xAC, 0x90, 0x74, 0x58, 0x3C, 0x20, 0x04, 0x00, 0x00, 0x00, 0x00, 0x00, 0x00, 0x00, 0x00, 0x00, 0x00, 0x00, 0x00,
    0x00, 0x00, 0x00, 0x00, 0x00, 0x00, 0x00, 0x00, 0x00, 0x00, 0x0E, 0x29, 0x44, 0x5F, 0x79, 0x94, 0xAF, 0xB5, 0x9B, 0x80, 0x65, 0x4A, 0x2F, 0x14,
    0x47, 0x63, 0x7F, 0x9B, 0xB7, 0xAC, 0x90, 0x74, 0x58, 0x3C, 0x20, 0x04, 0x04, 0x20, 0x3C, 0x58, 0x74, 0x90, 0xAC, 0xB7, 0x9B, 0x7F, 0x63, 0x47,
    0x47, 0x63, 0x7F, 0x9B, 0xB7, 0xAC, 0x90, 0x74, 0x58, 0x3C, 0x20, 0x04, 0x04, 0x20, 0x3C, 0x58, 0x74, 0x90, 0xAC, 0xB7, 0x9B, 0x7F, 0x63, 0x47,
    0x00, 0x00, 0x00, 0x00, 0x00, 0x00, 0x00, 0x00, 0x00, 0x00, 0x00, 0x00, 0x04, 0x20, 0x3C, 0x58, 0x74, 0x90, 0xAC, 0xB7, 0x9B, 0x7F, 0x63, 0x47,
    0x00, 0x00, 0x00, 0x00, 0x00, 0x00, 0x00, 0x00, 0x00, 0x00, 0x00, 0x00, 0x04, 0x20, 0x3C, 0x58, 0x74, 0x90, 0xAC, 0xB7, 0x9B, 0x7F, 0x63, 0x47,
    0x47, 0x63, 0x7F, 0x9B, 0xB7, 0xAC, 0x90, 0x74, 0x58, 0x3C, 0x20, 0x04, 0x04, 0x20, 0x3C, 0x58, 0x74, 0x90, 0xAC, 0xB7, 0x9B, 0x7F, 0x63, 0x47,
    0x47, 0x63, 0x7F, 0x9B, 0xB7, 0xAC, 0x90, 0x74, 0x58, 0x3C, 0x20, 0x04, 0x00, 0x00, 0x00, 0x00, 0x00, 0x00, 0x00, 0x00, 0x00, 0x00, 0x00, 0x00,
    0x47, 0x63, 0x7F, 0x9B, 0xB7, 0xAC, 0x90, 0x74, 0x58, 0x3C, 0x20, 0x04, 0x00, 0x00, 0x00, 0x00, 0x00, 0x00, 0x00, 0x00, 0x00, 0x00, 0x00, 0x00,
    0x00, 0x00, 0x00, 0x00, 0x00, 0x00, 0x00, 0x00, 0x00, 0x00, 0x15, 0x30, 0x4B, 0x66, 0x81, 0x9C, 0xB7, 0xAE, 0x93, 0x78, 0x5D, 0x42, 0x27, 0x0C,
    0x47, 0x63, 0x7F, 0x9B, 0xB7, 0xAC, 0x90, 0x74, 0x58, 0x3C, 0x20, 0x04, 0x04, 0x20, 0x3C, 0x58, 0x74, 0x90, 0xAC, 0xB7, 0x9B, 0x7F, 0x63, 0x47,
    0x47, 0x63, 0x7F, 0x9B, 0xB7, 0xAC, 0x90, 0x74, 0x58, 0x3C, 0x20, 0x04, 0x04, 0x20, 0x3C, 0x58, 0x74, 0x90, 0xAC, 0xB7, 0x9B, 0x7F, 0x63, 0x47,
    0x00, 0x00, 0x00, 0x00, 0x00, 0x00, 0x00, 0x00, 0x00, 0x00, 0x00, 0x00, 0x04, 0x20, 0x3C, 0x58, 0x74, 0x90, 0xAC, 0xB7, 0x9B, 0x7F, 0x63, 0x47,
    0x00, 0x00, 0x00, 0x00, 0x00, 0x00, 0x00, 0x00, 0x00, 0x00, 0x00, 0x00, 0x04, 0x20, 0x3C, 0x58, 0x74, 0x90, 0xAC, 0xB7, 0x9B, 0x7F, 0x63, 0x47,
    0x47, 0x63, 0x7F, 0x9B, 0xB7, 0xAC, 0x90, 0x74, 0x58, 0x3C, 0x20, 0x04, 0x04, 0x20, 0x3C, 0x58, 0x74, 0x90, 0xAC, 0xB7, 0x9B, 0x7F, 0x63, 0x47,
    0x47, 0x63, 0x7F, 0x9B, 0xB7, 0xAC, 0x90, 0x74, 0x58, 0x3C, 0x20, 0x04, 0x00, 0x00, 0x00, 0x00, 0x00, 0x00, 0x00, 0x00, 0x00, 0x00, 0x00, 0x00,
    0x47, 0x63, 0x7F, 0x9B, 0xB7, 0xAC, 0x90, 0x74, 0x58, 0x3C, 0x20, 0x04, 0x00, 0x00, 0x00, 0x00, 0x00, 0x00, 0x00, 0x00, 0x00, 0x00, 0x00, 0x00,
    0x00, 0x00, 0x00, 0x00, 0x00, 0x00, 0x00, 0x00, 0x00, 0x02, 0x1D, 0x38, 0x53, 0x6E, 0x89, 0xA4, 0xBF, 0xA6, 0x8B, 0x70, 0x55, 0x3A, 0x1F, 0x05,
    0x47, 0x63, 0x7F, 0x9B, 0xB7, 0xAC, 0x90, 0x74, 0x58, 0x3C, 0x20, 0x04, 0x04, 0x20, 0x3C, 0x58, 0x74, 0x90, 0xAC, 0xB7, 0x9B, 0x7F, 0x63, 0x47,
    0x47, 0x63, 0x7F, 0x9B, 0xB7, 0xAC, 0x90, 0x74, 0x58, 0x3C, 0x20, 0x04, 0x04, 0x20, 0x3C, 0x58, 0x74, 0x90, 0xAC, 0xB7, 0x9B, 0x7F, 0x63, 0x47,
    0x00, 0x00, 0x00, 0x06, 0x0A, 0x0A, 0x0A, 0x0A, 0x0A, 0x0A, 0x0A, 0x0A, 0x0A, 0x20, 0x3C, 0x58, 0x74, 0x90, 0xAC, 0xB7, 0x9B, 0x7F, 0x63, 0x47,
    0x00, 0x00, 0x00, 0x00, 0x00, 0x00, 0x02, 0x08, 0x0A, 0x0A, 0x0A, 0x0A, 0x0A, 0x20, 0x3C, 0x58, 0x74, 0x90, 0xAC, 0xB7, 0x9B, 0x7F, 0x63, 0x47,
    0x47, 0x63, 0x7F, 0x9B, 0xB7, 0xAC, 0x90, 0x74, 0x58, 0x3C, 0x20, 0x0A, 0x0A, 0x20, 0x3C, 0x58, 0x74, 0x90, 0xAC, 0xB7, 0x9B, 0x7F, 0x63, 0x47,
    0x47, 0x63, 0x7F, 0x9B, 0xB7, 0xAC, 0x90, 0x74, 0x58, 0x3C, 0x20, 0x0A, 0x0A, 0x0A, 0x0A, 0x0A, 0x0A, 0x0A, 0x0A, 0x0A, 0x06, 0x00, 0x00, 0x00,
    0x47, 0x63, 0x7F, 0x9B, 0xB7, 0xAC, 0x90, 0x74, 0x58, 0x3C, 0x20, 0x0A, 0x0A, 0x0A, 0x0A, 0x0A, 0x0A, 0x0A, 0x0A, 0x0A, 0x06, 0x00, 0x00, 0x00,
    0x00, 0x00, 0x00, 0x00, 0x00, 0x00, 0x00, 0x00, 0x00, 0x0A, 0x25, 0x40, 0x5B, 0x76, 0x91, 0xAB, 0xB9, 0x9E, 0x83, 0x69, 0x4E, 0x33, 0x18, 0x00,
    0x47, 0x63, 0x7F, 0x9B, 0xB7, 0xAC, 0x90, 0x74, 0x58, 0x3C, 0x20, 0x0A, 0x0A, 0x20, 0x3C, 0x58, 0x74, 0x90, 0xAC, 0xB7, 0x9B, 0x7F, 0x63, 0x47,
    0x47, 0x63, 0x7F, 0x9B, 0xB7, 0xAC, 0x90, 0x74, 0x58, 0x3C, 0x20, 0x0A, 0x0A, 0x20, 0x3C, 0x58, 0x74, 0x90, 0xAC, 0xB7, 0x9B, 0x7F, 0x63, 0x47,
    0x00, 0x0C, 0x19, 0x22, 0x26, 0x26, 0x26, 0x26, 0x26, 0x26, 0x26, 0x26, 0x26, 0x26, 0x3C, 0x58, 0x74, 0x90, 0xAC, 0xB7, 0x9B, 0x7F, 0x63, 0x47,
    0x00, 0x00, 0x00, 0x00, 0x03, 0x12, 0x1D, 0x24, 0x26, 0x26, 0x26, 0x26, 0x26, 0x26, 0x3C, 0x58, 0x74, 0x90, 0xAC, 0xB7, 0x9B, 0x7F, 0x63, 0x47,
    0x47, 0x63, 0x7F, 0x9B, 0xB7, 0xAC, 0x90, 0x74, 0x58, 0x3C, 0x26, 0x26, 0x26, 0x26, 0x3C, 0x58, 0x74, 0x90, 0xAC, 0xB7, 0x9B, 0x7F, 0x63, 0x47,
    0x47, 0x63, 0x7F, 0x9B, 0xB7, 0xAC, 0x90, 0x74, 0x58, 0x3C, 0x26, 0x26, 0x26, 0x26, 0x26, 0x26, 0x26, 0x26, 0x26, 0x26, 0x22, 0x19, 0x0C, 0x00,
    0x47, 0x63, 0x7F, 0x9B, 0xB7, 0xAC, 0x90, 0x74, 0x58, 0x3C, 0x26, 0x26, 0x26, 0x26, 0x26, 0x26, 0x26, 0x26, 0x26, 0x26, 0x22, 0x19, 0x0C, 0x00,
    0x00, 0x00, 0x00, 0x00, 0x00, 0x00, 0x00, 0x00, 0x00, 0x12, 0x2D, 0x47, 0x62, 0x7D, 0x98, 0xB3, 0xB2, 0x97, 0x7C, 0x61, 0x46, 0x2B, 0x10, 0x00,
    0x47, 0x63, 0x7F, 0x9B, 0xB7, 0xAC, 0x90, 0x74, 0x58, 0x3C, 0x26, 0x26, 0x26, 0x26, 0x3C, 0x58, 0x74, 0x90, 0xAC, 0xB7, 0x9B, 0x7F, 0x63, 0x47,
    0x47, 0x63, 0x7F, 0x9B, 0xB7, 0xAC, 0x90, 0x74, 0x58, 0x3C, 0x26, 0x26, 0x26, 0x26, 0x3C, 0x58, 0x74, 0x90, 0xAC, 0xB7, 0x9B, 0x7F, 0x63, 0x47,
    0x12, 0x24, 0x32, 0x3D, 0x42, 0x42, 0x42, 0x42, 0x42, 0x42, 0x42, 0x42, 0x42, 0x42, 0x42, 0x58, 0x74, 0x90, 0xAC, 0xB7, 0x9B, 0x7F, 0x63, 0x47,
    0x00, 0x00, 0x00, 0x06, 0x19, 0x2A, 0x37, 0x3F, 0x42, 0x42, 0x42, 0x42, 0x42, 0x42, 0x42, 0x58, 0x74, 0x90, 0xAC, 0xB7, 0x9B, 0x7F, 0x63, 0x47,
    0x47, 0x63, 0x7F, 0x9B, 0xB7, 0xAC, 0x90, 0x74, 0x58, 0x42, 0x42, 0x42, 0x42, 0x42, 0x42, 0x58, 0x74, 0x90, 0xAC, 0xB7, 0x9B, 0x7F, 0x63, 0x47,
    0x47, 0x63, 0x7F, 0x9B, 0xB7, 0xAC, 0x90, 0x74, 0x58, 0x42, 0x42, 0x42, 0x42, 0x42, 0x42, 0x42, 0x42, 0x42, 0x42, 0x42, 0x3D, 0x32, 0x24, 0x12,
    0x47, 0x63, 0x7F, 0x9B, 0xB7, 0xAC, 0x90, 0x74, 0x58, 0x42, 0x42, 0x42, 0x42, 0x42, 0x42, 0x42, 0x42, 0x42, 0x42, 0x42, 0x3D, 0x32, 0x24, 0x12,
    0x00, 0x00, 0x00, 0x00, 0x00, 0x00, 0x00, 0x00, 0x00, 0x19, 0x34, 0x4F, 0x6A, 0x85, 0xA0, 0xBB, 0xAA, 0x8F, 0x74, 0x59, 0x3E, 0x23, 0x08, 0x00,
    0x47, 0x63, 0x7F, 0x9B, 0xB7, 0xAC, 0x90, 0x74, 0x58, 0x42, 0x42, 0x42, 0x42, 0x42, 0x42, 0x58, 0x74, 0x90, 0xAC, 0xB7, 0x9B, 0x7F, 0x63, 0x47,
    0x47, 0x63, 0x7F, 0x9B, 0xB7, 0xAC, 0x90, 0x74, 0x58, 0x42, 0x42, 0x42, 0x42, 0x42, 0x42, 0x58, 0x74, 0x90, 0xAC, 0xB7, 0x9B, 0x7F, 0x63, 0x47,
    0x25, 0x39, 0x4B, 0x57, 0x5D, 0x5E, 0x5E, 0x5E, 0x5E, 0x5E, 0x5E, 0x5E, 0x5E, 0x5E, 0x5E, 0x5E, 0x74, 0x90, 0xAC, 0xB7, 0x9B, 0x7F, 0x63, 0x47,
    0x00, 0x00, 0x00, 0x17, 0x2D, 0x41, 0x50, 0x5B, 0x5E, 0x5E, 0x5E, 0x5E, 0x5E, 0x5E, 0x5E, 0x5E, 0x74, 0x90, 0xAC, 0xB7, 0x9B, 0x7F, 0x63, 0x47,
    0x47, 0x63, 0x7F, 0x9B, 0xB7, 0xAC, 0x90, 0x74, 0x5E, 0x5E, 0x5E, 0x5E, 0x5E, 0x5E, 0x5E, 0x5E, 0x74, 0x90, 0xAC, 0xB7, 0x9B, 0x7F, 0x63, 0x47,
    0x47, 0x63, 0x7F, 0x9B, 0xB7, 0xAC, 0x90, 0x74, 0x5E, 0x5E, 0x5E, 0x5E, 0x5E, 0x5E, 0x5E, 0x5E, 0x5E, 0x5E, 0x5E, 0x5D, 0x57, 0x4B, 0x39, 0x25,
    0x47, 0x63, 0x7F, 0x9B, 0xB7, 0xAC, 0x90, 0x74, 0x5E, 0x5E, 0x5E, 0x5E, 0x5E, 0x5E, 0x5E, 0x5E, 0x5E, 0x5E, 0x5E, 0x5D, 0x57, 0x4B, 0x39, 0x25,
    0x00, 0x00, 0x00, 0x00, 0x00, 0x00, 0x00, 0x00, 0x06, 0x21, 0x3C, 0x57, 0x72, 0x8D, 0xA8, 0xBD, 0xA2, 0x87, 0x6C, 0x51, 0x37, 0x1C, 0x01, 0x00,
    0x47, 0x63, 0x7F, 0x9B, 0xB7, 0xAC, 0x90, 0x74, 0x5E, 0x5E, 0x5E, 0x5E, 0x5E, 0x5E, 0x5E, 0x5E, 0x74, 0x90, 0xAC, 0xB7, 0x9B, 0x7F, 0x63, 0x47,
    0x47, 0x63, 0x7F, 0x9B, 0xB7, 0xAC, 0x90, 0x74, 0x5E, 0x5E, 0x5E, 0x5E, 0x5E, 0x5E, 0x5E, 0x5E, 0x74, 0x90, 0xAC, 0xB7, 0x9B, 0x7F, 0x63, 0x47,
    0x35, 0x4C, 0x61, 0x71, 0x79, 0x7A, 0x7A, 0x7A, 0x7A, 0x7A, 0x7A, 0x7A, 0x7A, 0x7A, 0x7A, 0x7A, 0x7A, 0x90, 0xAC, 0xB7, 0x9B, 0x7F, 0x63, 0x47,
    0x00, 0x00, 0x0C, 0x26, 0x3E, 0x55, 0x68, 0x75, 0x7A, 0x7A, 0x7A, 0x7A, 0x7A, 0x7A, 0x7A, 0x7A, 0x7A, 0x90, 0xAC, 0xB7, 0x9B, 0x7F, 0x63, 0x47,
    0x47, 0x63, 0x7F, 0x9B, 0xB7, 0xAC, 0x90, 0x7A, 0x7A, 0x7A, 0x7A, 0x7A, 0x7A, 0x7A, 0x7A, 0x7A, 0x7A, 0x90, 0xAC, 0xB7, 0x9B, 0x7F, 0x63, 0x47,
    0x47, 0x63, 0x7F, 0x9B, 0xB7, 0xAC, 0x90, 0x7A, 0x7A, 0x7A, 0x7A, 0x7A, 0x7A, 0x7A, 0x7A, 0x7A, 0x7A, 0x7A, 0x7A, 0x79, 0x71, 0x61, 0x4C, 0x35,
    0x47, 0x63, 0x7F, 0x9B, 0xB7, 0xAC, 0x90, 0x7A, 0x7A, 0x7A, 0x7A, 0x7A, 0x7A, 0x7A, 0x7A, 0x7A, 0x7A, 0x7A, 0x7A, 0x79, 0x71, 0x61, 0x4C, 0x35,
    0x00, 0x00, 0x00, 0x00, 0x00, 0x00, 0x00, 0x00, 0x0E, 0x29, 0x44, 0x5F, 0x79, 0x94, 0xAF, 0xB5, 0x9B, 0x80, 0x65, 0x4A, 0x2F, 0x14, 0x00, 0x00,
    0x47, 0x63, 0x7F, 0x9B, 0xB7, 0xAC, 0x90, 0x7A, 0x7A, 0x7A, 0x7A, 0x7A, 0x7A, 0x7A, 0x7A, 0x7A, 0x7A, 0x90, 0xAC, 0xB7, 0x9B, 0x7F, 0x63, 0x47,
    0x47, 0x63, 0x7F, 0x9B, 0xB7, 0xAC, 0x90, 0x7A, 0x7A, 0x7A, 0x7A, 0x7A, 0x7A, 0x7A, 0x7A, 0x7A, 0x7A, 0x90, 0xAC, 0xB7, 0x9B, 0x7F, 0x63, 0x47,
    0x40, 0x5A, 0x73, 0x88, 0x95, 0x96, 0x96, 0x96, 0x96, 0x96, 0x96, 0x96, 0x96, 0x96, 0x96, 0x96, 0x96, 0x96, 0xAC, 0xB7, 0x9B, 0x7F, 0x63, 0x47,
    0x00, 0x00, 0x15, 0x30, 0x4B, 0x64, 0x7C, 0x8F, 0x96, 0x96, 0x96, 0x96, 0x96, 0x96, 0x96, 0x96, 0x96, 0x96, 0xAC, 0xB7, 0x9B, 0x7F, 0x63, 0x47,
    0x47, 0x63, 0x7F, 0x9B, 0xB7, 0xAC, 0x96, 0x96, 0x96, 0x96, 0x96, 0x96, 0x96, 0x96, 0x96, 0x96, 0x96, 0x96, 0xAC, 0xB7, 0x9B, 0x7F, 0x63, 0x47,
    0x47, 0x63, 0x7F, 0x9B, 0xB7, 0xAC, 0x96, 0x96, 0x96, 0x96, 0x96, 0x96, 0x96, 0x96, 0x96, 0x96, 0x96, 0x96, 0x96, 0x95, 0x88, 0x73, 0x5A, 0x40,
    0x47, 0x63, 0x7F, 0x9B, 0xB7, 0xAC, 0x96, 0x96, 0x96, 0x96, 0x96, 0x96, 0x96, 0x96, 0x96, 0x96, 0x96, 0x96, 0x96, 0x95, 0x88, 0x73, 0x5A, 0x40,
    0x00, 0x00, 0x00, 0x00, 0x00, 0x00, 0x00, 0x00, 0x15, 0x30, 0x4B, 0x66, 0x81, 0x9C, 0xB7, 0xAE, 0x93, 0x78, 0x5D, 0x42, 0x27, 0x0C, 0x00, 0x00,
    0x47, 0x63, 0x7F, 0x9B, 0xB7, 0xAC, 0x96, 0x96, 0x96, 0x96, 0x96, 0x96, 0x96, 0x96, 0x96, 0x96, 0x96, 0x96, 0xAC, 0xB7, 0x9B, 0x7F, 0x63, 0x47,
    0x47, 0x63, 0x7F, 0x9B, 0xB7, 0xAC, 0x96, 0x96, 0x96, 0x96, 0x96, 0x96, 0x96, 0x96, 0x96, 0x96, 0x96, 0x96, 0xAC, 0xB7, 0x9B, 0x7F, 0x63, 0x47,
    0x47, 0x62, 0x7E, 0x99, 0xB0, 0xB2, 0xB2, 0xB2, 0xB2, 0xB2, 0xB2, 0xB2, 0xB2, 0xB2, 0xB2, 0xB2, 0xB2, 0xB2, 0xB2, 0xB7, 0x9B, 0x7F, 0x63, 0x47,
    0x00, 0x00, 0x1A, 0x36, 0x52, 0x6D, 0x89, 0xA3, 0xB2, 0xB2, 0xB2, 0xB2, 0xB2, 0xB2, 0xB2, 0xB2, 0xB2, 0xB2, 0xB2, 0xB7, 0x9B, 0x7F, 0x63, 0x47,
    0x47, 0x63, 0x7F, 0x9B, 0xB7, 0xB2, 0xB2, 0xB2, 0xB2, 0xB2, 0xB2, 0xB2, 0xB2, 0xB2, 0xB2, 0xB2, 0xB2, 0xB2, 0xB2, 0xB7, 0x9B, 0x7F, 0x63, 0x47,
    0x47, 0x63, 0x7F, 0x9B, 0xB7, 0xB2, 0xB2, 0xB2, 0xB2, 0xB2, 0xB2, 0xB2, 0xB2, 0xB2, 0xB2, 0xB2, 0xB2, 0xB2, 0xB2, 0xB0, 0x99, 0x7E, 0x62, 0x47,
    0x47, 0x63, 0x7F, 0x9B, 0xB7, 0xB2, 0xB2, 0xB2, 0xB2, 0xB2, 0xB2, 0xB2, 0xB2, 0xB2, 0xB2, 0xB2, 0xB2, 0xB2, 0xB2, 0xB0, 0x99, 0x7E, 0x62, 0x47,
    0x00, 0x00, 0x00, 0x00, 0x00, 0x00, 0x00, 0x02, 0x1D, 0x38, 0x53, 0x6E, 0x89, 0xA4, 0xBF, 0xA6, 0x8B, 0x70, 0x55, 0x3A, 0x1F, 0x05, 0x00, 0x00,
    0x47, 0x63, 0x7F, 0x9B, 0xB7, 0xB2, 0xB2, 0xB2, 0xB2, 0xB2, 0xB2, 0xB2, 0xB2, 0xB2, 0xB2, 0xB2, 0xB2, 0xB2, 0xB2, 0xB7, 0x9B, 0x7F, 0x63, 0x47,
    0x47, 0x63, 0x7F, 0x9B, 0xB7, 0xB2, 0xB2, 0xB2, 0xB2, 0xB2, 0xB2, 0xB2, 0xB2, 0xB2, 0xB2, 0xB2, 0xB2, 0xB2, 0xB2, 0xB7, 0x9B, 0x7F, 0x63, 0x47,
    0x47, 0x63, 0x7F, 0x9B, 0xB7, 0xB2, 0xB2, 0xB2, 0xB2, 0xB2, 0xB2, 0xB2, 0xB2, 0xB2, 0xB2, 0xB2, 0xB2, 0xB2, 0xB2, 0xB0, 0x99, 0x7E, 0x62, 0x47,
    0x00, 0x00, 0x1A, 0x36, 0x52, 0x6D, 0x89, 0xA3, 0xB2, 0xB2, 0xB2, 0xB2, 0xB2, 0xB2, 0xB2, 0xB2, 0xB2, 0xB2, 0xB2, 0xB7, 0x9B, 0x7F, 0x63, 0x47,
    0x47, 0x62, 0x7E, 0x99, 0xB0, 0xB2, 0xB2, 0xB2, 0xB2, 0xB2, 0xB2, 0xB2, 0xB2, 0xB2, 0xB2, 0xB2, 0xB2, 0xB2, 0xB2, 0xB7, 0x9B, 0x7F, 0x63, 0x47,
    0x47, 0x62, 0x7E, 0x99, 0xB0, 0xB2, 0xB2, 0xB2, 0xB2, 0xB2, 0xB2, 0xB2, 0xB2, 0xB2, 0xB2, 0xB2, 0xB2, 0xB2, 0xB2, 0xB7, 0x9B, 0x7F, 0x63, 0x47,
    0x47, 0x63, 0x7F, 0x9B, 0xB7, 0xB2, 0xB2, 0xB2, 0xB2, 0xB2, 0xB2, 0xB2, 0xB2, 0xB2, 0xB2, 0xB2, 0xB2, 0xB2, 0xB2, 0xB7, 0x9B, 0x7F, 0x63, 0x47,
    0x00, 0x00, 0x00, 0x00, 0x00, 0x00, 0x00, 0x0A, 0x25, 0x40, 0x5B, 0x76, 0x91, 0xAB, 0xB9, 0x9E, 0x83, 0x69, 0x4E, 0x33, 0x18, 0x00, 0x00, 0x00,
    0x47, 0x63, 0x7F, 0x9B, 0xB7, 0xB2, 0xB2, 0xB2, 0xB2, 0xB2, 0xB2, 0xB2, 0xB2, 0xB2, 0xB2, 0xB2, 0xB2, 0xB2, 0xB2, 0xB7, 0x9B, 0x7F, 0x63, 0x47,
    0x47, 0x62, 0x7E, 0x99, 0xB0, 0xB2, 0xB2, 0xB2, 0xB2, 0xB2, 0xB2, 0xB2, 0xB2, 0xB2, 0xB2, 0xB2, 0xB2, 0xB2, 0xB2, 0xB7, 0x9B, 0x7F, 0x63, 0x47,
    0x47, 0x63, 0x7F, 0x9B, 0xB7, 0xAC, 0x96, 0x96, 0x96, 0x96, 0x96, 0x96, 0x96, 0x96, 0x96, 0x96, 0x96, 0x96, 0x96, 0x95, 0x88, 0x73, 0x5A, 0x40,
    0x00, 0x00, 0x15, 0x30, 0x4B, 0x64, 0x7C, 0x8F, 0x96, 0x96, 0x96, 0x96, 0x96, 0x96, 0x96, 0x96, 0x96, 0x96, 0xAC, 0xB7, 0x9B, 0x7F, 0x63, 0x47,
    0x40, 0x5A, 0x73, 0x88, 0x95, 0x96, 0x96, 0x96, 0x96, 0x96, 0x96, 0x96, 0x96, 0x96, 0x96, 0x96, 0x96, 0x96, 0xAC, 0xB7, 0x9B, 0x7F, 0x63, 0x47,
    0x40, 0x5A, 0x73, 0x88, 0x95, 0x96, 0x96, 0x96, 0x96, 0x96, 0x96, 0x96, 0x96, 0x96, 0x96, 0x96, 0x96, 0x96, 0xAC, 0xB7, 0x9B, 0x7F, 0x63, 0x47,
    0x47, 0x63, 0x7F, 0x9B, 0xB7, 0xAC, 0x96, 0x96, 0x96, 0x96, 0x96, 0x96, 0x96, 0x96, 0x96, 0x96, 0x96, 0x96, 0xAC, 0xB7, 0x9B, 0x7F, 0x63, 0x47,
    0x00, 0x00, 0x00, 0x00, 0x00, 0x00, 0x00, 0x12, 0x2D, 0x47, 0x62, 0x7D, 0x98, 0xB3, 0xB2, 0x97, 0x7C, 0x61, 0x46, 0x2B, 0x10, 0x00, 0x00, 0x00,
    0x47, 0x63, 0x7F, 0x9B, 0xB7, 0xAC, 0x96, 0x96, 0x96, 0x96, 0x96, 0x96, 0x96, 0x96, 0x96, 0x96, 0x96, 0x96, 0xAC, 0xB7, 0x9B, 0x7F, 0x63, 0x47,
    0x40, 0x5A, 0x73, 0x88, 0x95, 0x96, 0x96, 0x96, 0x96, 0x96, 0x96, 0x96, 0x96, 0x96, 0x96, 0x96, 0x96, 0x96, 0xAC, 0xB7, 0x9B, 0x7F, 0x63, 0x47,
    0x47, 0x63, 0x7F, 0x9B, 0xB7, 0xAC, 0x90, 0x7A, 0x7A, 0x7A, 0x7A, 0x7A, 0x7A, 0x7A, 0x7A, 0x7A, 0x7A, 0x7A, 0x7A, 0x79, 0x71, 0x61, 0x4C, 0x35,
    0x00, 0x00, 0x0C, 0x26, 0x3E, 0x55, 0x68, 0x75, 0x7A, 0x7A, 0x7A, 0x7A, 0x7A, 0x7A, 0x7A, 0x7A, 0x7A, 0x90, 0xAC, 0xB7, 0x9B, 0x7F, 0x63, 0x47,
    0x35, 0x4C, 0x61, 0x71, 0x79, 0x7A, 0x7A, 0x7A, 0x7A, 0x7A, 0x7A, 0x7A, 0x7A, 0x7A, 0x7A, 0x7A, 0x7A, 0x90, 0xAC, 0xB7, 0x9B, 0x7F, 0x63, 0x47,
    0x35, 0x4C, 0x61, 0x71, 0x79, 0x7A, 0x7A, 0x7A, 0x7A, 0x7A, 0x7A, 0x7A, 0x7A, 0x7A, 0x7A, 0x7A, 0x7A, 0x90, 0xAC, 0xB7, 0x9B, 0x7F, 0x63, 0x47,
    0x47, 0x63, 0x7F, 0x9B, 0xB7, 0xAC, 0x90, 0x7A, 0x7A, 0x7A, 0x7A, 0x7A, 0x7A, 0x7A, 0x7A, 0x7A, 0x7A, 0x90, 0xAC, 0xB7, 0x9B, 0x7F, 0x63, 0x47,
    0x00, 0x00, 0x00, 0x00, 0x00, 0x00, 0x00, 0x19, 0x34, 0x4F, 0x6A, 0x85, 0xA0, 0xBB, 0xAA, 0x8F, 0x74, 0x59, 0x3E, 0x23, 0x08, 0x00, 0x00, 0x00,
    0x47, 0x63, 0x7F, 0x9B, 0xB7, 0xAC, 0x90, 0x7A, 0x7A, 0x7A, 0x7A, 0x7A, 0x7A, 0x7A, 0x7A, 0x7A, 0x7A, 0x90, 0xAC, 0xB7, 0x9B, 0x7F, 0x63, 0x47,
    0x35, 0x4C, 0x61, 0x71, 0x79, 0x7A, 0x7A, 0x7A, 0x7A, 0x7A, 0x7A, 0x7A, 0x7A, 0x7A, 0x7A, 0x7A, 0x7A, 0x90, 0xAC, 0xB7, 0x9B, 0x7F, 0x63, 0x47,
    0x47, 0x63, 0x7F, 0x9B, 0xB7, 0xAC, 0x90, 0x74, 0x5E, 0x5E, 0x5E, 0x5E, 0x5E, 0x5E, 0x5E, 0x5E, 0x5E, 0x5E, 0x5E, 0x5D, 0x57, 0x4B, 0x39, 0x25,
    0x00, 0x00, 0x00, 0x17, 0x2D, 0x41, 0x50, 0x5B, 0x5E, 0x5E, 0x5E, 0x5E, 0x5E, 0x5E, 0x5E, 0x5E, 0x74, 0x90, 0xAC, 0xB7, 0x9B, 0x7F, 0x63, 0x47,
    0x25, 0x39, 0x4B, 0x57, 0x5D, 0x5E, 0x5E, 0x5E, 0x5E, 0x5E, 0x5E, 0x5E, 0x5E, 0x5E, 0x5E, 0x5E, 0x74, 0x90, 0xAC, 0xB7, 0x9B, 0x7F, 0x63, 0x47,
    0x25, 0x39, 0x4B, 0x57, 0x5D, 0x5E, 0x5E, 0x5E, 0x5E, 0x5E, 0x5E, 0x5E, 0x5E, 0x5E, 0x5E, 0x5E, 0x74, 0x90, 0xAC, 0xB7, 0x9B, 0x7F, 0x63, 0x47,
    0x47, 0x63, 0x7F, 0x9B, 0xB7, 0xAC, 0x90, 0x74, 0x5E, 0x5E, 0x5E, 0x5E, 0x5E, 0x5E, 0x5E, 0x5E, 0x74, 0x90, 0xAC, 0xB7, 0x9B, 0x7F, 0x63, 0x47,
    0x00, 0x00, 0x00, 0x00, 0x00, 0x00, 0x06, 0x21, 0x3C, 0x57, 0x72, 0x8D, 0xA8, 0xBD, 0xA2, 0x87, 0x6C, 0x51, 0x37, 0x1C, 0x01, 0x00, 0x00, 0x00,
    0x47, 0x63, 0x7F, 0x9B, 0xB7, 0xAC, 0x90, 0x74, 0x5E, 0x5E, 0x5E, 0x5E, 0x5E, 0x5E, 0x5E, 0x5E, 0x74, 0x90, 0xAC, 0xB7, 0x9B, 0x7F, 0x63, 0x47,
    0x25, 0x39, 0x4B, 0x57, 0x5D, 0x5E, 0x5E, 0x5E, 0x5E, 0x5E, 0x5E, 0x5E, 0x5E, 0x5E, 0x5E, 0x5E, 0x74, 0x90, 0xAC, 0xB7, 0x9B, 0x7F, 0x63, 0x47,
    0x47, 0x63, 0x7F, 0x9B, 0xB7, 0xAC, 0x90, 0x74, 0x58, 0x42, 0x42, 0x42, 0x42, 0x42, 0x42, 0x42, 0x42, 0x42, 0x42, 0x42, 0x3D, 0x32, 0x24, 0x12,
    0x00, 0x00, 0x00, 0x06, 0x19, 0x2A, 0x37, 0x3F, 0x42, 0x42, 0x42, 0x42, 0x42, 0x42, 0x42, 0x58, 0x74, 0x90, 0xAC, 0xB7, 0x9B, 0x7F, 0x63, 0x47,
    0x12, 0x24, 0x32, 0x3D, 0x42, 0x42, 0x42, 0x42, 0x42, 0x42, 0x42, 0x42, 0x42, 0x42, 0x42, 0x58, 0x74, 0x90, 0xAC, 0xB7, 0x9B, 0x7F, 0x63, 0x47,
    0x12, 0x24, 0x32, 0x3D, 0x42, 0x42, 0x42, 0x42, 0x42, 0x42, 0x42, 0x42, 0x42, 0x42, 0x42, 0x58, 0x74, 0x90, 0xAC, 0xB7, 0x9B, 0x7F, 0x63, 0x47,
    0x47, 0x63, 0x7F, 0x9B, 0xB7, 0xAC, 0x90, 0x74, 0x58, 0x42, 0x42, 0x42, 0x42, 0x42, 0x42, 0x58, 0x74, 0x90, 0xAC, 0xB7, 0x9B, 0x7F, 0x63, 0x47,
    0x00, 0x00, 0x00, 0x00, 0x00, 0x00, 0x0E, 0x29, 0x44, 0x5F, 0x79, 0x94, 0xAF, 0xB5, 0x9B, 0x80, 0x65, 0x4A, 0x2F, 0x14, 0x00, 0x00, 0x00, 0x00,
    0x47, 0x63, 0x7F, 0x9B, 0xB7, 0xAC, 0x90, 0x74, 0x58, 0x42, 0x42, 0x42, 0x42, 0x42, 0x42, 0x58, 0x74, 0x90, 0xAC, 0xB7, 0x9B, 0x7F, 0x63, 0x47,
    0x12, 0x24, 0x32, 0x3D, 0x42, 0x42, 0x42, 0x42, 0x42, 0x42, 0x42, 0x42, 0x42, 0x42, 0x42, 0x58, 0x74, 0x90, 0xAC, 0xB7, 0x9B, 0x7F, 0x63, 0x47,
    0x47, 0x63, 0x7F, 0x9B, 0xB7, 0xAC, 0x90, 0x74, 0x58, 0x3C, 0x26, 0x26, 0x26, 0x26, 0x26, 0x26, 0x26, 0x26, 0x26, 0x26, 0x22, 0x19, 0x0C, 0x00,
    0x00, 0x00, 0x00, 0x00, 0x03, 0x12, 0x1D, 0x24, 0x26, 0x26, 0x26, 0x26, 0x26, 0x26, 0x3C, 0x58, 0x74, 0x90, 0xAC, 0xB7, 0x9B, 0x7F, 0x63, 0x47,
    0x00, 0x0C, 0x19, 0x22, 0x26, 0x26, 0x26, 0x26, 0x26, 0x26, 0x26, 0x26, 0x26, 0x26, 0x3C, 0x58, 0x74, 0x90, 0xAC, 0xB7, 0x9B, 0x7F, 0x63, 0x47,
    0x00, 0x0C, 0x19, 0x22, 0x26, 0x26, 0x26, 0x26, 0x26, 0x26, 0x26, 0x26, 0x26, 0x26, 0x3C, 0x58, 0x74, 0x90, 0xAC, 0xB7, 0x9B, 0x7F, 0x63, 0x47,
    0x47, 0x63, 0x7F, 0x9B, 0xB7, 0xAC, 0x90, 0x74, 0x58, 0x3C, 0x26, 0x26, 0x26, 0x26, 0x3C, 0x58, 0x74, 0x90, 0xAC, 0xB7, 0x9B, 0x7F, 0x63, 0x47,
    0x00, 0x00, 0x00, 0x00, 0x00, 0x00, 0x15, 0x30, 0x4B, 0x66, 0x81, 0x9C, 0xB7, 0xAE, 0x93, 0x78, 0x5D, 0x42, 0x27, 0x0C, 0x00, 0x00, 0x00, 0x00,
    0x47, 0x63, 0x7F, 0x9B, 0xB7, 0xAC, 0x90, 0x74, 0x58, 0x3C, 0x26, 0x26, 0x26, 0x26, 0x3C, 0x58, 0x74, 0x90, 0xAC, 0xB7, 0x9B, 0x7F, 0x63, 0x47,
    0x00, 0x0C, 0x19, 0x22, 0x26, 0x26, 0x26, 0x26, 0x26, 0x26, 0x26, 0x26, 0x26, 0x26, 0x3C, 0x58, 0x74, 0x90, 0xAC, 0xB7, 0x9B, 0x7F, 0x63, 0x47,
    0x47, 0x63, 0x7F, 0x9B, 0xB7, 0xAC, 0x90, 0x74, 0x58, 0x3C, 0x20, 0x0A, 0x0A, 0x0A, 0x0A, 0x0A, 0x0A, 0x0A, 0x0A, 0x0A, 0x06, 0x00, 0x00, 0x00,
    0x00, 0x00, 0x00, 0x00, 0x00, 0x00, 0x02, 0x08, 0x0A, 0x0A, 0x0A, 0x0A, 0x0A, 0x20, 0x3C, 0x58, 0x74, 0x90, 0xAC, 0xB7, 0x9B, 0x7F, 0x63, 0x47,
    0x00, 0x00, 0x00, 0x06, 0x0A, 0x0A, 0x0A, 0x0A, 0x0A, 0x0A, 0x0A, 0x0A, 0x0A, 0x20, 0x3C, 0x58, 0x74, 0x90, 0xAC, 0xB7, 0x9B, 0x7F, 0x63, 0x47,
    0x00, 0x00, 0x00, 0x06, 0x0A, 0x0A, 0x0A, 0x0A, 0x0A, 0x0A, 0x0A, 0x0A, 0x0A, 0x20, 0x3C, 0x58, 0x74, 0x90, 0xAC, 0xB7, 0x9B, 0x7F, 0x63, 0x47,
    0x47, 0x63, 0x7F, 0x9B, 0xB7, 0xAC, 0x90, 0x74, 0x58, 0x3C, 0x20, 0x0A, 0x0A, 0x20, 0x3C, 0x58, 0x74, 0x90, 0xAC, 0xB7, 0x9B, 0x7F, 0x63, 0x47,
    0x00, 0x00, 0x00, 0x00, 0x00, 0x02, 0x1D, 0x38, 0x53, 0x6E, 0x89, 0xA4, 0xBF, 0xA6, 0x8B, 0x70, 0x55, 0x3A, 0x1F, 0x05, 0x00, 0x00, 0x00, 0x00,
    0x47, 0x63, 0x7F, 0x9B, 0xB7, 0xAC, 0x90, 0x74, 0x58, 0x3C, 0x20, 0x0A, 0x0A, 0x20, 0x3C, 0x58, 0x74, 0x90, 0xAC, 0xB7, 0x9B, 0x7F, 0x63, 0x47,
    0x00, 0x00, 0x00, 0x06, 0x0A, 0x0A, 0x0A, 0x0A, 0x0A, 0x0A, 0x0A, 0x0A, 0x0A, 0x20, 0x3C, 0x58, 0x74, 0x90, 0xAC, 0xB7, 0x9B, 0x7F, 0x63, 0x47,
    0x47, 0x63, 0x7F, 0x9B, 0xB7, 0xAC, 0x90, 0x74, 0x58, 0x3C, 0x20, 0x04, 0x00, 0x00, 0x00, 0x00, 0x00, 0x00, 0x00, 0x00, 0x00, 0x00, 0x00, 0x00,
    0x00, 0x00, 0x00, 0x00, 0x00, 0x00, 0x00, 0x00, 0x00, 0x00, 0x00, 0x00, 0x04, 0x20, 0x3C, 0x58, 0x74, 0x90, 0xAC, 0xB7, 0x9B, 0x7F, 0x63, 0x47,
    0x00, 0x00, 0x00, 0x00, 0x00, 0x00, 0x00, 0x00, 0x00, 0x00, 0x00, 0x00, 0x04, 0x20, 0x3C, 0x58, 0x74, 0x90, 0xAC, 0xB7, 0x9B, 0x7F, 0x63, 0x47,
    0x00, 0x00, 0x00, 0x00, 0x00, 0x00, 0x00, 0x00, 0x00, 0x00, 0x00, 0x00, 0x04, 0x20, 0x3C, 0x58, 0x74, 0x90, 0xAC, 0xB7, 0x9B, 0x7F, 0x63, 0x47,
    0x47, 0x63, 0x7F, 0x9B, 0xB7, 0xAC, 0x90, 0x74, 0x58, 0x3C, 0x20, 0x04, 0x04, 0x20, 0x3C, 0x58, 0x74, 0x90, 0xAC, 0xB7, 0x9B, 0x7F, 0x63, 0x47,
    0x00, 0x00, 0x00, 0x00, 0x00, 0x0A, 0x25, 0x40, 0x5B, 0x76, 0x91, 0xAB, 0xB9, 0x9E, 0x83, 0x69, 0x4E, 0x33, 0x18, 0x00, 0x00, 0x00, 0x00, 0x00,
    0x47, 0x63, 0x7F, 0x9B, 0xB7, 0xAC, 0x90, 0x74, 0x58, 0x3C, 0x20, 0x04, 0x04, 0x20, 0x3C, 0x58, 0x74, 0x90, 0xAC, 0xB7, 0x9B, 0x7F, 0x63, 0x47,
    0x00, 0x00, 0x00, 0x00, 0x00, 0x00, 0x00, 0x00, 0x00, 0x00, 0x00, 0x00, 0x04, 0x20, 0x3C, 0x58, 0x74, 0x90, 0xAC, 0xB7, 0x9B, 0x7F, 0x63, 0x47,
    0x47, 0x63, 0x7F, 0x9B, 0xB7, 0xAC, 0x90, 0x74, 0x58, 0x3C, 0x20, 0x04, 0x00, 0x00, 0x00, 0x00, 0x00, 0x00, 0x00, 0x00, 0x00, 0x00, 0x00, 0x00,
    0x00, 0x00, 0x00, 0x00, 0x00, 0x00, 0x00, 0x00, 0x00, 0x00, 0x00, 0x00, 0x04, 0x20, 0x3C, 0x58, 0x74, 0x90, 0xAC, 0xB7, 0x9B, 0x7F, 0x63, 0x47,
    0x00, 0x00, 0x00, 0x00, 0x00, 0x00, 0x00, 0x00, 0x00, 0x00, 0x00, 0x00, 0x04, 0x20, 0x3C, 0x58, 0x74, 0x90, 0xAC, 0xB7, 0x9B, 0x7F, 0x63, 0x47,
    0x00, 0x00, 0x00, 0x00, 0x00, 0x00, 0x00, 0x00, 0x00, 0x00, 0x00, 0x00, 0x04, 0x20, 0x3C, 0x58, 0x74, 0x90, 0xAC, 0xB7, 0x9B, 0x7F, 0x63, 0x47,
    0x47, 0x63, 0x7F, 0x9B, 0xB7, 0xAC, 0x90, 0x74, 0x58, 0x3C, 0x20, 0x04, 0x04, 0x20, 0x3C, 0x58, 0x74, 0x90, 0xAC, 0xB7, 0x9B, 0x7F, 0x63, 0x47,
    0x00, 0x00, 0x00, 0x00, 0x00, 0x12, 0x2D, 0x47, 0x62, 0x7D, 0x98, 0xB3, 0xB2, 0x97, 0x7C, 0x61, 0x46, 0x2B, 0x10, 0x00, 0x00, 0x00, 0x00, 0x00,
    0x47, 0x63, 0x7F, 0x9B, 0xB7, 0xAC, 0x90, 0x74, 0x58, 0x3C, 0x20, 0x04, 0x04, 0x20, 0x3C, 0x58, 0x74, 0x90, 0xAC, 0xB7, 0x9B, 0x7F, 0x63, 0x47,
    0x00, 0x00, 0x00, 0x00, 0x00, 0x00, 0x00, 0x00, 0x00, 0x00, 0x00, 0x00, 0x04, 0x20, 0x3C, 0x58, 0x74, 0x90, 0xAC, 0xB7, 0x9B, 0x7F, 0x63, 0x47,
    0x47, 0x63, 0x7F, 0x9B, 0xB7, 0xAC, 0x90, 0x74, 0x58, 0x3C, 0x20, 0x04, 0x00, 0x00, 0x00, 0x00, 0x00, 0x00, 0x00, 0x00, 0x00, 0x00, 0x00, 0x00,
    0x00, 0x00, 0x00, 0x00, 0x00, 0x00, 0x00, 0x00, 0x00, 0x00, 0x00, 0x00, 0x04, 0x20, 0x3C, 0x58, 0x74, 0x90, 0xAC, 0xB7, 0x9B, 0x7F, 0x63, 0x47,
    0x00, 0x00, 0x00, 0x00, 0x00, 0x00, 0x00, 0x00, 0x00, 0x00, 0x00, 0x00, 0x04, 0x20, 0x3C, 0x58, 0x74, 0x90, 0xAC, 0xB7, 0x9B, 0x7F, 0x63, 0x47,
    0x00, 0x00, 0x00, 0x00, 0x00, 0x00, 0x00, 0x00, 0x00, 0x00, 0x00, 0x00, 0x04, 0x20, 0x3C, 0x58, 0x74, 0x90, 0xAC, 0xB7, 0x9B, 0x7F, 0x63, 0x47,
    0x47, 0x63, 0x7F, 0x9B, 0xB7, 0xAC, 0x90, 0x74, 0x58, 0x3C, 0x20, 0x04, 0x04, 0x20, 0x3C, 0x58, 0x74, 0x90, 0xAC, 0xB7, 0x9B, 0x7F, 0x63, 0x47,
    0x00, 0x00, 0x00, 0x00, 0x00, 0x19, 0x34, 0x4F, 0x6A, 0x85, 0xA0, 0xBB, 0xAA, 0x8F, 0x74, 0x59, 0x3E, 0x23, 0x08, 0x00, 0x00, 0x00, 0x00, 0x00,
    0x47, 0x63, 0x7F, 0x9B, 0xB7, 0xAC, 0x90, 0x74, 0x58, 0x3C, 0x20, 0x04, 0x04, 0x20, 0x3C, 0x58, 0x74, 0x90, 0xAC, 0xB7, 0x9B, 0x7F, 0x63, 0x47,
    0x00, 0x00, 0x00, 0x00, 0x00, 0x00, 0x00, 0x00, 0x00, 0x00, 0x00, 0x00, 0x04, 0x20, 0x3C, 0x58, 0x74, 0x90, 0xAC, 0xB7, 0x9B, 0x7F, 0x63, 0x47,
    0x47, 0x63, 0x7F, 0x9B, 0xB7, 0xAC, 0x90, 0x74, 0x58, 0x3C, 0x20, 0x0F, 0x0F, 0x0F, 0x0F, 0x0F, 0x0F, 0x0F, 0x0F, 0x0F, 0x0C, 0x04, 0x00, 0x00,
    0x00, 0x00, 0x04, 0x0C, 0x0F, 0x0F, 0x0F, 0x0F, 0x0F, 0x0F, 0x0F, 0x0F, 0x0F, 0x20, 0x3C, 0x58, 0x74, 0x90, 0xAC, 0xB7, 0x9B, 0x7F, 0x63, 0x47,
    0x00, 0x00, 0x00, 0x00, 0x00, 0x00, 0x00, 0x00, 0x00, 0x00, 0x00, 0x00, 0x04, 0x20, 0x3C, 0x58, 0x74, 0x90, 0xAC, 0xB7, 0x9B, 0x7F, 0x63, 0x47,
    0x00, 0x00, 0x04, 0x0C, 0x0F, 0x0F, 0x0F, 0x0F, 0x0F, 0x0F, 0x0F, 0x0F, 0x0F, 0x20, 0x3C, 0x58, 0x74, 0x90, 0xAC, 0xB7, 0x9B, 0x7F, 0x63, 0x47,
    0x47, 0x63, 0x7F, 0x9B, 0xB7, 0xAC, 0x90, 0x74, 0x58, 0x3C, 0x20, 0x0F, 0x0F, 0x20, 0x3C, 0x58, 0x74, 0x90, 0xAC, 0xB7, 0x9B, 0x7F, 0x63, 0x47,
    0x00, 0x00, 0x00, 0x00, 0x06, 0x21, 0x3C, 0x57, 0x72, 0x8D, 0xA8, 0xBD, 0xA2, 0x87, 0x6C, 0x51, 0x37, 0x1C, 0x01, 0x00, 0x00, 0x00, 0x00, 0x00,
    0x47, 0x63, 0x7F, 0x9B, 0xB7, 0xAC, 0x90, 0x74, 0x58, 0x3C, 0x20, 0x0F, 0x0F, 0x20, 0x3C, 0x58, 0x74, 0x90, 0xAC, 0xB7, 0x9B, 0x7F, 0x63, 0x47,
    0x00, 0x00, 0x04, 0x0C, 0x0F, 0x0F, 0x0F, 0x0F, 0x0F, 0x0F, 0x0F, 0x0F, 0x0F, 0x20, 0x3C, 0x58, 0x74, 0x90, 0xAC, 0xB7, 0x9B, 0x7F, 0x63, 0x47,
    0x47, 0x63, 0x7F, 0x9B, 0xB7, 0xAC, 0x90, 0x74, 0x58, 0x3C, 0x2B, 0x2B, 0x2B, 0x2B, 0x2B, 0x2B, 0x2B, 0x2B, 0x2B, 0x2B, 0x27, 0x1E, 0x11, 0x01,
    0x01, 0x11, 0x1E, 0x27, 0x2B, 0x2B, 0x2B, 0x2B, 0x2B, 0x2B, 0x2B, 0x2B, 0x2B, 0x2B, 0x3C, 0x58, 0x74, 0x90, 0xAC, 0xB7, 0x9B, 0x7F, 0x63, 0x47,
    0x00, 0x00, 0x00, 0x00, 0x00, 0x00, 0x00, 0x00, 0x00, 0x00, 0x00, 0x00, 0x04, 0x20, 0x3C, 0x58, 0x74, 0x90, 0xAC, 0xB7, 0x9B, 0x7F, 0x63, 0x47,
    0x01, 0x11, 0x1E, 0x27, 0x2B, 0x2B, 0x2B, 0x2B, 0x2B, 0x2B, 0x2B, 0x2B, 0x2B, 0x2B, 0x3C, 0x58, 0x74, 0x90, 0xAC, 0xB7, 0x9B, 0x7F, 0x63, 0x47,
    0x47, 0x63, 0x7F, 0x9B, 0xB7, 0xAC, 0x90, 0x74, 0x58, 0x3C, 0x2B, 0x2B, 0x2B, 0x2B, 0x3C, 0x58, 0x74, 0x90, 0xAC, 0xB7, 0x9B, 0x7F, 0x63, 0x47,
    0x00, 0x00, 0x00, 0x00, 0x0E, 0x29, 0x44, 0x5F, 0x79, 0x94, 0xAF, 0xB5, 0x9B, 0x80, 0x65, 0x4A, 0x2F, 0x14, 0x00, 0x00, 0x00, 0x00, 0x00, 0x00,
    0x47, 0x63, 0x7F, 0x9B, 0xB7, 0xAC, 0x90, 0x74, 0x58, 0x3C, 0x2B, 0x2B, 0x2B, 0x2B, 0x3C, 0x58, 0x74, 0x90, 0xAC, 0xB7, 0x9B, 0x7F, 0x63, 0x47,
    0x01, 0x11, 0x1E, 0x27, 0x2B, 0x2B, 0x2B, 0x2B, 0x2B, 0x2B, 0x2B, 0x2B, 0x2B, 0x2B, 0x3C, 0x58, 0x74, 0x90, 0xAC, 0xB7, 0x9B, 0x7F, 0x63, 0x47,
    0x47, 0x63, 0x7F, 0x9B, 0xB7, 0xAC, 0x90, 0x74, 0x58, 0x47, 0x47, 0x47, 0x47, 0x47, 0x47, 0x47, 0x47, 0x47, 0x47, 0x47, 0x42, 0x37, 0x28, 0x16,
    0x16, 0x28, 0x37, 0x42, 0x47, 0x47, 0x47, 0x47, 0x47, 0x47, 0x47, 0x47, 0x47, 0x47, 0x47, 0x58, 0x74, 0x90, 0xAC, 0xB7, 0x9B, 0x7F, 0x63, 0x47,
    0x00, 0x00, 0x00, 0x00, 0x00, 0x00, 0x00, 0x00, 0x00, 0x00, 0x00, 0x00, 0x04, 0x20, 0x3C, 0x58, 0x74, 0x90, 0xAC, 0xB7, 0x9B, 0x7F, 0x63, 0x47,
    0x16, 0x28, 0x37, 0x42, 0x47, 0x47, 0x47, 0x47, 0x47, 0x47, 0x47, 0x47, 0x47, 0x47, 0x47, 0x58, 0x74, 0x90, 0xAC, 0xB7, 0x9B, 0x7F, 0x63, 0x47,
    0x47, 0x63, 0x7F, 0x9B, 0xB7, 0xAC, 0x90, 0x74, 0x58, 0x47, 0x47, 0x47, 0x47, 0x47, 0x47, 0x58, 0x74, 0x90, 0xAC, 0xB7, 0x9B, 0x7F, 0x63, 0x47,
    0x00, 0x00, 0x00, 0x00, 0x15, 0x30, 0x4B, 0x66, 0x81, 0x9C, 0xB7, 0xAE, 0x93, 0x78, 0x5D, 0x42, 0x27, 0x0C, 0x00, 0x00, 0x00, 0x00, 0x00, 0x00,
    0x47, 0x63, 0x7F, 0x9B, 0xB7, 0xAC, 0x90, 0x74, 0x58, 0x47, 0x47, 0x47, 0x47, 0x47, 0x47, 0x58, 0x74, 0x90, 0xAC, 0xB7, 0x9B, 0x7F, 0x63, 0x47,
    0x16, 0x28, 0x37, 0x42, 0x47, 0x47, 0x47, 0x47, 0x47, 0x47, 0x47, 0x47, 0x47, 0x47, 0x47, 0x58, 0x74, 0x90, 0xAC, 0xB7, 0x9B, 0x7F, 0x63, 0x47,
    0x47, 0x63, 0x7F, 0x9B, 0xB7, 0xAC, 0x90, 0x74, 0x63, 0x63, 0x63, 0x63, 0x63, 0x63, 0x63, 0x63, 0x63, 0x63, 0x63, 0x63, 0x5D, 0x4F, 0x3D, 0x28,
    0x28, 0x3D, 0x4F, 0x5D, 0x63, 0x63, 0x63, 0x63, 0x63, 0x63, 0x63, 0x63, 0x63, 0x63, 0x63, 0x63, 0x74, 0x90, 0xAC, 0xB7, 0x9B, 0x7F, 0x63, 0x47,
    0x00, 0x00, 0x00, 0x00, 0x00, 0x00, 0x00, 0x00, 0x00, 0x00, 0x00, 0x00, 0x04, 0x20, 0x3C, 0x58, 0x74, 0x90, 0xAC, 0xB7, 0x9B, 0x7F, 0x63, 0x47,
    0x28, 0x3D, 0x4F, 0x5D, 0x63, 0x63, 0x63, 0x63, 0x63, 0x63, 0x63, 0x63, 0x63, 0x63, 0x63, 0x63, 0x74, 0x90, 0xAC, 0xB7, 0x9B, 0x7F, 0x63, 0x47,
    0x47, 0x63, 0x7F, 0x9B, 0xB7, 0xAC, 0x90, 0x74, 0x63, 0x63, 0x63, 0x63, 0x63, 0x63, 0x63, 0x63, 0x74, 0x90, 0xAC, 0xB7, 0x9B, 0x7F, 0x63, 0x47,
    0x00, 0x00, 0x00, 0x02, 0x1D, 0x38, 0x53, 0x6E, 0x89, 0xA4, 0xBF, 0xA6, 0x8B, 0x70, 0x55, 0x3A, 0x1F, 0x05, 0x00, 0x00, 0x00, 0x00, 0x00, 0x00,
    0x47, 0x63, 0x7F, 0x9B, 0xB7, 0xAC, 0x90, 0x74, 0x63, 0x63, 0x63, 0x63, 0x63, 0x63, 0x63, 0x63, 0x74, 0x90, 0xAC, 0xB7, 0x9B, 0x7F, 0x63, 0x47,
    0x28, 0x3D, 0x4F, 0x5D, 0x63, 0x63, 0x63, 0x63, 0x63, 0x63, 0x63, 0x63, 0x63, 0x63, 0x63, 0x63, 0x74, 0x90, 0xAC, 0xB7, 0x9B, 0x7F, 0x63, 0x47,
    0x47, 0x63, 0x7F, 0x9B, 0xB7, 0xAC, 0x90, 0x7F, 0x7F, 0x7F, 0x7F, 0x7F, 0x7F, 0x7F, 0x7F, 0x7F, 0x7F, 0x7F, 0x7F, 0x7F, 0x76, 0x65, 0x4F, 0x37,
    0x37, 0x4F, 0x65, 0x76, 0x7F, 0x7F, 0x7F, 0x7F, 0x7F, 0x7F, 0x7F, 0x7F, 0x7F, 0x7F, 0x7F, 0x7F, 0x7F, 0x90, 0xAC, 0xB7, 0x9B, 0x7F, 0x63, 0x47,
    0x00, 0x00, 0x00, 0x00, 0x00, 0x00, 0x00, 0x00, 0x00, 0x00, 0x00, 0x00, 0x04, 0x20, 0x3C, 0x58, 0x74, 0x90, 0xAC, 0xB7, 0x9B, 0x7F, 0x63, 0x47,
    0x37, 0x4F, 0x65, 0x76, 0x7F, 0x7F, 0x7F, 0x7F, 0x7F, 0x7F, 0x7F, 0x7F, 0x7F, 0x7F, 0x7F, 0x7F, 0x7F, 0x90, 0xAC, 0xB7, 0x9B, 0x7F, 0x63, 0x47,
    0x47, 0x63, 0x7F, 0x9B, 0xB7, 0xAC, 0x90, 0x7F, 0x7F, 0x7F, 0x7F, 0x7F, 0x7F, 0x7F, 0x7F, 0x7F, 0x7F, 0x90, 0xAC, 0xB7, 0x9B, 0x7F, 0x63, 0x47,
    0x00, 0x00, 0x00, 0x0A, 0x25, 0x40, 0x5B, 0x76, 0x91, 0xAB, 0xB9, 0x9E, 0x83, 0x69, 0x4E, 0x33, 0x18, 0x00, 0x00, 0x00, 0x00, 0x00, 0x00, 0x00,
    0x47, 0x63, 0x7F, 0x9B, 0xB7, 0xAC, 0x90, 0x7F, 0x7F, 0x7F, 0x7F, 0x7F, 0x7F, 0x7F, 0x7F, 0x7F, 0x7F, 0x90, 0xAC, 0xB7, 0x9B, 0x7F, 0x63, 0x47,
    0x37, 0x4F, 0x65, 0x76, 0x7F, 0x7F, 0x7F, 0x7F, 0x7F, 0x7F, 0x7F, 0x7F, 0x7F, 0x7F, 0x7F, 0x7F, 0x7F, 0x90, 0xAC, 0xB7, 0x9B, 0x7F, 0x63, 0x47,
    0x47, 0x63, 0x7F, 0x9B, 0xB7, 0xAC, 0x9B, 0x9B, 0x9B, 0x9B, 0x9B, 0x9B, 0x9B, 0x9B, 0x9B, 0x9B, 0x9B, 0x9B, 0x9B, 0x9A, 0x8C, 0x76, 0x5D, 0x42,
    0x42, 0x5D, 0x76, 0x8C, 0x9A, 0x9B, 0x9B, 0x9B, 0x9B, 0x9B, 0x9B, 0x9B, 0x9B, 0x9B, 0x9B, 0x9B, 0x9B, 0x9B, 0xAC, 0xB7, 0x9B, 0x7F, 0x63, 0x47,
    0x00, 0x00, 0x00, 0x00, 0x00, 0x00, 0x00, 0x00, 0x00, 0x00, 0x00, 0x00, 0x04, 0x20, 0x3C, 0x58, 0x74, 0x90, 0xAC, 0xB7, 0x9B, 0x7F, 0x63, 0x47,
    0x42, 0x5D, 0x76, 0x8C, 0x9A, 0x9B, 0x9B, 0x9B, 0x9B, 0x9B, 0x9B, 0x9B, 0x9B, 0x9B, 0x9B, 0x9B, 0x9B, 0x9B, 0xAC, 0xB7, 0x9B, 0x7F, 0x63, 0x47,
    0x47, 0x63, 0x7F, 0x9B, 0xB7, 0xAC, 0x9B, 0x9B, 0x9B, 0x9B, 0x9B, 0x9B, 0x9B, 0x9B, 0x9B, 0x9B, 0x9B, 0x9B, 0xAC, 0xB7, 0x9B, 0x7F, 0x63, 0x47,
    0x00, 0x00, 0x00, 0x11, 0x2C, 0x47, 0x62, 0x7D, 0x98, 0xB3, 0xB2, 0x97, 0x7C, 0x61, 0x46, 0x2B, 0x10, 0x00, 0x00, 0x00, 0x00, 0x00, 0x00, 0x00,
    0x47, 0x63, 0x7F, 0x9B, 0xB7, 0xAC, 0x9B, 0x9B, 0x9B, 0x9B, 0x9B, 0x9B, 0x9B, 0x9B, 0x9B, 0x9B, 0x9B, 0x9B, 0xAC, 0xB7, 0x9B, 0x7F, 0x63, 0x47,
    0x42, 0x5D, 0x76, 0x8C, 0x9A, 0x9B, 0x9B, 0x9B, 0x9B, 0x9B, 0x9B, 0x9B, 0x9B, 0x9B, 0x9B, 0x9B, 0x9B, 0x9B, 0xAC, 0xB7, 0x9B, 0x7F, 0x63, 0x47,
    0x47, 0x63, 0x7F, 0x9B, 0xB7, 0xB7, 0xB7, 0xB7, 0xB7, 0xB7, 0xB7, 0xB7, 0xB7, 0xB7, 0xB7, 0xB7, 0xB7, 0xB7, 0xB7, 0xB4, 0x9A, 0x7F, 0x63, 0x47,
    0x47, 0x63, 0x7F, 0x9A, 0xB4, 0xB7, 0xB7, 0xB7, 0xB7, 0xB7, 0xB7, 0xB7, 0xB7, 0xB7, 0xB7, 0xB7, 0xB7, 0xB7, 0xB7, 0xB7, 0x9B, 0x7F, 0x63, 0x47,
    0x00, 0x00, 0x00, 0x00, 0x00, 0x00, 0x00, 0x00, 0x00, 0x00, 0x00, 0x00, 0x04, 0x20, 0x3C, 0x58, 0x74, 0x90, 0xAC, 0xB7, 0x9B, 0x7F, 0x63, 0x47,
    0x47, 0x63, 0x7F, 0x9A, 0xB4, 0xB7, 0xB7, 0xB7, 0xB7, 0xB7, 0xB7, 0xB7, 0xB7, 0xB7, 0xB7, 0xB7, 0xB7, 0xB7, 0xB7, 0xB7, 0x9B, 0x7F, 0x63, 0x47,
    0x47, 0x63, 0x7F, 0x9B, 0xB7, 0xB7, 0xB7, 0xB7, 0xB7, 0xB7, 0xB7, 0xB7, 0xB7, 0xB7, 0xB7, 0xB7, 0xB7, 0xB7, 0xB7, 0xB7, 0x9B, 0x7F, 0x63, 0x47,
    0x00, 0x00, 0x00, 0x15, 0x31, 0x4D, 0x69, 0x84, 0xA0, 0xBB, 0xAA, 0x8F, 0x74, 0x59, 0x3E, 0x23, 0x08, 0x00, 0x00, 0x00, 0x00, 0x00, 0x00, 0x00,
    0x47, 0x63, 0x7F, 0x9B, 0xB7, 0xB7, 0xB7, 0xB7, 0xB7, 0xB7, 0xB7, 0xB7, 0xB7, 0xB7, 0xB7, 0xB7, 0xB7, 0xB7, 0xB7, 0xB7, 0x9B, 0x7F, 0x63, 0x47,
    0x47, 0x63, 0x7F, 0x9A, 0xB4, 0xB7, 0xB7, 0xB7, 0xB7, 0xB7, 0xB7, 0xB7, 0xB7, 0xB7, 0xB7, 0xB7, 0xB7, 0xB7, 0xB7, 0xB7, 0x9B, 0x7F, 0x63, 0x47,
    0x46, 0x61, 0x7D, 0x96, 0xAB, 0xAC, 0xAC, 0xAC, 0xAC, 0xAC, 0xAC, 0xAC, 0xAC, 0xAC, 0xAC, 0xAC, 0xAC, 0xAC, 0xAC, 0xAB, 0x96, 0x7D, 0x61, 0x46,
    0x46, 0x61, 0x7D, 0x96, 0xAB, 0xAC, 0xAC, 0xAC, 0xAC, 0xAC, 0xAC, 0xAC, 0xAC, 0xAC, 0xAC, 0xAC, 0xAC, 0xAC, 0xAC, 0xAB, 0x96, 0x7D, 0x61, 0x46,
    0x00, 0x00, 0x00, 0x00, 0x00, 0x00, 0x00, 0x00, 0x00, 0x00, 0x00, 0x00, 0x03, 0x1F, 0x3B, 0x56, 0x72, 0x8C, 0xA4, 0xAB, 0x96, 0x7D, 0x61, 0x46,
    0x46, 0x61, 0x7D, 0x96, 0xAB, 0xAC, 0xAC, 0xAC, 0xAC, 0xAC, 0xAC, 0xAC, 0xAC, 0xAC, 0xAC, 0xAC, 0xAC, 0xAC, 0xAC, 0xAB, 0x96, 0x7D, 0x61, 0x46,
    0x46, 0x61, 0x7D, 0x96, 0xAB, 0xAC, 0xAC, 0xAC, 0xAC, 0xAC, 0xAC, 0xAC, 0xAC, 0xAC, 0xAC, 0xAC, 0xAC, 0xAC, 0xAC, 0xAB, 0x96, 0x7D, 0x61, 0x46,
    0x00, 0x00, 0x00, 0x14, 0x30, 0x4B, 0x67, 0x82, 0x9B, 0xAC, 0xA0, 0x87, 0x6C, 0x51, 0x37, 0x1C, 0x01, 0x00, 0x00, 0x00, 0x00, 0x00, 0x00, 0x00,
    0x46, 0x61, 0x7D, 0x96, 0xAB, 0xAC, 0xAC, 0xAC, 0xAC, 0xAC, 0xAC, 0xAC, 0xAC, 0xAC, 0xAC, 0xAC, 0xAC, 0xAC, 0xAC, 0xAB, 0x96, 0x7D, 0x61, 0x46,
    0x46, 0x61, 0x7D, 0x96, 0xAB, 0xAC, 0xAC, 0xAC, 0xAC, 0xAC, 0xAC, 0xAC, 0xAC, 0xAC, 0xAC, 0xAC, 0xAC, 0xAC, 0xAC, 0xAB, 0x96, 0x7D, 0x61, 0x46,
    0x3E, 0x58, 0x70, 0x84, 0x90, 0x90, 0x90, 0x90, 0x90, 0x90, 0x90, 0x90, 0x90, 0x90, 0x90, 0x90, 0x90, 0x90, 0x90, 0x90, 0x84, 0x70, 0x58, 0x3E,
    0x3E, 0x58, 0x70, 0x84, 0x90, 0x90, 0x90, 0x90, 0x90, 0x90, 0x90, 0x90, 0x90, 0x90, 0x90, 0x90, 0x90, 0x90, 0x90, 0x90, 0x84, 0x70, 0x58, 0x3E,
    0x00, 0x00, 0x00, 0x00, 0x00, 0x00, 0x00, 0x00, 0x00, 0x00, 0x00, 0x00, 0x00, 0x19, 0x34, 0x4E, 0x67, 0x7D, 0x8C, 0x90, 0x84, 0x70, 0x58, 0x3E,
    0x3E, 0x58, 0x70, 0x84, 0x90, 0x90, 0x90, 0x90, 0x90, 0x90, 0x90, 0x90, 0x90, 0x90, 0x90, 0x90, 0x90, 0x90, 0x90, 0x90, 0x84, 0x70, 0x58, 0x3E,
    0x3E, 0x58, 0x70, 0x84, 0x90, 0x90, 0x90, 0x90, 0x90, 0x90, 0x90, 0x90, 0x90, 0x90, 0x90, 0x90, 0x90, 0x90, 0x90, 0x90, 0x84, 0x70, 0x58, 0x3E,
    0x00, 0x00, 0x00, 0x0F, 0x29, 0x44, 0x5D, 0x74, 0x87, 0x90, 0x8A, 0x78, 0x62, 0x49, 0x2F, 0x14, 0x00, 0x00, 0x00, 0x00, 0x00, 0x00, 0x00, 0x00,
    0x3E, 0x58, 0x70, 0x84, 0x90, 0x90, 0x90, 0x90, 0x90, 0x90, 0x90, 0x90, 0x90, 0x90, 0x90, 0x90, 0x90, 0x90, 0x90, 0x90, 0x84, 0x70, 0x58, 0x3E,
    0x3E, 0x58, 0x70, 0x84, 0x90, 0x90, 0x90, 0x90, 0x90, 0x90, 0x90, 0x90, 0x90, 0x90, 0x90, 0x90, 0x90, 0x90, 0x90, 0x90, 0x84, 0x70, 0x58, 0x3E,
    0x32, 0x48, 0x5D, 0x6C, 0x74, 0x74, 0x74, 0x74, 0x74, 0x74, 0x74, 0x74, 0x74, 0x74, 0x74, 0x74, 0x74, 0x74, 0x74, 0x74, 0x6C, 0x5D, 0x48, 0x32,
    0x32, 0x48, 0x5D, 0x6C, 0x74, 0x74, 0x74, 0x74, 0x74, 0x74, 0x74, 0x74, 0x74, 0x74, 0x74, 0x74, 0x74, 0x74, 0x74, 0x74, 0x6C, 0x5D, 0x48, 0x32,
    0x00, 0x00, 0x00, 0x00, 0x00, 0x00, 0x00, 0x00, 0x00, 0x00, 0x00, 0x00, 0x00, 0x0F, 0x28, 0x40, 0x55, 0x67, 0x72, 0x74, 0x6C, 0x5D, 0x48, 0x32,
    0x32, 0x48, 0x5D, 0x6C, 0x74, 0x74, 0x74, 0x74, 0x74, 0x74, 0x74, 0x74, 0x74, 0x74, 0x74, 0x74, 0x74, 0x74, 0x74, 0x74, 0x6C, 0x5D, 0x48, 0x32,
    0x32, 0x48, 0x5D, 0x6C, 0x74, 0x74, 0x74, 0x74, 0x74, 0x74, 0x74, 0x74, 0x74, 0x74, 0x74, 0x74, 0x74, 0x74, 0x74, 0x74, 0x6C, 0x5D, 0x48, 0x32,
    0x00, 0x00, 0x00, 0x05, 0x1E, 0x36, 0x4D, 0x60, 0x6E, 0x74, 0x70, 0x63, 0x51, 0x3B, 0x23, 0x0A, 0x00, 0x00, 0x00, 0x00, 0x00, 0x00, 0x00, 0x00,
    0x32, 0x48, 0x5D, 0x6C, 0x74, 0x74, 0x74, 0x74, 0x74, 0x74, 0x74, 0x74, 0x74, 0x74, 0x74, 0x74, 0x74, 0x74, 0x74, 0x74, 0x6C, 0x5D, 0x48, 0x32,
    0x32, 0x48, 0x5D, 0x6C, 0x74, 0x74, 0x74, 0x74, 0x74, 0x74, 0x74, 0x74, 0x74, 0x74, 0x74, 0x74, 0x74, 0x74, 0x74, 0x74, 0x6C, 0x5D, 0x48, 0x32,
    0x21, 0x35, 0x46, 0x52, 0x58, 0x58, 0x58, 0x58, 0x58, 0x58, 0x58, 0x58, 0x58, 0x58, 0x58, 0x58, 0x58, 0x58, 0x58, 0x58, 0x52, 0x46, 0x35, 0x21,
    0x21, 0x35, 0x46, 0x52, 0x58, 0x58, 0x58, 0x58, 0x58, 0x58, 0x58, 0x58, 0x58, 0x58, 0x58, 0x58, 0x58, 0x58, 0x58, 0x58, 0x52, 0x46, 0x35, 0x21,
    0x00, 0x00, 0x00, 0x00, 0x00, 0x00, 0x00, 0x00, 0x00, 0x00, 0x00, 0x00, 0x00, 0x02, 0x18, 0x2D, 0x40, 0x4E, 0x56, 0x58, 0x52, 0x46, 0x35, 0x21,
    0x21, 0x35, 0x46, 0x52, 0x58, 0x58, 0x58, 0x58, 0x58, 0x58, 0x58, 0x58, 0x58, 0x58, 0x58, 0x58, 0x58, 0x58, 0x58, 0x58, 0x52, 0x46, 0x35, 0x21,
    0x21, 0x35, 0x46, 0x52, 0x58, 0x58, 0x58, 0x58, 0x58, 0x58, 0x58, 0x58, 0x58, 0x58, 0x58, 0x58, 0x58, 0x58, 0x58, 0x58, 0x52, 0x46, 0x35, 0x21,
    0x00, 0x00, 0x00, 0x00, 0x0F, 0x25, 0x39, 0x49, 0x54, 0x58, 0x55, 0x4B, 0x3C, 0x29, 0x14, 0x00, 0x00, 0x00, 0x00, 0x00, 0x00, 0x00, 0x00, 0x00,
    0x21, 0x35, 0x46, 0x52, 0x58, 0x58, 0x58, 0x58, 0x58, 0x58, 0x58, 0x58, 0x58, 0x58, 0x58, 0x58, 0x58, 0x58, 0x58, 0x58, 0x52, 0x46, 0x35, 0x21,
    0x21, 0x35, 0x46, 0x52, 0x58, 0x58, 0x58, 0x58, 0x58, 0x58, 0x58, 0x58, 0x58, 0x58, 0x58, 0x58, 0x58, 0x58, 0x58, 0x58, 0x52, 0x46, 0x35, 0x21,
    0x0D, 0x1F, 0x2D, 0x37, 0x3C, 0x3C, 0x3C, 0x3C, 0x3C, 0x3C, 0x3C, 0x3C, 0x3C, 0x3C, 0x3C, 0x3C, 0x3C, 0x3C, 0x3C, 0x3C, 0x37, 0x2D, 0x1F, 0x0D,
    0x0D, 0x1F, 0x2D, 0x37, 0x3C, 0x3C, 0x3C, 0x3C, 0x3C, 0x3C, 0x3C, 0x3C, 0x3C, 0x3C, 0x3C, 0x3C, 0x3C, 0x3C, 0x3C, 0x3C, 0x37, 0x2D, 0x1F, 0x0D,
    0x00, 0x00, 0x00, 0x00, 0x00, 0x00, 0x00, 0x00, 0x00, 0x00, 0x00, 0x00, 0x00, 0x00, 0x06, 0x18, 0x28, 0x34, 0x3B, 0x3C, 0x37, 0x2D, 0x1F, 0x0D,
    0x0D, 0x1F, 0x2D, 0x37, 0x3C, 0x3C, 0x3C, 0x3C, 0x3C, 0x3C, 0x3C, 0x3C, 0x3C, 0x3C, 0x3C, 0x3C, 0x3C, 0x3C, 0x3C, 0x3C, 0x37, 0x2D, 0x1F, 0x0D,
    0x0D, 0x1F, 0x2D, 0x37, 0x3C, 0x3C, 0x3C, 0x3C, 0x3C, 0x3C, 0x3C, 0x3C, 0x3C, 0x3C, 0x3C, 0x3C, 0x3C, 0x3C, 0x3C, 0x3C, 0x37, 0x2D, 0x1F, 0x0D,
    0x00, 0x00, 0x00, 0x00, 0x00, 0x11, 0x22, 0x30, 0x39, 0x3C, 0x3A, 0x32, 0x25, 0x15, 0x02, 0x00, 0x00, 0x00, 0x00, 0x00, 0x00, 0x00, 0x00, 0x00,
    0x0D, 0x1F, 0x2D, 0x37, 0x3C, 0x3C, 0x3C, 0x3C, 0x3C, 0x3C, 0x3C, 0x3C, 0x3C, 0x3C, 0x3C, 0x3C, 0x3C, 0x3C, 0x3C, 0x3C, 0x37, 0x2D, 0x1F, 0x0D,
    0x0D, 0x1F, 0x2D, 0x37, 0x3C, 0x3C, 0x3C, 0x3C, 0x3C, 0x3C, 0x3C, 0x3C, 0x3C, 0x3C, 0x3C, 0x3C, 0x3C, 0x3C, 0x3C, 0x3C, 0x37, 0x2D, 0x1F, 0x0D,
    0x00, 0x07, 0x14, 0x1C, 0x20, 0x20, 0x20, 0x20, 0x20, 0x20, 0x20, 0x20, 0x20, 0x20, 0x20, 0x20, 0x20, 0x20, 0x20, 0x20, 0x1C, 0x14, 0x07, 0x00,
    0x00, 0x07, 0x14, 0x1C, 0x20, 0x20, 0x20, 0x20, 0x20, 0x20, 0x20, 0x20, 0x20, 0x20, 0x20, 0x20, 0x20, 0x20, 0x20, 0x20, 0x1C, 0x14, 0x07, 0x00,
    0x00, 0x00, 0x00, 0x00, 0x00, 0x00, 0x00, 0x00, 0x00, 0x00, 0x00, 0x00, 0x00, 0x00, 0x00, 0x02, 0x0F, 0x19, 0x1F, 0x20, 0x1C, 0x14, 0x07, 0x00,
    0x00, 0x07, 0x14, 0x1C, 0x20, 0x20, 0x20, 0x20, 0x20, 0x20, 0x20, 0x20, 0x20, 0x20, 0x20, 0x20, 0x20, 0x20, 0x20, 0x20, 0x1C, 0x14, 0x07, 0x00,
    0x00, 0x07, 0x14, 0x1C, 0x20, 0x20, 0x20, 0x20, 0x20, 0x20, 0x20, 0x20, 0x20, 0x20, 0x20, 0x20, 0x20, 0x20, 0x20, 0x20, 0x1C, 0x14, 0x07, 0x00,
    0x00, 0x00, 0x00, 0x00, 0x00, 0x00, 0x0A, 0x16, 0x1D, 0x20, 0x1E, 0x18, 0x0D, 0x00, 0x00, 0x00, 0x00, 0x00, 0x00, 0x00, 0x00, 0x00, 0x00, 0x00,
    0x00, 0x07, 0x14, 0x1C, 0x20, 0x20, 0x20, 0x20, 0x20, 0x20, 0x20, 0x20, 0x20, 0x20, 0x20, 0x20, 0x20, 0x20, 0x20, 0x20, 0x1C, 0x14, 0x07, 0x00,
    0x00, 0x07, 0x14, 0x1C, 0x20, 0x20, 0x20, 0x20, 0x20, 0x20, 0x20, 0x20, 0x20, 0x20, 0x20, 0x20, 0x20, 0x20, 0x20, 0x20, 0x1C, 0x14, 0x07, 0x00,
    0x00, 0x00, 0x00, 0x01, 0x04, 0x04, 0x04, 0x04, 0x04, 0x04, 0x04, 0x04, 0x04, 0x04, 0x04, 0x04, 0x04, 0x04, 0x04, 0x04, 0x01, 0x00, 0x00, 0x00,
    0x00, 0x00, 0x00, 0x01, 0x04, 0x04, 0x04, 0x04, 0x04, 0x04, 0x04, 0x04, 0x04, 0x04, 0x04, 0x04, 0x04, 0x04, 0x04, 0x04, 0x01, 0x00, 0x00, 0x00,
    0x00, 0x00, 0x00, 0x00, 0x00, 0x00, 0x00, 0x00, 0x00, 0x00, 0x00, 0x00, 0x00, 0x00, 0x00, 0x00, 0x00, 0x00, 0x03, 0x04, 0x01, 0x00, 0x00, 0x00,
    0x00, 0x00, 0x00, 0x01, 0x04, 0x04, 0x04, 0x04, 0x04, 0x04, 0x04, 0x04, 0x04, 0x04, 0x04, 0x04, 0x04, 0x04, 0x04, 0x04, 0x01, 0x00, 0x00, 0x00,
    0x00, 0x00, 0x00, 0x01, 0x04, 0x04, 0x04, 0x04, 0x04, 0x04, 0x04, 0x04, 0x04, 0x04, 0x04, 0x04, 0x04, 0x04, 0x04, 0x04, 0x01, 0x00, 0x00, 0x00,
    0x00, 0x00, 0x00, 0x00, 0x00, 0x00, 0x00, 0x00, 0x02, 0x04, 0x03, 0x00, 0x00, 0x00, 0x00, 0x00, 0x00, 0x00, 0x00, 0x00, 0x00, 0x00, 0x00, 0x00,
    0x00, 0x00, 0x00, 0x01, 0x04, 0x04, 0x04, 0x04, 0x04, 0x04, 0x04, 0x04, 0x04, 0x04, 0x04, 0x04, 0x04, 0x04, 0x04, 0x04, 0x01, 0x00, 0x00, 0x00,
    0x00, 0x00, 0x00, 0x01, 0x04, 0x04, 0x04, 0x04, 0x04, 0x04, 0x04, 0x04, 0x04, 0x04, 0x04, 0x04, 0x04, 0x04, 0x04, 0x04, 0x01, 0x00, 0x00, 0x00,
    0x00, 0x00, 0x00, 0x01, 0x04, 0x04, 0x04, 0x04, 0x04, 0x04, 0x04, 0x04, 0x04, 0x04, 0x04, 0x04, 0x04, 0x04, 0x04, 0x04, 0x01, 0x00, 0x00, 0x00,
    0x00, 0x00, 0x02, 0x04, 0x04, 0x04, 0x04, 0x04, 0x04, 0x04, 0x04, 0x04, 0x04, 0x04, 0x04, 0x04, 0x04, 0x04, 0x04, 0x04, 0x04, 0x02, 0x00, 0x00,
    0x00, 0x00, 0x00, 0x01, 0x04, 0x04, 0x04, 0x04, 0x04, 0x04, 0x04, 0x04, 0x04, 0x04, 0x04, 0x04, 0x04, 0x04, 0x04, 0x04, 0x01, 0x00, 0x00, 0x00,
    0x00, 0x00, 0x00, 0x01, 0x04, 0x03, 0x00, 0x00, 0x00, 0x00, 0x00, 0x00, 0x00, 0x00, 0x00, 0x00, 0x00, 0x00, 0x03, 0x04, 0x01, 0x00, 0x00, 0x00,
    0x00, 0x00, 0x00, 0x00, 0x00, 0x00, 0x00, 0x00, 0x00, 0x00, 0x00, 0x00, 0x00, 0x00, 0x00, 0x00, 0x00, 0x00, 0x00, 0x00, 0x00, 0x00, 0x00, 0x00,
    0x00, 0x00, 0x00, 0x00, 0x00, 0x00, 0x00, 0x00, 0x00, 0x00, 0x00, 0x00, 0x00, 0x00, 0x00, 0x00, 0x00, 0x00, 0x00, 0x00, 0x00, 0x00, 0x00, 0x00,
    0x00, 0x00, 0x00, 0x00, 0x00, 0x00, 0x00, 0x00, 0x00, 0x00, 0x00, 0x00, 0x00, 0x00, 0x00, 0x00, 0x00, 0x00, 0x00, 0x00, 0x00, 0x00, 0x00, 0x00,
    0x00, 0x00, 0x00, 0x00, 0x00, 0x00, 0x00, 0x00, 0x00, 0x00, 0x00, 0x00, 0x00, 0x00, 0x00, 0x00, 0x00, 0x00, 0x00, 0x00, 0x00, 0x00, 0x00, 0x00,
    0x00, 0x07, 0x14, 0x1C, 0x20, 0x20, 0x20, 0x20, 0x20, 0x20, 0x20, 0x20, 0x20, 0x20, 0x20, 0x20, 0x20, 0x20, 0x20, 0x20, 0x1C, 0x14, 0x07, 0x00,
    0x0A, 0x16, 0x1D, 0x20, 0x20, 0x20, 0x20, 0x20, 0x20, 0x20, 0x20, 0x20, 0x20, 0x20, 0x20, 0x20, 0x20, 0x20, 0x20, 0x20, 0x20, 0x1D, 0x16, 0x0A,
    0x00, 0x07, 0x14, 0x1C, 0x20, 0x20, 0x20, 0x20, 0x20, 0x20, 0x20, 0x20, 0x20, 0x20, 0x20, 0x20, 0x20, 0x20, 0x20, 0x20, 0x1C, 0x14, 0x07, 0x00,
    0x00, 0x07, 0x14, 0x1C, 0x20, 0x1F, 0x19, 0x0F, 0x02, 0x00, 0x00, 0x00, 0x00, 0x00, 0x00, 0x02, 0x0F, 0x19, 0x1F, 0x20, 0x1C, 0x14, 0x07, 0x00,
    0x00, 0x00, 0x00, 0x00, 0x00, 0x00, 0x00, 0x00, 0x00, 0x00, 0x00, 0x00, 0x00, 0x00, 0x00, 0x00, 0x00, 0x00, 0x00, 0x00, 0x00, 0x00, 0x00, 0x00,
    0x00, 0x00, 0x00, 0x00, 0x00, 0x00, 0x00, 0x00, 0x00, 0x00, 0x00, 0x00, 0x00, 0x00, 0x00, 0x00, 0x00, 0x00, 0x00, 0x00, 0x00, 0x00, 0x00, 0x00,
    0x00, 0x00, 0x00, 0x00, 0x00, 0x00, 0x00, 0x00, 0x00, 0x00, 0x00, 0x00, 0x00, 0x00, 0x00, 0x00, 0x00, 0x00, 0x00, 0x00, 0x00, 0x00, 0x00, 0x00,
    0x00, 0x00, 0x00, 0x00, 0x00, 0x00, 0x00, 0x00, 0x00, 0x00, 0x00, 0x00, 0x00, 0x00, 0x00, 0x00, 0x00, 0x00, 0x00, 0x00, 0x00, 0x00, 0x00, 0x00,
    0x0D, 0x1F, 0x2D, 0x37, 0x3C, 0x3C, 0x3C, 0x3C, 0x3C, 0x3C, 0x3C, 0x3C, 0x3C, 0x3C, 0x3C, 0x3C, 0x3C, 0x3C, 0x3C, 0x3C, 0x37, 0x2D, 0x1F, 0x0D,
    0x22, 0x30, 0x39, 0x3C, 0x3C, 0x3C, 0x3C, 0x3C, 0x3C, 0x3C, 0x3C, 0x3C, 0x3C, 0x3C, 0x3C, 0x3C, 0x3C, 0x3C, 0x3C, 0x3C, 0x3C, 0x39, 0x30, 0x22,
    0x0D, 0x1F, 0x2D, 0x37, 0x3C, 0x3C, 0x3C, 0x3C, 0x3C, 0x3C, 0x3C, 0x3C, 0x3C, 0x3C, 0x3C, 0x3C, 0x3C, 0x3C, 0x3C, 0x3C, 0x37, 0x2D, 0x1F, 0x0D,
    0x0D, 0x1F, 0x2D, 0x37, 0x3C, 0x3B, 0x34, 0x28, 0x18, 0x06, 0x00, 0x00, 0x00, 0x00, 0x06, 0x18, 0x28, 0x34, 0x3B, 0x3C, 0x37, 0x2D, 0x1F, 0x0D,
    0x00, 0x00, 0x00, 0x00, 0x00, 0x00, 0x00, 0x00, 0x00, 0x00, 0x00, 0x00, 0x00, 0x00, 0x00, 0x00, 0x00, 0x00, 0x00, 0x00, 0x00, 0x00, 0x00, 0x00,
    0x00, 0x00, 0x00, 0x00, 0x00, 0x00, 0x00, 0x00, 0x00, 0x00, 0x00, 0x00, 0x00, 0x00, 0x00, 0x00, 0x00, 0x00, 0x00, 0x00, 0x00, 0x00, 0x00, 0x00,
    0x00, 0x00, 0x00, 0x00, 0x00, 0x00, 0x00, 0x00, 0x00, 0x00, 0x00, 0x00, 0x00, 0x00, 0x00, 0x00, 0x00, 0x00, 0x00, 0x00, 0x00, 0x00, 0x00, 0x00,
    0x00, 0x00, 0x00, 0x00, 0x00, 0x00, 0x00, 0x00, 0x00, 0x00, 0x00, 0x00, 0x00, 0x00, 0x00, 0x00, 0x00, 0x00, 0x00, 0x00, 0x00, 0x00, 0x00, 0x00,
    0x21, 0x35, 0x46, 0x52, 0x58, 0x58, 0x58, 0x58, 0x58, 0x58, 0x58, 0x58, 0x58, 0x58, 0x58, 0x58, 0x58, 0x58, 0x58, 0x58, 0x52, 0x46, 0x35, 0x21,
    0x39, 0x49, 0x54, 0x58, 0x58, 0x58, 0x58, 0x58, 0x58, 0x58, 0x58, 0x58, 0x58, 0x58, 0x58, 0x58, 0x58, 0x58, 0x58, 0x58, 0x58, 0x54, 0x49, 0x39,
    0x21, 0x35, 0x46, 0x52, 0x58, 0x58, 0x58, 0x58, 0x58, 0x58, 0x58, 0x58, 0x58, 0x58, 0x58, 0x58, 0x58, 0x58, 0x58, 0x58, 0x52, 0x46, 0x35, 0x21,
    0x21, 0x35, 0x46, 0x52, 0x58, 0x56, 0x4E, 0x40, 0x2D, 0x18, 0x02, 0x00, 0x00, 0x02, 0x18, 0x2D, 0x40, 0x4E, 0x56, 0x58, 0x52, 0x46, 0x35, 0x21,
    0x00, 0x00, 0x00, 0x00, 0x00, 0x00, 0x00, 0x00, 0x00, 0x00, 0x00, 0x00, 0x00, 0x00, 0x00, 0x00, 0x00, 0x00, 0x00, 0x00, 0x00, 0x00, 0x00, 0x00,
    0x00, 0x00, 0x00, 0x00, 0x00, 0x00, 0x00, 0x00, 0x00, 0x00, 0x00, 0x00, 0x00, 0x00, 0x00, 0x00, 0x00, 0x00, 0x00, 0x00, 0x00, 0x00, 0x00, 0x00,
    0x00, 0x00, 0x00, 0x00, 0x00, 0x00, 0x00, 0x00, 0x00, 0x00, 0x00, 0x00, 0x00, 0x00, 0x00, 0x00, 0x00, 0x00, 0x00, 0x00, 0x00, 0x00, 0x00, 0x00,
    0x00, 0x00, 0x00, 0x00, 0x00, 0x00, 0x00, 0x00, 0x00, 0x00, 0x00, 0x00, 0x00, 0x00, 0x00, 0x00, 0x00, 0x00, 0x00, 0x00, 0x00, 0x00, 0x00, 0x00,
    0x32, 0x48, 0x5D, 0x6C, 0x74, 0x74, 0x74, 0x74, 0x74, 0x74, 0x74, 0x74, 0x74, 0x74, 0x74, 0x74, 0x74, 0x74, 0x74, 0x74, 0x6C, 0x5D, 0x48, 0x32,
    0x4D, 0x60, 0x6E, 0x74, 0x74, 0x74, 0x74, 0x74, 0x74, 0x74, 0x74, 0x74, 0x74, 0x74, 0x74, 0x74, 0x74, 0x74, 0x74, 0x74, 0x74, 0x6E, 0x60, 0x4D,
    0x32, 0x48, 0x5D, 0x6C, 0x74, 0x74, 0x74, 0x74, 0x74, 0x74, 0x74, 0x74, 0x74, 0x74, 0x74, 0x74, 0x74, 0x74, 0x74, 0x74, 0x6C, 0x5D, 0x48, 0x32,
    0x32, 0x48, 0x5D, 0x6C, 0x74, 0x72, 0x67, 0x55, 0x40, 0x28, 0x0F, 0x00, 0x00, 0x0F, 0x28, 0x40, 0x55, 0x67, 0x72, 0x74, 0x6C, 0x5D, 0x48, 0x32,
    0x00, 0x00, 0x00, 0x00, 0x00, 0x00, 0x00, 0x00, 0x00, 0x00, 0x00, 0x00, 0x00, 0x00, 0x00, 0x00, 0x00, 0x00, 0x00, 0x00, 0x00, 0x00, 0x00, 0x00,
    0x00, 0x00, 0x00, 0x00, 0x00, 0x00, 0x00, 0x00, 0x00, 0x00, 0x00, 0x00, 0x00, 0x00, 0x00, 0x00, 0x00, 0x00, 0x00, 0x00, 0x00, 0x00, 0x00, 0x00,
    0x00, 0x00, 0x00, 0x00, 0x00, 0x00, 0x00, 0x00, 0x00, 0x00, 0x00, 0x00, 0x00, 0x00, 0x00, 0x00, 0x00, 0x00, 0x00, 0x00, 0x00, 0x00, 0x00, 0x00,
    0x00, 0x00, 0x00, 0x00, 0x00, 0x00, 0x00, 0x00, 0x00, 0x00, 0x00, 0x00, 0x00, 0x00, 0x00, 0x00, 0x00, 0x00, 0x00, 0x00, 0x00, 0x00, 0x00, 0x00,
    0x3E, 0x58, 0x70, 0x84, 0x90, 0x90, 0x90, 0x90, 0x90, 0x90, 0x90, 0x90, 0x90, 0x90, 0x90, 0x90, 0x90, 0x90, 0x90, 0x90, 0x84, 0x70, 0x58, 0x3E,
    0x5D, 0x74, 0x87, 0x90, 0x90, 0x90, 0x90, 0x90, 0x90, 0x90, 0x90, 0x90, 0x90, 0x90, 0x90, 0x90, 0x90, 0x90, 0x90, 0x90, 0x90, 0x87, 0x74, 0x5D,
    0x3E, 0x58, 0x70, 0x84, 0x90, 0x90, 0x90, 0x90, 0x90, 0x90, 0x90, 0x90, 0x90, 0x90, 0x90, 0x90, 0x90, 0x90, 0x90, 0x90, 0x84, 0x70, 0x58, 0x3E,
    0x3E, 0x58, 0x70, 0x84, 0x90, 0x8C, 0x7D, 0x67, 0x4E, 0x34, 0x1A, 0x01, 0x01, 0x1A, 0x34, 0x4E, 0x67, 0x7D, 0x8C, 0x90, 0x84, 0x70, 0x58, 0x3E,
    0x00, 0x00, 0x00, 0x00, 0x00, 0x00, 0x00, 0x00, 0x00, 0x00, 0x00, 0x00, 0x00, 0x00, 0x00, 0x00, 0x00, 0x00, 0x00, 0x00, 0x00, 0x00, 0x00, 0x00,
    0x00, 0x00, 0x00, 0x00, 0x00, 0x00, 0x00, 0x00, 0x00, 0x00, 0x00, 0x00, 0x00, 0x00, 0x00, 0x00, 0x00, 0x00, 0x00, 0x00, 0x00, 0x00, 0x00, 0x00,
    0x00, 0x00, 0x00, 0x00, 0x00, 0x00, 0x00, 0x00, 0x00, 0x00, 0x00, 0x00, 0x00, 0x00, 0x00, 0x00, 0x00, 0x00, 0x00, 0x00, 0x00, 0x00, 0x00, 0x00,
    0x00, 0x00, 0x00, 0x00, 0x00, 0x00, 0x00, 0x00, 0x00, 0x00, 0x00, 0x00, 0x00, 0x00, 0x00, 0x00, 0x00, 0x00, 0x00, 0x00, 0x00, 0x00, 0x00, 0x00,
    0x46, 0x61, 0x7D, 0x96, 0xAB, 0xAC, 0xAC, 0xAC, 0xAC, 0xAC, 0xAC, 0xAC, 0xAC, 0xAC, 0xAC, 0xAC, 0xAC, 0xAC, 0xAC, 0xAB, 0x96, 0x7D, 0x61, 0x46,
    0x67, 0x82, 0x9B, 0xAC, 0xAC, 0xAC, 0xAC, 0xAC, 0xAC, 0xAC, 0xAC, 0xAC, 0xAC, 0xAC, 0xAC, 0xAC, 0xAC, 0xAC, 0xAC, 0xAC, 0xAC, 0x9B, 0x82, 0x67,
    0x46, 0x61, 0x7D, 0x96, 0xAB, 0xAC, 0xAC, 0xAC, 0xAC, 0xAC, 0xAC, 0xAC, 0xAC, 0xAC, 0xAC, 0xAC, 0xAC, 0xAC, 0xAC, 0xAB, 0x96, 0x7D, 0x61, 0x46,
    0x46, 0x61, 0x7D, 0x96, 0xAB, 0xA4, 0x8C, 0x73, 0x59, 0x3F, 0x25, 0x0C, 0x0C, 0x25, 0x3F, 0x59, 0x73, 0x8C, 0xA4, 0xAB, 0x96, 0x7D, 0x61, 0x46,
    0x00, 0x00, 0x00, 0x00, 0x00, 0x00, 0x00, 0x00, 0x00, 0x00, 0x00, 0x00, 0x00, 0x00, 0x00, 0x00, 0x00, 0x00, 0x00, 0x00, 0x00, 0x00, 0x00, 0x00,
    0x00, 0x00, 0x00, 0x00, 0x00, 0x00, 0x00, 0x00, 0x00, 0x00, 0x00, 0x00, 0x00, 0x00, 0x00, 0x00, 0x00, 0x00, 0x00, 0x00, 0x00, 0x00, 0x00, 0x00,
    0x00, 0x00, 0x00, 0x00, 0x00, 0x00, 0x00, 0x00, 0x00, 0x00, 0x00, 0x00, 0x00, 0x00, 0x00, 0x00, 0x00, 0x00, 0x00, 0x00, 0x00, 0x00, 0x00, 0x00,
    0x00, 0x00, 0x00, 0x00, 0x00, 0x00, 0x00, 0x00, 0x00, 0x00, 0x00, 0x00, 0x00, 0x00, 0x00, 0x00, 0x00, 0x00, 0x00, 0x00, 0x00, 0x00, 0x00, 0x00,
    0x47, 0x63, 0x7F, 0x9A, 0xB5, 0xB7, 0xB7, 0xB7, 0xB7, 0xB7, 0xB7, 0xB7, 0xB7, 0xB7, 0xB7, 0xB7, 0xB7, 0xB7, 0xB7, 0xB4, 0x9A, 0x7F, 0x63, 0x47,
    0x69, 0x84, 0xA0, 0xB7, 0xB7, 0xB7, 0xB7, 0xB7, 0xB7, 0xB7, 0xB7, 0xB7, 0xB7, 0xB7, 0xB7, 0xB7, 0xB7, 0xB7, 0xB7, 0xB7, 0xB7, 0xA0, 0x84, 0x69,
    0x47, 0x63, 0x7F, 0x9A, 0xB4, 0xB7, 0xB7, 0xB7, 0xB7, 0xB7, 0xB7, 0xB7, 0xB7, 0xB7, 0xB7, 0xB7, 0xB7, 0xB7, 0xB7, 0xB7, 0x9B, 0x7F, 0x63, 0x47,
    0x47, 0x63, 0x7F, 0x9A, 0xB5, 0xB1, 0x97, 0x7E, 0x64, 0x4A, 0x30, 0x17, 0x17, 0x30, 0x4A, 0x64, 0x7E, 0x97, 0xB1, 0xB5, 0x9A, 0x7F, 0x63, 0x47,
    0x00, 0x00, 0x00, 0x00, 0x00, 0x00, 0x00, 0x00, 0x00, 0x00, 0x00, 0x00, 0x00, 0x00, 0x00, 0x00, 0x00, 0x00, 0x00, 0x00, 0x00, 0x00, 0x00, 0x00,
    0x00, 0x00, 0x00, 0x00, 0x00, 0x00, 0x00, 0x00, 0x00, 0x00, 0x00, 0x00, 0x00, 0x00, 0x00, 0x00, 0x00, 0x00, 0x00, 0x00, 0x00, 0x00, 0x00, 0x00,
    0x00, 0x00, 0x00, 0x00, 0x00, 0x00, 0x00, 0x00, 0x00, 0x00, 0x00, 0x00, 0x00, 0x00, 0x00, 0x00, 0x00, 0x00, 0x00, 0x00, 0x00, 0x00, 0x00, 0x00,
    0x00, 0x00, 0x00, 0x00, 0x00, 0x00, 0x00, 0x00, 0x00, 0x00, 0x00, 0x00, 0x00, 0x00, 0x00, 0x00, 0x00, 0x00, 0x00, 0x00, 0x00, 0x00, 0x00, 0x00,
    0x42, 0x5D, 0x76, 0x90, 0xAA, 0xBC, 0xA2, 0x9B, 0x9B, 0x9B, 0x9B, 0x9B, 0x9B, 0x9B, 0x9B, 0x9B, 0x9B, 0x9B, 0x9B, 0x9A, 0x8C, 0x76, 0x5D, 0x42,
    0x62, 0x7B, 0x90, 0x9B, 0x9B, 0x9B, 0x9B, 0x9B, 0x9B, 0x9B, 0x9B, 0xB2, 0xB2, 0x9B, 0x9B, 0x9B, 0x9B, 0x9B, 0x9B, 0x9B, 0x9B, 0x90, 0x7B, 0x62,
    0x42, 0x5D, 0x76, 0x8C, 0x9A, 0x9B, 0x9B, 0x9B, 0x9B, 0x9B, 0x9B, 0x9B, 0x9B, 0x9B, 0x9B, 0x9B, 0x9B, 0x9B, 0xAC, 0xB7, 0x9B, 0x7F, 0x63, 0x47,
    0x42, 0x5D, 0x76, 0x90, 0xAA, 0xBC, 0xA2, 0x89, 0x6F, 0x55, 0x3B, 0x22, 0x22, 0x3B, 0x55, 0x6F, 0x89, 0xA2, 0xBC, 0xAA, 0x90, 0x76, 0x5D, 0x42,
    0x00, 0x00, 0x00, 0x00, 0x00, 0x00, 0x00, 0x00, 0x00, 0x00, 0x00, 0x00, 0x00, 0x00, 0x00, 0x00, 0x00, 0x00, 0x00, 0x00, 0x00, 0x00, 0x00, 0x00,
    0x00, 0x00, 0x00, 0x00, 0x00, 0x00, 0x00, 0x00, 0x00, 0x00, 0x00, 0x00, 0x00, 0x00, 0x00, 0x00, 0x00, 0x00, 0x00, 0x00, 0x00, 0x00, 0x00, 0x00,
    0x00, 0x00, 0x00, 0x00, 0x00, 0x00, 0x00, 0x00, 0x00, 0x0C, 0x15, 0x1A, 0x1A, 0x15, 0x0C, 0x00, 0x00, 0x00, 0x00, 0x00, 0x00, 0x00, 0x00, 0x00,
    0x00, 0x00, 0x00, 0x00, 0x00, 0x00, 0x00, 0x00, 0x00, 0x00, 0x00, 0x00, 0x00, 0x00, 0x00, 0x00, 0x00, 0x00, 0x00, 0x00, 0x00, 0x00, 0x00, 0x00,
    0x38, 0x52, 0x6B, 0x85, 0x9F, 0xB8, 0xAD, 0x94, 0x7F, 0x7F, 0x7F, 0x7F, 0x7F, 0x7F, 0x7F, 0x7F, 0x7F, 0x7F, 0x7F, 0x7F, 0x76, 0x65, 0x4F, 0x37,
    0x54, 0x69, 0x78, 0x7F, 0x7F, 0x7F, 0x7F, 0x7F, 0x7F, 0x7F, 0x96, 0xB2, 0xB2, 0x96, 0x7F, 0x7F, 0x7F, 0x7F, 0x7F, 0x7F, 0x7F, 0x78, 0x69, 0x54,
    0x37, 0x4F, 0x65, 0x76, 0x7F, 0x7F, 0x7F, 0x7F, 0x7F, 0x7F, 0x7F, 0x7F, 0x7F, 0x7F, 0x7F, 0x7F, 0x7F, 0x90, 0xAC, 0xB7, 0x9B, 0x7F, 0x63, 0x47,
    0x38, 0x52, 0x6B, 0x85, 0x9F, 0xB8, 0xAD, 0x94, 0x7A, 0x60, 0x47, 0x2D, 0x2D, 0x47, 0x60, 0x7A, 0x94, 0xAD, 0xB8, 0x9F, 0x85, 0x6B, 0x52, 0x38,
    0x00, 0x00, 0x00, 0x00, 0x00, 0x00, 0x00, 0x00, 0x00, 0x00, 0x00, 0x00, 0x00, 0x00, 0x00, 0x00, 0x00, 0x00, 0x00, 0x00, 0x00, 0x00, 0x00, 0x00,
    0x00, 0x00, 0x00, 0x00, 0x00, 0x00, 0x00, 0x00, 0x00, 0x00, 0x00, 0x00, 0x00, 0x00, 0x00, 0x00, 0x00, 0x00, 0x00, 0x00, 0x00, 0x00, 0x00, 0x00,
    0x00, 0x00, 0x00, 0x00, 0x00, 0x00, 0x00, 0x06, 0x17, 0x26, 0x30, 0x36, 0x36, 0x30, 0x26, 0x17, 0x06, 0x00, 0x00, 0x00, 0x00, 0x00, 0x00, 0x00,
    0x00, 0x00, 0x00, 0x00, 0x00, 0x00, 0x00, 0x00, 0x00, 0x00, 0x00, 0x00, 0x00, 0x00, 0x00, 0x00, 0x00, 0x00, 0x00, 0x00, 0x00, 0x00, 0x00, 0x00,
    0x2D, 0x47, 0x60, 0x7A, 0x94, 0xAD, 0xB8, 0x9F, 0x85, 0x6B, 0x63, 0x63, 0x63, 0x63, 0x63, 0x63, 0x63, 0x63, 0x63, 0x63, 0x5D, 0x4F, 0x3D, 0x28,
    0x41, 0x52, 0x5E, 0x63, 0x63, 0x63, 0x63, 0x63, 0x63, 0x7A, 0x96, 0xB2, 0xB2, 0x96, 0x7A, 0x63, 0x63, 0x63, 0x63, 0x63, 0x63, 0x5E, 0x52, 0x41,
    0x28, 0x3D, 0x4F, 0x5D, 0x63, 0x63, 0x63, 0x63, 0x63, 0x63, 0x63, 0x63, 0x63, 0x63, 0x63, 0x63, 0x74, 0x90, 0xAC, 0xB7, 0x9B, 0x7F, 0x63, 0x47,
    0x2D, 0x47, 0x60, 0x7A, 0x94, 0xAD, 0xB8, 0x9F, 0x85, 0x6B, 0x52, 0x38, 0x38, 0x52, 0x6B, 0x85, 0x9F, 0xB8, 0xAD, 0x94, 0x7A, 0x60, 0x47, 0x2D,
    0x00, 0x00, 0x00, 0x00, 0x00, 0x00, 0x00, 0x00, 0x00, 0x00, 0x00, 0x00, 0x00, 0x00, 0x00, 0x00, 0x00, 0x00, 0x00, 0x00, 0x00, 0x00, 0x00, 0x00,
    0x00, 0x00, 0x00, 0x00, 0x00, 0x00, 0x00, 0x00, 0x00, 0x00, 0x00, 0x01, 0x01, 0x00, 0x00, 0x00, 0x00, 0x00, 0x00, 0x00, 0x00, 0x00, 0x00, 0x00,
    0x00, 0x00, 0x00, 0x00, 0x00, 0x00, 0x03, 0x19, 0x2D, 0x3E, 0x4B, 0x52, 0x52, 0x4B, 0x3E, 0x2D, 0x19, 0x03, 0x00, 0x00, 0x00, 0x00, 0x00, 0x00,
    0x00, 0x00, 0x00, 0x00, 0x00, 0x00, 0x00, 0x00, 0x00, 0x00, 0x00, 0x00, 0x00, 0x00, 0x00, 0x00, 0x00, 0x00, 0x00, 0x00, 0x00, 0x00, 0x00, 0x00,
    0x22, 0x3B, 0x55, 0x6F, 0x89, 0xA2, 0xBC, 0xAA, 0x90, 0x76, 0x5D, 0x47, 0x47, 0x47, 0x47, 0x47, 0x47, 0x47, 0x47, 0x47, 0x42, 0x37, 0x28, 0x16,
    0x2B, 0x3A, 0x44, 0x47, 0x47, 0x47, 0x47, 0x47, 0x5E, 0x7A, 0x96, 0xB2, 0xB2, 0x96, 0x7A, 0x5E, 0x47, 0x47, 0x47, 0x47, 0x47, 0x44, 0x3A, 0x2B,
    0x16, 0x28, 0x37, 0x42, 0x47, 0x47, 0x47, 0x47, 0x47, 0x47, 0x47, 0x47, 0x47, 0x47, 0x47, 0x58, 0x74, 0x90, 0xAC, 0xB7, 0x9B, 0x7F, 0x63, 0x47,
    0x22, 0x3B, 0x55, 0x6F, 0x89, 0xA2, 0xBC, 0xAA, 0x90, 0x76, 0x5D, 0x43, 0x43, 0x5D, 0x76, 0x90, 0xAA, 0xBC, 0xA2, 0x89, 0x6F, 0x55, 0x3B, 0x22,
    0x00, 0x00, 0x00, 0x00, 0x00, 0x00, 0x00, 0x00, 0x00, 0x00, 0x00, 0x00, 0x00, 0x00, 0x00, 0x00, 0x00, 0x00, 0x00, 0x00, 0x00, 0x00, 0x00, 0x00,
    0x00, 0x00, 0x00, 0x00, 0x00, 0x00, 0x00, 0x00, 0x03, 0x10, 0x19, 0x1D, 0x1D, 0x19, 0x10, 0x03, 0x00, 0x00, 0x00, 0x00, 0x00, 0x00, 0x00, 0x00,
    0x00, 0x00, 0x00, 0x00, 0x00, 0x00, 0x12, 0x2A, 0x41, 0x55, 0x64, 0x6D, 0x6D, 0x64, 0x55, 0x41, 0x2A, 0x12, 0x00, 0x00, 0x00, 0x00, 0x00, 0x00,
    0x00, 0x00, 0x00, 0x00, 0x00, 0x00, 0x00, 0x00, 0x00, 0x00, 0x00, 0x00, 0x00, 0x00, 0x00, 0x00, 0x00, 0x00, 0x00, 0x00, 0x00, 0x00, 0x00, 0x00,
    0x17, 0x30, 0x4A, 0x64, 0x7E, 0x97, 0xB1, 0xB5, 0x9B, 0x81, 0x68, 0x4E, 0x34, 0x2B, 0x2B, 0x2B, 0x2B, 0x2B, 0x2B, 0x2B, 0x27, 0x1E, 0x11, 0x01,
    0x14, 0x20, 0x28, 0x2B, 0x2B, 0x2B, 0x2B, 0x42, 0x5E, 0x7A, 0x96, 0xB2, 0xB2, 0x96, 0x7A, 0x5E, 0x42, 0x2B, 0x2B, 0x2B, 0x2B, 0x28, 0x20, 0x14,
    0x01, 0x11, 0x1E, 0x27, 0x2B, 0x2B, 0x2B, 0x2B, 0x2B, 0x2B, 0x2B, 0x2B, 0x2B, 0x2B, 0x3C, 0x58, 0x74, 0x90, 0xAC, 0xB7, 0x9B, 0x7F, 0x63, 0x47,
    0x17, 0x30, 0x4A, 0x64, 0x7E, 0x97, 0xB1, 0xB5, 0x9B, 0x81, 0x68, 0x4E, 0x4E, 0x68, 0x81, 0x9B, 0xB5, 0xB1, 0x97, 0x7E, 0x64, 0x4A, 0x30, 0x17,
    0x00, 0x00, 0x00, 0x01, 0x04, 0x04, 0x04, 0x04, 0x04, 0x04, 0x04, 0x04, 0x04, 0x04, 0x04, 0x04, 0x04, 0x04, 0x04, 0x04, 0x01, 0x00, 0x00, 0x00,
    0x00, 0x00, 0x00, 0x00, 0x00, 0x00, 0x00, 0x08, 0x1A, 0x29, 0x34, 0x39, 0x39, 0x34, 0x29, 0x1A, 0x08, 0x00, 0x00, 0x00, 0x00, 0x00, 0x00, 0x00,
    0x00, 0x00, 0x00, 0x03, 0x04, 0x02, 0x1D, 0x37, 0x50, 0x68, 0x7C, 0x89, 0x89, 0x7C, 0x68, 0x50, 0x37, 0x1D, 0x02, 0x04, 0x03, 0x00, 0x00, 0x00,
    0x00, 0x00, 0x00, 0x00, 0x00, 0x00, 0x00, 0x00, 0x00, 0x00, 0x00, 0x00, 0x00, 0x00, 0x00, 0x00, 0x00, 0x00, 0x00, 0x00, 0x00, 0x00, 0x00, 0x00,
    0x0C, 0x25, 0x3F, 0x59, 0x73, 0x8C, 0xA6, 0xC0, 0xA6, 0x8C, 0x73, 0x59, 0x3F, 0x25, 0x0F, 0x0F, 0x0F, 0x0F, 0x0F, 0x0F, 0x0C, 0x04, 0x00, 0x00,
    0x00, 0x06, 0x0D, 0x0F, 0x0F, 0x0F, 0x26, 0x42, 0x5E, 0x7A, 0x96, 0xB2, 0xB2, 0x96, 0x7A, 0x5E, 0x42, 0x26, 0x0F, 0x0F, 0x0F, 0x0D, 0x06, 0x00,
    0x00, 0x00, 0x04, 0x0C, 0x0F, 0x0F, 0x0F, 0x0F, 0x0F, 0x0F, 0x0F, 0x0F, 0x0F, 0x20, 0x3C, 0x58, 0x74, 0x90, 0xAC, 0xB7, 0x9B, 0x7F, 0x63, 0x47,
    0x0C, 0x25, 0x3F, 0x59, 0x73, 0x8C, 0xA6, 0xC0, 0xA6, 0x8C, 0x73, 0x59, 0x59, 0x73, 0x8C, 0xA6, 0xC0, 0xA6, 0x8C, 0x73, 0x59, 0x3F, 0x25, 0x0C,
    0x00, 0x07, 0x14, 0x1C, 0x20, 0x20, 0x20, 0x20, 0x20, 0x20, 0x20, 0x20, 0x20, 0x20, 0x20, 0x20, 0x20, 0x20, 0x20, 0x20, 0x1C, 0x14, 0x07, 0x00,
    0x00, 0x00, 0x00, 0x00, 0x00, 0x00, 0x05, 0x1B, 0x30, 0x41, 0x4E, 0x55, 0x55, 0x4E, 0x41, 0x30, 0x1B, 0x05, 0x00, 0x00, 0x00, 0x00, 0x00, 0x00,
    0x00, 0x0E, 0x18, 0x1F, 0x20, 0x1D, 0x24, 0x3F, 0x5B, 0x75, 0x8F, 0xA3, 0xA3, 0x8F, 0x75, 0x5B, 0x3F, 0x24, 0x1D, 0x20, 0x1F, 0x18, 0x0E, 0x00,
    0x00, 0x00, 0x00, 0x00, 0x00, 0x00, 0x00, 0x00, 0x00, 0x00, 0x00, 0x00, 0x00, 0x00, 0x00, 0x00, 0x00, 0x00, 0x00, 0x00, 0x00, 0x00, 0x00, 0x00,
    0x01, 0x1A, 0x34, 0x4E, 0x68, 0x81, 0x9B, 0xB5, 0xB1, 0x97, 0x7E, 0x64, 0x4A, 0x30, 0x17, 0x00, 0x00, 0x00, 0x00, 0x00, 0x00, 0x00, 0x00, 0x00,
    0x00, 0x00, 0x00, 0x00, 0x00, 0x0A, 0x26, 0x42, 0x5E, 0x7A, 0x96, 0xB2, 0xB2, 0x96, 0x7A, 0x5E, 0x42, 0x26, 0x0A, 0x00, 0x00, 0x00, 0x00, 0x00,
    0x00, 0x00, 0x00, 0x00, 0x00, 0x00, 0x00, 0x00, 0x00, 0x00, 0x00, 0x00, 0x04, 0x20, 0x3C, 0x58, 0x74, 0x90, 0xAC, 0xB7, 0x9B, 0x7F, 0x63, 0x47,
    0x01, 0x1A, 0x34, 0x4E, 0x68, 0x81, 0x9B, 0xB5, 0xB1, 0x97, 0x7E, 0x64, 0x64, 0x7E, 0x97, 0xB1, 0xB5, 0x9B, 0x81, 0x68, 0x4E, 0x34, 0x1A, 0x01,
    0x0D, 0x1F, 0x2D, 0x37, 0x3C, 0x3C, 0x3C, 0x3C, 0x3C, 0x3C, 0x3C, 0x3C, 0x3C, 0x3C, 0x3C, 0x3C, 0x3C, 0x3C, 0x3C, 0x3C, 0x37, 0x2D, 0x1F, 0x0D,
    0x00, 0x00, 0x00, 0x00, 0x00, 0x00, 0x13, 0x2C, 0x43, 0x57, 0x67, 0x71, 0x71, 0x67, 0x57, 0x43, 0x2C, 0x13, 0x00, 0x00, 0x00, 0x00, 0x00, 0x00,
    0x16, 0x26, 0x33, 0x3A, 0x3C, 0x38, 0x2F, 0x42, 0x5E, 0x7A, 0x96, 0xB2, 0xB2, 0x96, 0x7A, 0x5E, 0x42, 0x2F, 0x38, 0x3C, 0x3A, 0x33, 0x26, 0x16,
    0x00, 0x00, 0x00, 0x00, 0x00, 0x00, 0x00, 0x00, 0x00, 0x00, 0x00, 0x00, 0x00, 0x00, 0x00, 0x00, 0x00, 0x00, 0x00, 0x00, 0x00, 0x00, 0x00, 0x00,
    0x00, 0x0F, 0x29, 0x43, 0x5D, 0x76, 0x90, 0xAA, 0xBC, 0xA2, 0x89, 0x6F, 0x55, 0x3B, 0x22, 0x08, 0x00, 0x00, 0x00, 0x00, 0x00, 0x00, 0x00, 0x00,
    0x00, 0x00, 0x00, 0x00, 0x00, 0x0A, 0x26, 0x42, 0x5E, 0x7A, 0x96, 0xB2, 0xB2, 0x96, 0x7A, 0x5E, 0x42, 0x26, 0x0A, 0x00, 0x00, 0x00, 0x00, 0x00,
    0x00, 0x00, 0x00, 0x00, 0x00, 0x00, 0x00, 0x00, 0x00, 0x00, 0x00, 0x00, 0x04, 0x20, 0x3C, 0x58, 0x74, 0x90, 0xAC, 0xB7, 0x9B, 0x7F, 0x63, 0x47,
    0x00, 0x0F, 0x29, 0x43, 0x5D, 0x76, 0x90, 0xAA, 0xBC, 0xA2, 0x89, 0x6F, 0x6F, 0x89, 0xA2, 0xBC, 0xAA, 0x90, 0x76, 0x5D, 0x43, 0x29, 0x0F, 0x00,
    0x21, 0x35, 0x46, 0x52, 0x58, 0x58, 0x58, 0x58, 0x58, 0x58, 0x58, 0x58, 0x58, 0x58, 0x58, 0x58, 0x58, 0x58, 0x58, 0x58, 0x52, 0x46, 0x35, 0x21,
    0x00, 0x00, 0x00, 0x00, 0x00, 0x03, 0x1E, 0x38, 0x52, 0x6A, 0x7F, 0x8C, 0x8C, 0x7F, 0x6A, 0x52, 0x38, 0x1E, 0x03, 0x00, 0x00, 0x00, 0x00, 0x00,
    0x2B, 0x3E, 0x4C, 0x56, 0x58, 0x53, 0x48, 0x42, 0x5E, 0x7A, 0x96, 0xB2, 0xB2, 0x96, 0x7A, 0x5E, 0x42, 0x48, 0x53, 0x58, 0x56, 0x4C, 0x3E, 0x2B,
    0x00, 0x00, 0x00, 0x00, 0x00, 0x00, 0x00, 0x00, 0x00, 0x00, 0x00, 0x00, 0x00, 0x00, 0x00, 0x00, 0x00, 0x00, 0x00, 0x00, 0x00, 0x00, 0x00, 0x00,
    0x00, 0x04, 0x1E, 0x38, 0x52, 0x6B, 0x85, 0x9F, 0xB8, 0xAD, 0x94, 0x7A, 0x60, 0x47, 0x2D, 0x13, 0x00, 0x00, 0x00, 0x00, 0x00, 0x00, 0x00, 0x00,
    0x00, 0x00, 0x00, 0x00, 0x00, 0x0A, 0x26, 0x42, 0x5E, 0x7A, 0x96, 0xB2, 0xB2, 0x96, 0x7A, 0x5E, 0x42, 0x26, 0x0A, 0x00, 0x00, 0x00, 0x00, 0x00,
    0x00, 0x00, 0x00, 0x00, 0x00, 0x00, 0x00, 0x00, 0x00, 0x00, 0x00, 0x00, 0x04, 0x20, 0x3C, 0x58, 0x74, 0x90, 0xAC, 0xB7, 0x9B, 0x7F, 0x63, 0x47,
    0x00, 0x04, 0x1E, 0x38, 0x52, 0x6B, 0x85, 0x9F, 0xB8, 0xAD, 0x94, 0x7A, 0x7A, 0x94, 0xAD, 0xB8, 0x9F, 0x85, 0x6B, 0x52, 0x38, 0x1E, 0x04, 0x00,
    0x32, 0x48, 0x5D, 0x6C, 0x74, 0x74, 0x74, 0x74, 0x74, 0x74, 0x74, 0x74, 0x74, 0x74, 0x74, 0x74, 0x74, 0x74, 0x74, 0x74, 0x6C, 0x5D, 0x48, 0x32,
    0x00, 0x00, 0x00, 0x00, 0x00, 0x09, 0x24, 0x40, 0x5B, 0x77, 0x91, 0xA6, 0xA6, 0x91, 0x77, 0x5B, 0x40, 0x24, 0x09, 0x00, 0x00, 0x00, 0x00, 0x00,
    0x3D, 0x53, 0x65, 0x71, 0x74, 0x6D, 0x5F, 0x51, 0x5E, 0x7A, 0x96, 0xB2, 0xB2, 0x96, 0x7A, 0x5E, 0x51, 0x5F, 0x6D, 0x74, 0x71, 0x65, 0x53, 0x3D,
    0x00, 0x00, 0x00, 0x00, 0x00, 0x00, 0x00, 0x00, 0x00, 0x00, 0x00, 0x00, 0x00, 0x00, 0x00, 0x00, 0x00, 0x00, 0x00, 0x00, 0x00, 0x00, 0x00, 0x00,
    0x00, 0x00, 0x13, 0x2D, 0x47, 0x60, 0x7A, 0x94, 0xAD, 0xB8, 0x9F, 0x85, 0x6B, 0x52, 0x38, 0x1E, 0x04, 0x00, 0x00, 0x00, 0x00, 0x00, 0x00, 0x00,
    0x00, 0x00, 0x00, 0x00, 0x00, 0x0A, 0x26, 0x42, 0x5E, 0x7A, 0x96, 0xB2, 0xB2, 0x96, 0x7A, 0x5E, 0x42, 0x26, 0x0A, 0x00, 0x00, 0x00, 0x00, 0x00,
    0x00, 0x00, 0x00, 0x00, 0x00, 0x00, 0x02, 0x08, 0x0A, 0x0A, 0x0A, 0x0A, 0x0A, 0x20, 0x3C, 0x58, 0x74, 0x90, 0xAC, 0xB7, 0x9B, 0x7F, 0x63, 0x47,
    0x00, 0x00, 0x13, 0x2D, 0x47, 0x60, 0x7A, 0x94, 0xAD, 0xB8, 0x9F, 0x85, 0x85, 0x9F, 0xB8, 0xAD, 0x94, 0x7A, 0x60, 0x47, 0x2D, 0x13, 0x00, 0x00,
    0x3E, 0x58, 0x70, 0x84, 0x90, 0x90, 0x90, 0x90, 0x90, 0x90, 0x90, 0x90, 0x90, 0x90, 0x90, 0x90, 0x90, 0x90, 0x90, 0x90, 0x84, 0x70, 0x58, 0x3E,
    0x00, 0x00, 0x00, 0x00, 0x00, 0x0A, 0x26, 0x42, 0x5E, 0x7A, 0x95, 0xB1, 0xB1, 0x95, 0x7A, 0x5E, 0x42, 0x26, 0x0A, 0x00, 0x00, 0x00, 0x00, 0x00,
    0x4B, 0x64, 0x7A, 0x8B, 0x90, 0x86, 0x77, 0x68, 0x5E, 0x7A, 0x96, 0xB2, 0xB2, 0x96, 0x7A, 0x5E, 0x68, 0x77, 0x86, 0x90, 0x8B, 0x7A, 0x64, 0x4B,
    0x00, 0x00, 0x00, 0x00, 0x05, 0x09, 0x0A, 0x0A, 0x0A, 0x0A, 0x0A, 0x0A, 0x0A, 0x0A, 0x0A, 0x0A, 0x0A, 0x0A, 0x09, 0x05, 0x00, 0x00, 0x00, 0x00,
    0x00, 0x00, 0x08, 0x22, 0x3B, 0x55, 0x6F, 0x89, 0xA2, 0xBC, 0xAA, 0x90, 0x76, 0x5D, 0x43, 0x29, 0x0F, 0x00, 0x00, 0x00, 0x00, 0x00, 0x00, 0x00,
    0x00, 0x00, 0x00, 0x00, 0x00, 0x0A, 0x26, 0x42, 0x5E, 0x7A, 0x96, 0xB2, 0xB2, 0x96, 0x7A, 0x5E, 0x42, 0x26, 0x0A, 0x00, 0x00, 0x00, 0x00, 0x00,
    0x00, 0x00, 0x00, 0x00, 0x03, 0x12, 0x1D, 0x24, 0x26, 0x26, 0x26, 0x26, 0x26, 0x26, 0x3C, 0x58, 0x74, 0x90, 0xAC, 0xB7, 0x9B, 0x7F, 0x63, 0x47,
    0x00, 0x00, 0x08, 0x22, 0x3B, 0x55, 0x6F, 0x89, 0xA2, 0xBC, 0xAA, 0x90, 0x90, 0xAA, 0xBC, 0xA2, 0x89, 0x6F, 0x55, 0x3B, 0x22, 0x08, 0x00, 0x00,
    0x46, 0x61, 0x7D, 0x96, 0xAB, 0xAC, 0xAC, 0xAC, 0xAC, 0xAC, 0xAC, 0xAC, 0xAC, 0xAC, 0xAC, 0xAC, 0xAC, 0xAC, 0xAC, 0xAB, 0x96, 0x7D, 0x61, 0x46,
    0x00, 0x00, 0x00, 0x00, 0x00, 0x07, 0x22, 0x3D, 0x58, 0x72, 0x8A, 0x9B, 0x9B, 0x8A, 0x72, 0x58, 0x3D, 0x22, 0x07, 0x00, 0x00, 0x00, 0x00, 0x00,
    0x53, 0x6E, 0x89, 0xA2, 0xAC, 0x9E, 0x8F, 0x80, 0x71, 0x7A, 0x96, 0xB2, 0xB2, 0x96, 0x7A, 0x71, 0x80, 0x8F, 0x9E, 0xAC, 0xA2, 0x89, 0x6E, 0x53,
    0x00, 0x00, 0x09, 0x17, 0x20, 0x25, 0x26, 0x26, 0x26, 0x26, 0x26, 0x26, 0x26, 0x26, 0x26, 0x26, 0x26, 0x26, 0x25, 0x20, 0x17, 0x09, 0x00, 0x00,
    0x00, 0x00, 0x00, 0x17, 0x30, 0x4A, 0x64, 0x7E, 0x97, 0xB1, 0xB5, 0x9B, 0x81, 0x68, 0x4E, 0x34, 0x1A, 0x01, 0x00, 0x00, 0x00, 0x00, 0x00, 0x00,
    0x00, 0x00, 0x00, 0x00, 0x00, 0x0A, 0x26, 0x42, 0x5E, 0x7A, 0x96, 0xB2, 0xB2, 0x96, 0x7A, 0x5E, 0x42, 0x26, 0x0A, 0x00, 0x00, 0x00, 0x00, 0x00,
    0x00, 0x00, 0x00, 0x06, 0x19, 0x2A, 0x37, 0x3F, 0x42, 0x42, 0x42, 0x42, 0x42, 0x42, 0x42, 0x58, 0x74, 0x90, 0xAC, 0xB7, 0x9B, 0x7F, 0x63, 0x47,
    0x00, 0x00, 0x00, 0x17, 0x30, 0x4A, 0x64, 0x7E, 0x97, 0xB1, 0xB5, 0x9B, 0x9B, 0xB5, 0xB1, 0x97, 0x7E, 0x64, 0x4A, 0x30, 0x17, 0x00, 0x00, 0x00,
    0x47, 0x63, 0x7F, 0x9A, 0xB4, 0xB7, 0xB7, 0xB7, 0xB7, 0xB7, 0xB7, 0xB7, 0xB7, 0xB7, 0xB7, 0xB7, 0xB7, 0xB7, 0xB7, 0xB4, 0x9A, 0x7F, 0x63, 0x47,
    0x00, 0x00, 0x00, 0x00, 0x00, 0x00, 0x1A, 0x33, 0x4C, 0x62, 0x75, 0x80, 0x80, 0x75, 0x62, 0x4C, 0x33, 0x1A, 0x00, 0x00, 0x00, 0x00, 0x00, 0x00,
    0x55, 0x70, 0x8C, 0xA7, 0xBB, 0xB5, 0xA7, 0x98, 0x89, 0x7A, 0x96, 0xB2, 0xB2, 0x96, 0x7A, 0x89, 0x98, 0xA7, 0xB5, 0xBB, 0xA7, 0x8C, 0x70, 0x55,
    0x00, 0x0E, 0x20, 0x30, 0x3B, 0x41, 0x42, 0x42, 0x42, 0x42, 0x42, 0x42, 0x42, 0x42, 0x42, 0x42, 0x42, 0x42, 0x41, 0x3B, 0x30, 0x20, 0x0E, 0x00,
    0x00, 0x00, 0x00, 0x0C, 0x25, 0x3F, 0x59, 0x73, 0x8C, 0xA6, 0xC0, 0xA6, 0x8C, 0x73, 0x59, 0x3F, 0x25, 0x0C, 0x00, 0x00, 0x00, 0x00, 0x00, 0x00,
    0x00, 0x00, 0x00, 0x00, 0x00, 0x0A, 0x26, 0x42, 0x5E, 0x7A, 0x96, 0xB2, 0xB2, 0x96, 0x7A, 0x5E, 0x42, 0x26, 0x0A, 0x00, 0x00, 0x00, 0x00, 0x00,
    0x00, 0x00, 0x00, 0x17, 0x2D, 0x41, 0x50, 0x5B, 0x5E, 0x5E, 0x5E, 0x5E, 0x5E, 0x5E, 0x5E, 0x5E, 0x74, 0x90, 0xAC, 0xB7, 0x9B, 0x7F, 0x63, 0x47,
    0x00, 0x00, 0x00, 0x0C, 0x25, 0x3F, 0x59, 0x73, 0x8C, 0xA6, 0xC0, 0xA6, 0xA6, 0xC0, 0xA6, 0x8C, 0x73, 0x59, 0x3F, 0x25, 0x0C, 0x00, 0x00, 0x00,
    0x42, 0x5D, 0x76, 0x8C, 0x9A, 0x9B, 0x9B, 0x9B, 0x9B, 0x9B, 0x9B, 0x9B, 0x9B, 0x9B, 0x9B, 0x9B, 0x9B, 0x9B, 0x9B, 0x9A, 0x8C, 0x76, 0x5D, 0x42,
    0x00, 0x00, 0x00, 0x00, 0x00, 0x00, 0x0D, 0x25, 0x3B, 0x4E, 0x5C, 0x65, 0x65, 0x5C, 0x4E, 0x3B, 0x25, 0x0D, 0x00, 0x00, 0x00, 0x00, 0x00, 0x00,
    0x4F, 0x69, 0x81, 0x95, 0xA4, 0xB2, 0xBE, 0xB0, 0xA1, 0x92, 0x96, 0xB2, 0xB2, 0x96, 0x92, 0xA1, 0xB0, 0xBE, 0xB2, 0xA4, 0x95, 0x81, 0x69, 0x4F,
    0x09, 0x20, 0x35, 0x47, 0x55, 0x5D, 0x5E, 0x5E, 0x5E, 0x5E, 0x5E, 0x5E, 0x5E, 0x5E, 0x5E, 0x5E, 0x5E, 0x5E, 0x5D, 0x55, 0x47, 0x35, 0x20, 0x09,
    0x00, 0x00, 0x00, 0x01, 0x1A, 0x34, 0x4E, 0x68, 0x81, 0x9B, 0xB5, 0xB1, 0x97, 0x7E, 0x64, 0x4A, 0x30, 0x17, 0x00, 0x00, 0x00, 0x00, 0x00, 0x00,
    0x00, 0x00, 0x00, 0x00, 0x00, 0x0A, 0x26, 0x42, 0x5E, 0x7A, 0x96, 0xB2, 0xB2, 0x96, 0x7A, 0x5E, 0x42, 0x26, 0x0A, 0x00, 0x00, 0x00, 0x00, 0x00,
    0x00, 0x00, 0x0C, 0x26, 0x3E, 0x55, 0x68, 0x75, 0x7A, 0x7A, 0x7A, 0x7A, 0x7A, 0x7A, 0x7A, 0x7A, 0x7A, 0x90, 0xAC, 0xB7, 0x9B, 0x7F, 0x63, 0x47,
    0x00, 0x00, 0x00, 0x01, 0x1A, 0x34, 0x4E, 0x68, 0x81, 0x9B, 0xB5, 0xB1, 0xB1, 0xB5, 0x9B, 0x81, 0x68, 0x4E, 0x34, 0x1A, 0x01, 0x00, 0x00, 0x00,
    0x37, 0x4F, 0x65, 0x76, 0x7F, 0x7F, 0x7F, 0x7F, 0x7F, 0x7F, 0x7F, 0x7F, 0x7F, 0x7F, 0x7F, 0x7F, 0x7F, 0x7F, 0x7F, 0x7F, 0x76, 0x65, 0x4F, 0x37,
    0x00, 0x00, 0x00, 0x00, 0x00, 0x00, 0x00, 0x13, 0x26, 0x37, 0x42, 0x49, 0x49, 0x42, 0x37, 0x26, 0x13, 0x00, 0x00, 0x00, 0x00, 0x00, 0x00, 0x00,
    0x43, 0x5A, 0x6E, 0x7D, 0x8C, 0x9B, 0xAA, 0xB8, 0xB8, 0xAA, 0x9B, 0xB2, 0xB2, 0x9B, 0xAA, 0xB8, 0xB8, 0xAA, 0x9B, 0x8C, 0x7D, 0x6E, 0x5A, 0x43,
    0x17, 0x30, 0x47, 0x5D, 0x6E, 0x78, 0x7A, 0x7A, 0x7A, 0x7A, 0x7A, 0x7A, 0x7A, 0x7A, 0x7A, 0x7A, 0x7A, 0x7A, 0x78, 0x6E, 0x5D, 0x47, 0x30, 0x17,
    0x00, 0x00, 0x00, 0x00, 0x0F, 0x29, 0x43, 0x5D, 0x76, 0x90, 0xAA, 0xBC, 0xA2, 0x89, 0x6F, 0x55, 0x3B, 0x22, 0x08, 0x00, 0x00, 0x00, 0x00, 0x00,
    0x00, 0x00, 0x00, 0x00, 0x00, 0x0A, 0x26, 0x42, 0x5E, 0x7A, 0x96, 0xB2, 0xB2, 0x96, 0x7A, 0x5E, 0x42, 0x26, 0x0A, 0x00, 0x00, 0x00, 0x00, 0x00,
    0x00, 0x00, 0x15, 0x30, 0x4B, 0x64, 0x7C, 0x8F, 0x96, 0x96, 0x96, 0x96, 0x96, 0x96, 0x96, 0x96, 0x96, 0x96, 0xAC, 0xB7, 0x9B, 0x7F, 0x63, 0x47,
    0x00, 0x00, 0x00, 0x00, 0x0F, 0x29, 0x43, 0x5D, 0x76, 0x90, 0xAA, 0xBC, 0xBC, 0xAA, 0x90, 0x76, 0x5D, 0x43, 0x29, 0x0F, 0x00, 0x00, 0x00, 0x00,
    0x28, 0x3D, 0x4F, 0x5D, 0x63, 0x63, 0x63, 0x63, 0x63, 0x63, 0x63, 0x63, 0x63, 0x63, 0x63, 0x63, 0x63, 0x63, 0x63, 0x63, 0x5D, 0x4F, 0x3D, 0x28,
    0x00, 0x00, 0x00, 0x00, 0x00, 0x00, 0x00, 0x00, 0x10, 0x1E, 0x28, 0x2D, 0x2D, 0x28, 0x1E, 0x10, 0x00, 0x00, 0x00, 0x00, 0x00, 0x00, 0x00, 0x00,
    0x32, 0x46, 0x56, 0x65, 0x74, 0x83, 0x92, 0xA1, 0xB0, 0xBE, 0xB2, 0xB2, 0xB2, 0xB2, 0xBE, 0xB0, 0xA1, 0x92, 0x83, 0x74, 0x65, 0x56, 0x46, 0x32,
    0x20, 0x3B, 0x55, 0x6E, 0x84, 0x94, 0x96, 0x96, 0x96, 0x96, 0x96, 0x96, 0x96, 0x96, 0x96, 0x96, 0x96, 0x96, 0x94, 0x84, 0x6E, 0x55, 0x3B, 0x20,
    0x00, 0x00, 0x00, 0x00, 0x04, 0x1E, 0x38, 0x52, 0x6B, 0x85, 0x9F, 0xB8, 0xAD, 0x94, 0x7A, 0x60, 0x47, 0x2D, 0x13, 0x00, 0x00, 0x00, 0x00, 0x00,
    0x00, 0x00, 0x00, 0x00, 0x00, 0x0A, 0x26, 0x42, 0x5E, 0x7A, 0x96, 0xB2, 0xB2, 0x96, 0x7A, 0x5E, 0x42, 0x26, 0x0A, 0x00, 0x00, 0x00, 0x00, 0x00,
    0x00, 0x00, 0x1A, 0x36, 0x52, 0x6D, 0x89, 0xA3, 0xB2, 0xB2, 0xB2, 0xB2, 0xB2, 0xB2, 0xB2, 0xB2, 0xB2, 0xB2, 0xB2, 0xB7, 0x9B, 0x7F, 0x63, 0x47,
    0x00, 0x00, 0x00, 0x00, 0x04, 0x1E, 0x38, 0x52, 0x6B, 0x85, 0x9F, 0xB8, 0xB8, 0x9F, 0x85, 0x6B, 0x52, 0x38, 0x1E, 0x04, 0x00, 0x00, 0x00, 0x00,
    0x16, 0x28, 0x37, 0x42, 0x47, 0x47, 0x47, 0x47, 0x47, 0x47, 0x47, 0x47, 0x47, 0x47, 0x47, 0x47, 0x47, 0x47, 0x47, 0x47, 0x42, 0x37, 0x28, 0x16,
    0x00, 0x00, 0x00, 0x00, 0x00, 0x00, 0x00, 0x00, 0x00, 0x04, 0x0D, 0x11, 0x11, 0x0D, 0x04, 0x00, 0x00, 0x00, 0x00, 0x00, 0x00, 0x00, 0x00, 0x00,
    0x1F, 0x30, 0x3F, 0x4E, 0x5C, 0x6B, 0x7A, 0x89, 0x98, 0xA7, 0xB5, 0xBB, 0xBB, 0xB5, 0xA7, 0x98, 0x89, 0x7A, 0x6B, 0x5C, 0x4E, 0x3F, 0x30, 0x1F,
    0x25, 0x41, 0x5D, 0x78, 0x94, 0xAC, 0xB2, 0xB2, 0xB2, 0xB2, 0xB2, 0xB2, 0xB2, 0xB2, 0xB2, 0xB2, 0xB2, 0xB2, 0xAC, 0x94, 0x78, 0x5D, 0x41, 0x25,
    0x00, 0x00, 0x00, 0x00, 0x00, 0x13, 0x2D, 0x47, 0x60, 0x7A, 0x94, 0xAD, 0xB8, 0x9F, 0x85, 0x6B, 0x52, 0x38, 0x1E, 0x04, 0x00, 0x00, 0x00, 0x00,
    0x00, 0x00, 0x00, 0x00, 0x00, 0x0A, 0x26, 0x42, 0x5E, 0x7A, 0x96, 0xB2, 0xB2, 0x96, 0x7A, 0x5E, 0x42, 0x26, 0x0A, 0x00, 0x00, 0x00, 0x00, 0x00,
    0x00, 0x00, 0x1A, 0x36, 0x52, 0x6D, 0x89, 0xA3, 0xB2, 0xB2, 0xB2, 0xB2, 0xB2, 0xB2, 0xB2, 0xB2, 0xB2, 0xB2, 0xB2, 0xB7, 0x9B, 0x7F, 0x63, 0x47,
    0x00, 0x00, 0x00, 0x00, 0x04, 0x1E, 0x38, 0x52, 0x6B, 0x85, 0x9F, 0xB8, 0xB8, 0x9F, 0x85, 0x6B, 0x52, 0x38, 0x1E, 0x04, 0x00, 0x00, 0x00, 0x00,
    0x16, 0x28, 0x37, 0x42, 0x47, 0x47, 0x47, 0x47, 0x47, 0x47, 0x47, 0x47, 0x47, 0x47, 0x47, 0x47, 0x47, 0x47, 0x47, 0x47, 0x42, 0x37, 0x28, 0x16,
    0x00, 0x00, 0x00, 0x00, 0x00, 0x00, 0x00, 0x00, 0x00, 0x04, 0x0D, 0x11, 0x11, 0x0D, 0x04, 0x00, 0x00, 0x00, 0x00, 0x00, 0x00, 0x00, 0x00, 0x00,
    0x1F, 0x30, 0x3F, 0x4E, 0x5C, 0x6B, 0x7A, 0x89, 0x98, 0xA7, 0xB5, 0xBB, 0xBB, 0xB5, 0xA7, 0x98, 0x89, 0x7A, 0x6B, 0x5C, 0x4E, 0x3F, 0x30, 0x1F,
    0x25, 0x41, 0x5D, 0x78, 0x94, 0xAC, 0xB2, 0xB2, 0xB2, 0xB2, 0xB2, 0xB2, 0xB2, 0xB2, 0xB2, 0xB2, 0xB2, 0xB2, 0xAC, 0x94, 0x78, 0x5D, 0x41, 0x25,
    0x00, 0x00, 0x00, 0x00, 0x00, 0x08, 0x22, 0x3B, 0x55, 0x6F, 0x89, 0xA2, 0xBC, 0xAA, 0x90, 0x76, 0x5D, 0x43, 0x29, 0x0F, 0x00, 0x00, 0x00, 0x00,
    0x00, 0x00, 0x00, 0x00, 0x00, 0x0A, 0x26, 0x42, 0x5E, 0x7A, 0x96, 0xB2, 0xB2, 0x96, 0x7A, 0x5E, 0x42, 0x26, 0x0A, 0x00, 0x00, 0x00, 0x00, 0x00,
    0x00, 0x00, 0x15, 0x30, 0x4B, 0x64, 0x7C, 0x8F, 0x96, 0x96, 0x96, 0x96, 0x96, 0x96, 0x96, 0x96, 0x96, 0x96, 0xAC, 0xB7, 0x9B, 0x7F, 0x63, 0x47,
    0x00, 0x00, 0x00, 0x00, 0x0F, 0x29, 0x43, 0x5D, 0x76, 0x90, 0xAA, 0xBC, 0xBC, 0xAA, 0x90, 0x76, 0x5D, 0x43, 0x29, 0x0F, 0x00, 0x00, 0x00, 0x00,
    0x28, 0x3D, 0x4F, 0x5D, 0x63, 0x63, 0x63, 0x63, 0x63, 0x63, 0x63, 0x63, 0x63, 0x63, 0x63, 0x63, 0x63, 0x63, 0x63, 0x63, 0x5D, 0x4F, 0x3D, 0x28,
    0x00, 0x00, 0x00, 0x00, 0x00, 0x00, 0x00, 0x00, 0x10, 0x1E, 0x28, 0x2D, 0x2D, 0x28, 0x1E, 0x10, 0x00, 0x00, 0x00, 0x00, 0x00, 0x00, 0x00, 0x00,
    0x32, 0x46, 0x56, 0x65, 0x74, 0x83, 0x92, 0xA1, 0xB0, 0xBE, 0xB2, 0xB2, 0xB2, 0xB2, 0xBE, 0xB0, 0xA1, 0x92, 0x83, 0x74, 0x65, 0x56, 0x46, 0x32,
    0x20, 0x3B, 0x55, 0x6E, 0x84, 0x94, 0x96, 0x96, 0x96, 0x96, 0x96, 0x96, 0x96, 0x96, 0x96, 0x96, 0x96, 0x96, 0x94, 0x84, 0x6E, 0x55, 0x3B, 0x20,
    0x00, 0x00, 0x00, 0x00, 0x00, 0x00, 0x17, 0x30, 0x4A, 0x64, 0x7E, 0x97, 0xB1, 0xB5, 0x9B, 0x81, 0x68, 0x4E, 0x34, 0x1A, 0x01, 0x00, 0x00, 0x00,
    0x00, 0x00, 0x00, 0x00, 0x00, 0x0A, 0x26, 0x42, 0x5E, 0x7A, 0x96, 0xB2, 0xB2, 0x96, 0x7A, 0x5E, 0x42, 0x26, 0x0A, 0x00, 0x00, 0x00, 0x00, 0x00,
    0x00, 0x00, 0x0C, 0x26, 0x3E, 0x55, 0x68, 0x75, 0x7A, 0x7A, 0x7A, 0x7A, 0x7A, 0x7A, 0x7A, 0x7A, 0x7A, 0x90, 0xAC, 0xB7, 0x9B, 0x7F, 0x63, 0x47,
    0x00, 0x00, 0x00, 0x01, 0x1A, 0x34, 0x4E, 0x68, 0x81, 0x9B, 0xB5, 0xB1, 0xB1, 0xB5, 0x9B, 0x81, 0x68, 0x4E, 0x34, 0x1A, 0x01, 0x00, 0x00, 0x00,
    0x37, 0x4F, 0x65, 0x76, 0x7F, 0x7F, 0x7F, 0x7F, 0x7F, 0x7F, 0x7F, 0x7F, 0x7F, 0x7F, 0x7F, 0x7F, 0x7F, 0x7F, 0x7F, 0x7F, 0x76, 0x65, 0x4F, 0x37,
    0x00, 0x00, 0x00, 0x00, 0x00, 0x00, 0x00, 0x13, 0x26, 0x37, 0x42, 0x49, 0x49, 0x42, 0x37, 0x26, 0x13, 0x00, 0x00, 0x00, 0x00, 0x00, 0x00, 0x00,
    0x43, 0x5A, 0x6E, 0x7D, 0x8C, 0x9B, 0xAA, 0xB8, 0xB8, 0xAA, 0x9B, 0xB2, 0xB2, 0x9B, 0xAA, 0xB8, 0xB8, 0xAA, 0x9B, 0x8C, 0x7D, 0x6E, 0x5A, 0x43,
    0x17, 0x30, 0x47, 0x5D, 0x6E, 0x78, 0x7A, 0x7A, 0x7A, 0x7A, 0x7A, 0x7A, 0x7A, 0x7A, 0x7A, 0x7A, 0x7A, 0x7A, 0x78, 0x6E, 0x5D, 0x47, 0x30, 0x17,
    0x00, 0x00, 0x00, 0x00, 0x00, 0x00, 0x0C, 0x25, 0x3F, 0x59, 0x73, 0x8C, 0xA6, 0xC0, 0xA6, 0x8C, 0x73, 0x59, 0x3F, 0x25, 0x0C, 0x00, 0x00, 0x00,
    0x00, 0x00, 0x00, 0x00, 0x00, 0x0A, 0x26, 0x42, 0x5E, 0x7A, 0x96, 0xB2, 0xB2, 0x96, 0x7A, 0x5E, 0x42, 0x26, 0x0A, 0x00, 0x00, 0x00, 0x00, 0x00,
    0x00, 0x00, 0x00, 0x17, 0x2D, 0x41, 0x50, 0x5B, 0x5E, 0x5E, 0x5E, 0x5E, 0x5E, 0x5E, 0x5E, 0x5E, 0x74, 0x90, 0xAC, 0xB7, 0x9B, 0x7F, 0x63, 0x47,
    0x00, 0x00, 0x00, 0x0C, 0x25, 0x3F, 0x59, 0x73, 0x8C, 0xA6, 0xC0, 0xA6, 0xA6, 0xC0, 0xA6, 0x8C, 0x73, 0x59, 0x3F, 0x25, 0x0C, 0x00, 0x00, 0x00,
    0x42, 0x5D, 0x76, 0x8C, 0x9A, 0x9B, 0x9B, 0x9B, 0x9B, 0x9B, 0x9B, 0x9B, 0x9B, 0x9B, 0x9B, 0x9B, 0x9B, 0x9B, 0x9B, 0x9A, 0x8C, 0x76, 0x5D, 0x42,
    0x00, 0x00, 0x00, 0x00, 0x00, 0x00, 0x0D, 0x25, 0x3B, 0x4E, 0x5C, 0x65, 0x65, 0x5C, 0x4E, 0x3B, 0x25, 0x0D, 0x00, 0x00, 0x00, 0x00, 0x00, 0x00,
    0x4F, 0x69, 0x81, 0x95, 0xA4, 0xB2, 0xBE, 0xB0, 0xA1, 0x92, 0x96, 0xB2, 0xB2, 0x96, 0x92, 0xA1, 0xB0, 0xBE, 0xB2, 0xA4, 0x95, 0x81, 0x69, 0x4F,
    0x09, 0x20, 0x35, 0x47, 0x55, 0x5D, 0x5E, 0x5E, 0x5E, 0x5E, 0x5E, 0x5E, 0x5E, 0x5E, 0x5E, 0x5E, 0x5E, 0x5E, 0x5D, 0x55, 0x47, 0x35, 0x20, 0x09,
    0x00, 0x00, 0x00, 0x00, 0x00, 0x00, 0x01, 0x1A, 0x34, 0x4E, 0x68, 0x81, 0x9B, 0xB5, 0xB1, 0x97, 0x7E, 0x64, 0x4A, 0x30, 0x17, 0x00, 0x00, 0x00,
    0x00, 0x00, 0x00, 0x00, 0x00, 0x0A, 0x26, 0x42, 0x5E, 0x7A, 0x96, 0xB2, 0xB2, 0x96, 0x7A, 0x5E, 0x42, 0x26, 0x0A, 0x00, 0x00, 0x00, 0x00, 0x00,
    0x00, 0x00, 0x00, 0x06, 0x19, 0x2A, 0x37, 0x3F, 0x42, 0x42, 0x42, 0x42, 0x42, 0x42, 0x42, 0x58, 0x74, 0x90, 0xAC, 0xB7, 0x9B, 0x7F, 0x63, 0x47,
    0x00, 0x00, 0x00, 0x17, 0x30, 0x4A, 0x64, 0x7E, 0x97, 0xB1, 0xB5, 0x9B, 0x9B, 0xB5, 0xB1, 0x97, 0x7E, 0x64, 0x4A, 0x30, 0x17, 0x00, 0x00, 0x00,
    0x47, 0x63, 0x7F, 0x9A, 0xB4, 0xB7, 0xB7, 0xB7, 0xB7, 0xB7, 0xB7, 0xB7, 0xB7, 0xB7, 0xB7, 0xB7, 0xB7, 0xB7, 0xB7, 0xB4, 0x9A, 0x7F, 0x63, 0x47,
    0x00, 0x00, 0x00, 0x00, 0x00, 0x00, 0x1A, 0x33, 0x4C, 0x62, 0x75, 0x80, 0x80, 0x75, 0x62, 0x4C, 0x33, 0x1A, 0x00, 0x00, 0x00, 0x00, 0x00, 0x00,
    0x55, 0x70, 0x8C, 0xA7, 0xBB, 0xB5, 0xA7, 0x98, 0x89, 0x7A, 0x96, 0xB2, 0xB2, 0x96, 0x7A, 0x89, 0x98, 0xA7, 0xB5, 0xBB, 0xA7, 0x8C, 0x70, 0x55,
    0x00, 0x0E, 0x20, 0x30, 0x3B, 0x41, 0x42, 0x42, 0x42, 0x42, 0x42, 0x42, 0x42, 0x42, 0x42, 0x42, 0x42, 0x42, 0x41, 0x3B, 0x30, 0x20, 0x0E, 0x00,
    0x00, 0x00, 0x00, 0x00, 0x00, 0x00, 0x00, 0x0F, 0x29, 0x43, 0x5D, 0x76, 0x90, 0xAA, 0xBC, 0xA2, 0x89, 0x6F, 0x55, 0x3B, 0x22, 0x08, 0x00, 0x00,
    0x00, 0x00, 0x00, 0x00, 0x00, 0x0A, 0x26, 0x42, 0x5E, 0x7A, 0x96, 0xB2, 0xB2, 0x96, 0x7A, 0x5E, 0x42, 0x26, 0x0A, 0x00, 0x00, 0x00, 0x00, 0x00,
    0x00, 0x00, 0x00, 0x00, 0x03, 0x12, 0x1D, 0x24, 0x26, 0x26, 0x26, 0x26, 0x26, 0x26, 0x3C, 0x58, 0x74, 0x90, 0xAC, 0xB7, 0x9B, 0x7F, 0x63, 0x47,
    0x00, 0x00, 0x08, 0x22, 0x3B, 0x55, 0x6F, 0x89, 0xA2, 0xBC, 0xAA, 0x90, 0x90, 0xAA, 0xBC, 0xA2, 0x89, 0x6F, 0x55, 0x3B, 0x22, 0x08, 0x00, 0x00,
    0x46, 0x61, 0x7D, 0x96, 0xAB, 0xAC, 0xAC, 0xAC, 0xAC, 0xAC, 0xAC, 0xAC, 0xAC, 0xAC, 0xAC, 0xAC, 0xAC, 0xAC, 0xAC, 0xAB, 0x96, 0x7D, 0x61, 0x46,
    0x00, 0x00, 0x00, 0x00, 0x00, 0x07, 0x22, 0x3D, 0x58, 0x72, 0x8A, 0x9B, 0x9B, 0x8A, 0x72, 0x58, 0x3D, 0x22, 0x07, 0x00, 0x00, 0x00, 0x00, 0x00,
    0x53, 0x6E, 0x89, 0xA2, 0xAC, 0x9E, 0x8F, 0x80, 0x71, 0x7A, 0x96, 0xB2, 0xB2, 0x96, 0x7A, 0x71, 0x80, 0x8F, 0x9E, 0xAC, 0xA2, 0x89, 0x6E, 0x53,
    0x00, 0x00, 0x09, 0x17, 0x20, 0x25, 0x26, 0x26, 0x26, 0x26, 0x26, 0x26, 0x26, 0x26, 0x26, 0x26, 0x26, 0x26, 0x25, 0x20, 0x17, 0x09, 0x00, 0x00,
    0x00, 0x00, 0x00, 0x00, 0x00, 0x00, 0x00, 0x04, 0x1E, 0x38, 0x52, 0x6B, 0x85, 0x9F, 0xB8, 0xAD, 0x94, 0x7A, 0x60, 0x47, 0x2D, 0x13, 0x00, 0x00,
    0x00, 0x00, 0x00, 0x00, 0x00, 0x0A, 0x26, 0x42, 0x5E, 0x7A, 0x96, 0xB2, 0xB2, 0x96, 0x7A, 0x5E, 0x42, 0x26, 0x0A, 0x00, 0x00, 0x00, 0x00, 0x00,
    0x00, 0x00, 0x00, 0x00, 0x00, 0x00, 0x02, 0x08, 0x0A, 0x0A, 0x0A, 0x0A, 0x0A, 0x20, 0x3C, 0x58, 0x74, 0x90, 0xAC, 0xB7, 0x9B, 0x7F, 0x63, 0x47,
    0x00, 0x00, 0x13, 0x2D, 0x47, 0x60, 0x7A, 0x94, 0xAD, 0xB8, 0x9F, 0x85, 0x85, 0x9F, 0xB8, 0xAD, 0x94, 0x7A, 0x60, 0x47, 0x2D, 0x13, 0x00, 0x00,
    0x3E, 0x58, 0x70, 0x84, 0x90, 0x90, 0x90, 0x90, 0x90, 0x90, 0x90, 0x90, 0x90, 0x90, 0x90, 0x90, 0x90, 0x90, 0x90, 0x90, 0x84, 0x70, 0x58, 0x3E,
    0x00, 0x00, 0x00, 0x00, 0x00, 0x0A, 0x26, 0x42, 0x5E, 0x7A, 0x95, 0xB1, 0xB1, 0x95, 0x7A, 0x5E, 0x42, 0x26, 0x0A, 0x00, 0x00, 0x00, 0x00, 0x00,
    0x4B, 0x64, 0x7A, 0x8B, 0x90, 0x86, 0x77, 0x68, 0x5E, 0x7A, 0x96, 0xB2, 0xB2, 0x96, 0x7A, 0x5E, 0x68, 0x77, 0x86, 0x90, 0x8B, 0x7A, 0x64, 0x4B,
    0x00, 0x00, 0x00, 0x00, 0x05, 0x09, 0x0A, 0x0A, 0x0A, 0x0A, 0x0A, 0x0A, 0x0A, 0x0A, 0x0A, 0x0A, 0x0A, 0x0A, 0x09, 0x05, 0x00, 0x00, 0x00, 0x00,
    0x00, 0x00, 0x00, 0x00, 0x00, 0x00, 0x00, 0x00, 0x13, 0x2D, 0x47, 0x60, 0x7A, 0x94, 0xAD, 0xB8, 0x9F, 0x85, 0x6B, 0x52, 0x38, 0x1E, 0x04, 0x00,
    0x00, 0x00, 0x00, 0x00, 0x00, 0x0A, 0x26, 0x42, 0x5E, 0x7A, 0x96, 0xB2, 0xB2, 0x96, 0x7A, 0x5E, 0x42, 0x26, 0x0A, 0x00, 0x00, 0x00, 0x00, 0x00,
    0x00, 0x00, 0x00, 0x00, 0x00, 0x00, 0x00, 0x00, 0x00, 0x00, 0x00, 0x00, 0x04, 0x20, 0x3C, 0x58, 0x74, 0x90, 0xAC, 0xB7, 0x9B, 0x7F, 0x63, 0x47,
    0x00, 0x04, 0x1E, 0x38, 0x52, 0x6B, 0x85, 0x9F, 0xB8, 0xAD, 0x94, 0x7A, 0x7A, 0x94, 0xAD, 0xB8, 0x9F, 0x85, 0x6B, 0x52, 0x38, 0x1E, 0x04, 0x00,
    0x32, 0x48, 0x5D, 0x6C, 0x74, 0x74, 0x74, 0x74, 0x74, 0x74, 0x74, 0x74, 0x74, 0x74, 0x74, 0x74, 0x74, 0x74, 0x74, 0x74, 0x6C, 0x5D, 0x48, 0x32,
    0x00, 0x00, 0x00, 0x00, 0x00, 0x09, 0x24, 0x40, 0x5B, 0x77, 0x91, 0xA6, 0xA6, 0x91, 0x77, 0x5B, 0x40, 0x24, 0x09, 0x00, 0x00, 0x00, 0x00, 0x00,
    0x3D, 0x53, 0x65, 0x71, 0x74, 0x6D, 0x5F, 0x51, 0x5E, 0x7A, 0x96, 0xB2, 0xB2, 0x96, 0x7A, 0x5E, 0x51, 0x5F, 0x6D, 0x74, 0x71, 0x65, 0x53, 0x3D,
    0x00, 0x00, 0x00, 0x00, 0x00, 0x00, 0x00, 0x00, 0x00, 0x00, 0x00, 0x00, 0x00, 0x00, 0x00, 0x00, 0x00, 0x00, 0x00, 0x00, 0x00, 0x00, 0x00, 0x00,
    0x00, 0x00, 0x00, 0x00, 0x00, 0x00, 0x00, 0x00, 0x08, 0x22, 0x3B, 0x55, 0x6F, 0x89, 0xA2, 0xBC, 0xAA, 0x90, 0x76, 0x5D, 0x43, 0x29, 0x0F, 0x00,
    0x00, 0x00, 0x00, 0x00, 0x00, 0x0A, 0x26, 0x42, 0x5E, 0x7A, 0x96, 0xB2, 0xB2, 0x96, 0x7A, 0x5E, 0x42, 0x26, 0x0A, 0x00, 0x00, 0x00, 0x00, 0x00,
    0x00, 0x00, 0x00, 0x00, 0x00, 0x00, 0x00, 0x00, 0x00, 0x00, 0x00, 0x00, 0x04, 0x20, 0x3C, 0x58, 0x74, 0x90, 0xAC, 0xB7, 0x9B, 0x7F, 0x63, 0x47,
    0x00, 0x0F, 0x29, 0x43, 0x5D, 0x76, 0x90, 0xAA, 0xBC, 0xA2, 0x89, 0x6F, 0x6F, 0x89, 0xA2, 0xBC, 0xAA, 0x90, 0x76, 0x5D, 0x43, 0x29, 0x0F, 0x00,
    0x21, 0x35, 0x46, 0x52, 0x58, 0x58, 0x58, 0x58, 0x58, 0x58, 0x58, 0x58, 0x58, 0x58, 0x58, 0x58, 0x58, 0x58, 0x58, 0x58, 0x52, 0x46, 0x35, 0x21,
    0x00, 0x00, 0x00, 0x00, 0x00, 0x03, 0x1E, 0x38, 0x52, 0x6A, 0x7F, 0x8C, 0x8C, 0x7F, 0x6A, 0x52, 0x38, 0x1E, 0x03, 0x00, 0x00, 0x00, 0x00, 0x00,
    0x2B, 0x3E, 0x4C, 0x56, 0x58, 0x53, 0x48, 0x42, 0x5E, 0x7A, 0x96, 0xB2, 0xB2, 0x96, 0x7A, 0x5E, 0x42, 0x48, 0x53, 0x58, 0x56, 0x4C, 0x3E, 0x2B,
    0x00, 0x00, 0x00, 0x00, 0x00, 0x00, 0x00, 0x00, 0x00, 0x00, 0x00, 0x00, 0x00, 0x00, 0x00, 0x00, 0x00, 0x00, 0x00, 0x00, 0x00, 0x00, 0x00, 0x00,
    0x00, 0x00, 0x00, 0x00, 0x00, 0x00, 0x00, 0x00, 0x00, 0x17, 0x30, 0x4A, 0x64, 0x7E, 0x97, 0xB1, 0xB5, 0x9B, 0x81, 0x68, 0x4E, 0x34, 0x1A, 0x01,
    0x00, 0x00, 0x00, 0x00, 0x00, 0x0A, 0x26, 0x42, 0x5E, 0x7A, 0x96, 0xB2, 0xB2, 0x96, 0x7A, 0x5E, 0x42, 0x26, 0x0A, 0x00, 0x00, 0x00, 0x00, 0x00,
    0x00, 0x00, 0x00, 0x00, 0x00, 0x00, 0x00, 0x00, 0x00, 0x00, 0x00, 0x00, 0x04, 0x20, 0x3C, 0x58, 0x74, 0x90, 0xAC, 0xB7, 0x9B, 0x7F, 0x63, 0x47,
    0x01, 0x1A, 0x34, 0x4E, 0x68, 0x81, 0x9B, 0xB5, 0xB1, 0x97, 0x7E, 0x64, 0x64, 0x7E, 0x97, 0xB1, 0xB5, 0x9B, 0x81, 0x68, 0x4E, 0x34, 0x1A, 0x01,
    0x0D, 0x1F, 0x2D, 0x37, 0x3C, 0x3C, 0x3C, 0x3C, 0x3C, 0x3C, 0x3C, 0x3C, 0x3C, 0x3C, 0x3C, 0x3C, 0x3C, 0x3C, 0x3C, 0x3C, 0x37, 0x2D, 0x1F, 0x0D,
    0x00, 0x00, 0x00, 0x00, 0x00, 0x00, 0x13, 0x2C, 0x43, 0x57, 0x67, 0x71, 0x71, 0x67, 0x57, 0x43, 0x2C, 0x13, 0x00, 0x00, 0x00, 0x00, 0x00, 0x00,
    0x16, 0x26, 0x33, 0x3A, 0x3C, 0x38, 0x2F, 0x42, 0x5E, 0x7A, 0x96, 0xB2, 0xB2, 0x96, 0x7A, 0x5E, 0x42, 0x2F, 0x38, 0x3C, 0x3A, 0x33, 0x26, 0x16,
    0x00, 0x00, 0x00, 0x00, 0x00, 0x00, 0x00, 0x00, 0x00, 0x00, 0x00, 0x00, 0x00, 0x00, 0x00, 0x00, 0x00, 0x00, 0x00, 0x00, 0x00, 0x00, 0x00, 0x00,
    0x00, 0x00, 0x04, 0x0C, 0x0F, 0x0F, 0x0F, 0x0F, 0x0F, 0x0F, 0x25, 0x3F, 0x59, 0x73, 0x8C, 0xA6, 0xC0, 0xA6, 0x8C, 0x73, 0x59, 0x3F, 0x25, 0x0C,
    0x00, 0x00, 0x00, 0x00, 0x00, 0x0A, 0x26, 0x42, 0x5E, 0x7A, 0x96, 0xB2, 0xB2, 0x96, 0x7A, 0x5E, 0x42, 0x26, 0x0A, 0x00, 0x00, 0x00, 0x00, 0x00,
    0x00, 0x00, 0x04, 0x0C, 0x0F, 0x0F, 0x0F, 0x0F, 0x0F, 0x0F, 0x0F, 0x0F, 0x0F, 0x20, 0x3C, 0x58, 0x74, 0x90, 0xAC, 0xB7, 0x9B, 0x7F, 0x63, 0x47,
    0x0C, 0x25, 0x3F, 0x59, 0x73, 0x8C, 0xA6, 0xC0, 0xA6, 0x8C, 0x73, 0x59, 0x59, 0x73, 0x8C, 0xA6, 0xC0, 0xA6, 0x8C, 0x73, 0x59, 0x3F, 0x25, 0x0C,
    0x00, 0x07, 0x14, 0x1C, 0x20, 0x20, 0x20, 0x20, 0x20, 0x20, 0x20, 0x20, 0x20, 0x20, 0x20, 0x20, 0x20, 0x20, 0x20, 0x20, 0x1C, 0x14, 0x07, 0x00,
    0x00, 0x00, 0x00, 0x00, 0x00, 0x00, 0x05, 0x1B, 0x30, 0x41, 0x4E, 0x55, 0x55, 0x4E, 0x41, 0x30, 0x1B, 0x05, 0x00, 0x00, 0x00, 0x00, 0x00, 0x00,
    0x00, 0x0E, 0x18, 0x1F, 0x20, 0x1D, 0x24, 0x3F, 0x5B, 0x75, 0x8F, 0xA3, 0xA3, 0x8F, 0x75, 0x5B, 0x3F, 0x24, 0x1D, 0x20, 0x1F, 0x18, 0x0E, 0x00,
    0x00, 0x00, 0x00, 0x00, 0x00, 0x00, 0x00, 0x00, 0x00, 0x00, 0x00, 0x00, 0x00, 0x00, 0x00, 0x00, 0x00, 0x00, 0x00, 0x00, 0x00, 0x00, 0x00, 0x00,
    0x01, 0x11, 0x1E, 0x27, 0x2B, 0x2B, 0x2B, 0x2B, 0x2B, 0x2B, 0x2B, 0x34, 0x4E, 0x68, 0x81, 0x9B, 0xB5, 0xB1, 0x97, 0x7E, 0x64, 0x4A, 0x30, 0x17,
    0x00, 0x00, 0x00, 0x00, 0x00, 0x0A, 0x26, 0x42, 0x5E, 0x7A, 0x96, 0xB2, 0xB2, 0x96, 0x7A, 0x5E, 0x42, 0x26, 0x0A, 0x00, 0x00, 0x00, 0x00, 0x00,
    0x01, 0x11, 0x1E, 0x27, 0x2B, 0x2B, 0x2B, 0x2B, 0x2B, 0x2B, 0x2B, 0x2B, 0x2B, 0x2B, 0x3C, 0x58, 0x74, 0x90, 0xAC, 0xB7, 0x9B, 0x7F, 0x63, 0x47,
    0x17, 0x30, 0x4A, 0x64, 0x7E, 0x97, 0xB1, 0xB5, 0x9B, 0x81, 0x68, 0x4E, 0x4E, 0x68, 0x81, 0x9B, 0xB5, 0xB1, 0x97, 0x7E, 0x64, 0x4A, 0x30, 0x17,
    0x00, 0x00, 0x00, 0x01, 0x04, 0x04, 0x04, 0x04, 0x04, 0x04, 0x04, 0x04, 0x04, 0x04, 0x04, 0x04, 0x04, 0x04, 0x04, 0x04, 0x01, 0x00, 0x00, 0x00,
    0x00, 0x00, 0x00, 0x00, 0x00, 0x00, 0x00, 0x08, 0x1A, 0x29, 0x34, 0x39, 0x39, 0x34, 0x29, 0x1A, 0x08, 0x00, 0x00, 0x00, 0x00, 0x00, 0x00, 0x00,
    0x00, 0x00, 0x00, 0x03, 0x04, 0x02, 0x1D, 0x37, 0x50, 0x68, 0x7C, 0x89, 0x89, 0x7C, 0x68, 0x50, 0x37, 0x1D, 0x02, 0x04, 0x03, 0x00, 0x00, 0x00,
    0x00, 0x00, 0x00, 0x00, 0x00, 0x00, 0x00, 0x00, 0x00, 0x00, 0x00, 0x00, 0x00, 0x00, 0x00, 0x00, 0x00, 0x00, 0x00, 0x00, 0x00, 0x00, 0x00, 0x00,
    0x16, 0x28, 0x37, 0x42, 0x47, 0x47, 0x47, 0x47, 0x47, 0x47, 0x47, 0x47, 0x47, 0x5D, 0x76, 0x90, 0xAA, 0xBC, 0xA2, 0x89, 0x6F, 0x55, 0x3B, 0x22,
    0x00, 0x00, 0x00, 0x00, 0x00, 0x0A, 0x26, 0x42, 0x5E, 0x7A, 0x96, 0xB2, 0xB2, 0x96, 0x7A, 0x5E, 0x42, 0x26, 0x0A, 0x00, 0x00, 0x00, 0x00, 0x00,
    0x16, 0x28, 0x37, 0x42, 0x47, 0x47, 0x47, 0x47, 0x47, 0x47, 0x47, 0x47, 0x47, 0x47, 0x47, 0x58, 0x74, 0x90, 0xAC, 0xB7, 0x9B, 0x7F, 0x63, 0x47,
    0x22, 0x3B, 0x55, 0x6F, 0x89, 0xA2, 0xBC, 0xAA, 0x90, 0x76, 0x5D, 0x43, 0x43, 0x5D, 0x76, 0x90, 0xAA, 0xBC, 0xA2, 0x89, 0x6F, 0x55, 0x3B, 0x22,
    0x00, 0x00, 0x00, 0x00, 0x00, 0x00, 0x00, 0x00, 0x00, 0x00, 0x00, 0x00, 0x00, 0x00, 0x00, 0x00, 0x00, 0x00, 0x00, 0x00, 0x00, 0x00, 0x00, 0x00,
    0x00, 0x00, 0x00, 0x00, 0x00, 0x00, 0x00, 0x00, 0x03, 0x10, 0x19, 0x1D, 0x1D, 0x19, 0x10, 0x03, 0x00, 0x00, 0x00, 0x00, 0x00, 0x00, 0x00, 0x00,
    0x00, 0x00, 0x00, 0x00, 0x00, 0x00, 0x12, 0x2A, 0x41, 0x55, 0x64, 0x6D, 0x6D, 0x64, 0x55, 0x41, 0x2A, 0x12, 0x00, 0x00, 0x00, 0x00, 0x00, 0x00,
    0x00, 0x00, 0x00, 0x00, 0x00, 0x00, 0x00, 0x00, 0x00, 0x00, 0x00, 0x00, 0x00, 0x00, 0x00, 0x00, 0x00, 0x00, 0x00, 0x00, 0x00, 0x00, 0x00, 0x00,
    0x28, 0x3D, 0x4F, 0x5D, 0x63, 0x63, 0x63, 0x63, 0x63, 0x63, 0x63, 0x63, 0x63, 0x63, 0x6B, 0x85, 0x9F, 0xB8, 0xAD, 0x94, 0x7A, 0x60, 0x47, 0x2D,
    0x00, 0x00, 0x00, 0x00, 0x00, 0x0A, 0x26, 0x42, 0x5E, 0x7A, 0x96, 0xB2, 0xB2, 0x96, 0x7A, 0x5E, 0x42, 0x26, 0x0A, 0x00, 0x00, 0x00, 0x00, 0x00,
    0x28, 0x3D, 0x4F, 0x5D, 0x63, 0x63, 0x63, 0x63, 0x63, 0x63, 0x63, 0x63, 0x63, 0x63, 0x63, 0x63, 0x74, 0x90, 0xAC, 0xB7, 0x9B, 0x7F, 0x63, 0x47,
    0x2D, 0x47, 0x60, 0x7A, 0x94, 0xAD, 0xB8, 0x9F, 0x85, 0x6B, 0x52, 0x38, 0x38, 0x52, 0x6B, 0x85, 0x9F, 0xB8, 0xAD, 0x94, 0x7A, 0x60, 0x47, 0x2D,
    0x00, 0x00, 0x00, 0x00, 0x00, 0x00, 0x00, 0x00, 0x00, 0x00, 0x00, 0x00, 0x00, 0x00, 0x00, 0x00, 0x00, 0x00, 0x00, 0x00, 0x00, 0x00, 0x00, 0x00,
    0x00, 0x00, 0x00, 0x00, 0x00, 0x00, 0x00, 0x00, 0x00, 0x00, 0x00, 0x01, 0x01, 0x00, 0x00, 0x00, 0x00, 0x00, 0x00, 0x00, 0x00, 0x00, 0x00, 0x00,
    0x00, 0x00, 0x00, 0x00, 0x00, 0x00, 0x03, 0x19, 0x2D, 0x3E, 0x4B, 0x52, 0x52, 0x4B, 0x3E, 0x2D, 0x19, 0x03, 0x00, 0x00, 0x00, 0x00, 0x00, 0x00,
    0x00, 0x00, 0x00, 0x00, 0x00, 0x00, 0x00, 0x00, 0x00, 0x00, 0x00, 0x00, 0x00, 0x00, 0x00, 0x00, 0x00, 0x00, 0x00, 0x00, 0x00, 0x00, 0x00, 0x00,
    0x37, 0x4F, 0x65, 0x76, 0x7F, 0x7F, 0x7F, 0x7F, 0x7F, 0x7F, 0x7F, 0x7F, 0x7F, 0x7F, 0x7F, 0x7F, 0x94, 0xAD, 0xB8, 0x9F, 0x85, 0x6B, 0x52, 0x38,
    0x00, 0x00, 0x00, 0x00, 0x00, 0x0A, 0x26, 0x42, 0x5E, 0x7A, 0x96, 0xB2, 0xB2, 0x96, 0x7A, 0x5E, 0x42, 0x26, 0x0A, 0x00, 0x00, 0x00, 0x00, 0x00,
    0x37, 0x4F, 0x65, 0x76, 0x7F, 0x7F, 0x7F, 0x7F, 0x7F, 0x7F, 0x7F, 0x7F, 0x7F, 0x7F, 0x7F, 0x7F, 0x7F, 0x90, 0xAC, 0xB7, 0x9B, 0x7F, 0x63, 0x47,
    0x38, 0x52, 0x6B, 0x85, 0x9F, 0xB8, 0xAD, 0x94, 0x7A, 0x60, 0x47, 0x2D, 0x2D, 0x47, 0x60, 0x7A, 0x94, 0xAD, 0xB8, 0x9F, 0x85, 0x6B, 0x52, 0x38,
    0x00, 0x00, 0x00, 0x00, 0x00, 0x00, 0x00, 0x00, 0x00, 0x00, 0x00, 0x00, 0x00, 0x00, 0x00, 0x00, 0x00, 0x00, 0x00, 0x00, 0x00, 0x00, 0x00, 0x00,
    0x00, 0x00, 0x00, 0x00, 0x00, 0x00, 0x00, 0x00, 0x00, 0x00, 0x00, 0x00, 0x00, 0x00, 0x00, 0x00, 0x00, 0x00, 0x00, 0x00, 0x00, 0x00, 0x00, 0x00,
    0x00, 0x00, 0x00, 0x00, 0x00, 0x00, 0x00, 0x06, 0x17, 0x26, 0x30, 0x36, 0x36, 0x30, 0x26, 0x17, 0x06, 0x00, 0x00, 0x00, 0x00, 0x00, 0x00, 0x00,
    0x00, 0x00, 0x00, 0x00, 0x00, 0x00, 0x00, 0x00, 0x00, 0x00, 0x00, 0x00, 0x00, 0x00, 0x00, 0x00, 0x00, 0x00, 0x00, 0x00, 0x00, 0x00, 0x00, 0x00,
    0x42, 0x5D, 0x76, 0x8C, 0x9A, 0x9B, 0x9B, 0x9B, 0x9B, 0x9B, 0x9B, 0x9B, 0x9B, 0x9B, 0x9B, 0x9B, 0x9B, 0xA2, 0xBC, 0xAA, 0x90, 0x76, 0x5D, 0x42,
    0x00, 0x00, 0x00, 0x00, 0x00, 0x0A, 0x26, 0x42, 0x5E, 0x7A, 0x96, 0xB2, 0xB2, 0x96, 0x7A, 0x5E, 0x42, 0x26, 0x0A, 0x00, 0x00, 0x00, 0x00, 0x00,
    0x42, 0x5D, 0x76, 0x8C, 0x9A, 0x9B, 0x9B, 0x9B, 0x9B, 0x9B, 0x9B, 0x9B, 0x9B, 0x9B, 0x9B, 0x9B, 0x9B, 0x9B, 0xAC, 0xB7, 0x9B, 0x7F, 0x63, 0x47,
    0x42, 0x5D, 0x76, 0x90, 0xAA, 0xBC, 0xA2, 0x89, 0x6F, 0x55, 0x3B, 0x22, 0x22, 0x3B, 0x55, 0x6F, 0x89, 0xA2, 0xBC, 0xAA, 0x90, 0x76, 0x5D, 0x42,
    0x00, 0x00, 0x00, 0x00, 0x00, 0x00, 0x00, 0x00, 0x00, 0x00, 0x00, 0x00, 0x00, 0x00, 0x00, 0x00, 0x00, 0x00, 0x00, 0x00, 0x00, 0x00, 0x00, 0x00,
    0x00, 0x00, 0x00, 0x00, 0x00, 0x00, 0x00, 0x00, 0x00, 0x00, 0x00, 0x00, 0x00, 0x00, 0x00, 0x00, 0x00, 0x00, 0x00, 0x00, 0x00, 0x00, 0x00, 0x00,
    0x00, 0x00, 0x00, 0x00, 0x00, 0x00, 0x00, 0x00, 0x00, 0x0C, 0x15, 0x1A, 0x1A, 0x15, 0x0C, 0x00, 0x00, 0x00, 0x00, 0x00, 0x00, 0x00, 0x00, 0x00,
    0x00, 0x00, 0x00, 0x00, 0x00, 0x00, 0x00, 0x00, 0x00, 0x00, 0x00, 0x00, 0x00, 0x00, 0x00, 0x00, 0x00, 0x00, 0x00, 0x00, 0x00, 0x00, 0x00, 0x00,
    0x47, 0x63, 0x7F, 0x9A, 0xB4, 0xB7, 0xB7, 0xB7, 0xB7, 0xB7, 0xB7, 0xB7, 0xB7, 0xB7, 0xB7, 0xB7, 0xB7, 0xB7, 0xB7, 0xB5, 0x9A, 0x7F, 0x63, 0x47,
    0x00, 0x00, 0x00, 0x00, 0x00, 0x0A, 0x26, 0x42, 0x5E, 0x7A, 0x96, 0xB2, 0xB2, 0x96, 0x7A, 0x5E, 0x42, 0x26, 0x0A, 0x00, 0x00, 0x00, 0x00, 0x00,
    0x47, 0x63, 0x7F, 0x9A, 0xB4, 0xB7, 0xB7, 0xB7, 0xB7, 0xB7, 0xB7, 0xB7, 0xB7, 0xB7, 0xB7, 0xB7, 0xB7, 0xB7, 0xB7, 0xB7, 0x9B, 0x7F, 0x63, 0x47,
    0x47, 0x63, 0x7F, 0x9A, 0xB5, 0xB1, 0x97, 0x7E, 0x64, 0x4A, 0x30, 0x17, 0x17, 0x30, 0x4A, 0x64, 0x7E, 0x97, 0xB1, 0xB5, 0x9A, 0x7F, 0x63, 0x47,
    0x00, 0x00, 0x00, 0x00, 0x00, 0x00, 0x00, 0x00, 0x00, 0x00, 0x00, 0x00, 0x00, 0x00, 0x00, 0x00, 0x00, 0x00, 0x00, 0x00, 0x00, 0x00, 0x00, 0x00,
    0x00, 0x00, 0x00, 0x00, 0x00, 0x00, 0x00, 0x00, 0x00, 0x00, 0x00, 0x00, 0x00, 0x00, 0x00, 0x00, 0x00, 0x00, 0x00, 0x00, 0x00, 0x00, 0x00, 0x00,
    0x00, 0x00, 0x00, 0x00, 0x00, 0x00, 0x00, 0x00, 0x00, 0x00, 0x00, 0x00, 0x00, 0x00, 0x00, 0x00, 0x00, 0x00, 0x00, 0x00, 0x00, 0x00, 0x00, 0x00,
    0x00, 0x00, 0x00, 0x00, 0x00, 0x00, 0x00, 0x00, 0x00, 0x00, 0x00, 0x00, 0x00, 0x00, 0x00, 0x00, 0x00, 0x00, 0x00, 0x00, 0x00, 0x00, 0x00, 0x00,
    0x46, 0x61, 0x7D, 0x96, 0xAB, 0xAC, 0xAC, 0xAC, 0xAC, 0xAC, 0xAC, 0xAC, 0xAC, 0xAC, 0xAC, 0xAC, 0xAC, 0xAC, 0xAC, 0xAB, 0x96, 0x7D, 0x61, 0x46,
    0x00, 0x00, 0x00, 0x00, 0x00, 0x09, 0x25, 0x40, 0x5C, 0x77, 0x91, 0xA8, 0xA8, 0x91, 0x77, 0x5C, 0x40, 0x25, 0x09, 0x00, 0x00, 0x00, 0x00, 0x00,
    0x46, 0x61, 0x7D, 0x96, 0xAB, 0xAC, 0xAC, 0xAC, 0xAC, 0xAC, 0xAC, 0xAC, 0xAC, 0xAC, 0xAC, 0xAC, 0xAC, 0xAC, 0xAC, 0xAB, 0x96, 0x7D, 0x61, 0x46,
    0x46, 0x61, 0x7D, 0x96, 0xAB, 0xA4, 0x8C, 0x73, 0x59, 0x3F, 0x25, 0x0C, 0x0C, 0x25, 0x3F, 0x59, 0x73, 0x8C, 0xA4, 0xAB, 0x96, 0x7D, 0x61, 0x46,
    0x00, 0x00, 0x00, 0x00, 0x00, 0x00, 0x00, 0x00, 0x00, 0x00, 0x00, 0x00, 0x00, 0x00, 0x00, 0x00, 0x00, 0x00, 0x00, 0x00, 0x00, 0x00, 0x00, 0x00,
    0x00, 0x00, 0x00, 0x00, 0x00, 0x00, 0x00, 0x00, 0x00, 0x00, 0x00, 0x00, 0x00, 0x00, 0x00, 0x00, 0x00, 0x00, 0x00, 0x00, 0x00, 0x00, 0x00, 0x00,
    0x00, 0x00, 0x00, 0x00, 0x00, 0x00, 0x00, 0x00, 0x00, 0x00, 0x00, 0x00, 0x00, 0x00, 0x00, 0x00, 0x00, 0x00, 0x00, 0x00, 0x00, 0x00, 0x00, 0x00,
    0x00, 0x00, 0x00, 0x00, 0x00, 0x00, 0x00, 0x00, 0x00, 0x00, 0x00, 0x00, 0x00, 0x00, 0x00, 0x00, 0x00, 0x00, 0x00, 0x00, 0x00, 0x00, 0x00, 0x00,
    0x3E, 0x58, 0x70, 0x84, 0x90, 0x90, 0x90, 0x90, 0x90, 0x90, 0x90, 0x90, 0x90, 0x90, 0x90, 0x90, 0x90, 0x90, 0x90, 0x90, 0x84, 0x70, 0x58, 0x3E,
    0x00, 0x00, 0x00, 0x00, 0x00, 0x04, 0x1F, 0x39, 0x53, 0x6B, 0x80, 0x8E, 0x8E, 0x80, 0x6B, 0x53, 0x39, 0x1F, 0x04, 0x00, 0x00, 0x00, 0x00, 0x00,
    0x3E, 0x58, 0x70, 0x84, 0x90, 0x90, 0x90, 0x90, 0x90, 0x90, 0x90, 0x90, 0x90, 0x90, 0x90, 0x90, 0x90, 0x90, 0x90, 0x90, 0x84, 0x70, 0x58, 0x3E,
    0x3E, 0x58, 0x70, 0x84, 0x90, 0x8C, 0x7D, 0x67, 0x4E, 0x34, 0x1A, 0x01, 0x01, 0x1A, 0x34, 0x4E, 0x67, 0x7D, 0x8C, 0x90, 0x84, 0x70, 0x58, 0x3E,
    0x00, 0x00, 0x00, 0x00, 0x00, 0x00, 0x00, 0x00, 0x00, 0x00, 0x00, 0x00, 0x00, 0x00, 0x00, 0x00, 0x00, 0x00, 0x00, 0x00, 0x00, 0x00, 0x00, 0x00,
    0x00, 0x00, 0x00, 0x00, 0x00, 0x00, 0x00, 0x00, 0x00, 0x00, 0x00, 0x00, 0x00, 0x00, 0x00, 0x00, 0x00, 0x00, 0x00, 0x00, 0x00, 0x00, 0x00, 0x00,
    0x00, 0x00, 0x00, 0x00, 0x00, 0x00, 0x00, 0x00, 0x00, 0x00, 0x00, 0x00, 0x00, 0x00, 0x00, 0x00, 0x00, 0x00, 0x00, 0x00, 0x00, 0x00, 0x00, 0x00,
    0x00, 0x00, 0x00, 0x00, 0x00, 0x00, 0x00, 0x00, 0x00, 0x00, 0x00, 0x00, 0x00, 0x00, 0x00, 0x00, 0x00, 0x00, 0x00, 0x00, 0x00, 0x00, 0x00, 0x00,
    0x32, 0x48, 0x5D, 0x6C, 0x74, 0x74, 0x74, 0x74, 0x74, 0x74, 0x74, 0x74, 0x74, 0x74, 0x74, 0x74, 0x74, 0x74, 0x74, 0x74, 0x6C, 0x5D, 0x48, 0x32,
    0x00, 0x00, 0x00, 0x00, 0x00, 0x00, 0x14, 0x2D, 0x44, 0x59, 0x69, 0x73, 0x73, 0x69, 0x59, 0x44, 0x2D, 0x14, 0x00, 0x00, 0x00, 0x00, 0x00, 0x00,
    0x32, 0x48, 0x5D, 0x6C, 0x74, 0x74, 0x74, 0x74, 0x74, 0x74, 0x74, 0x74, 0x74, 0x74, 0x74, 0x74, 0x74, 0x74, 0x74, 0x74, 0x6C, 0x5D, 0x48, 0x32,
    0x32, 0x48, 0x5D, 0x6C, 0x74, 0x72, 0x67, 0x55, 0x40, 0x28, 0x0F, 0x00, 0x00, 0x0F, 0x28, 0x40, 0x55, 0x67, 0x72, 0x74, 0x6C, 0x5D, 0x48, 0x32,
    0x00, 0x00, 0x00, 0x00, 0x00, 0x00, 0x00, 0x00, 0x00, 0x00, 0x00, 0x00, 0x00, 0x00, 0x00, 0x00, 0x00, 0x00, 0x00, 0x00, 0x00, 0x00, 0x00, 0x00,
    0x00, 0x00, 0x00, 0x00, 0x00, 0x00, 0x00, 0x00, 0x00, 0x00, 0x00, 0x00, 0x00, 0x00, 0x00, 0x00, 0x00, 0x00, 0x00, 0x00, 0x00, 0x00, 0x00, 0x00,
    0x00, 0x00, 0x00, 0x00, 0x00, 0x00, 0x00, 0x00, 0x00, 0x00, 0x00, 0x00, 0x00, 0x00, 0x00, 0x00, 0x00, 0x00, 0x00, 0x00, 0x00, 0x00, 0x00, 0x00,
    0x00, 0x00, 0x00, 0x00, 0x00, 0x00, 0x00, 0x00, 0x00, 0x00, 0x00, 0x00, 0x00, 0x00, 0x00, 0x00, 0x00, 0x00, 0x00, 0x00, 0x00, 0x00, 0x00, 0x00,
    0x21, 0x35, 0x46, 0x52, 0x58, 0x58, 0x58, 0x58, 0x58, 0x58, 0x58, 0x58, 0x58, 0x58, 0x58, 0x58, 0x58, 0x58, 0x58, 0x58, 0x52, 0x46, 0x35, 0x21,
    0x00, 0x00, 0x00, 0x00, 0x00, 0x00, 0x06, 0x1D, 0x31, 0x43, 0x50, 0x57, 0x57, 0x50, 0x43, 0x31, 0x1D, 0x06, 0x00, 0x00, 0x00, 0x00, 0x00, 0x00,
    0x21, 0x35, 0x46, 0x52, 0x58, 0x58, 0x58, 0x58, 0x58, 0x58, 0x58, 0x58, 0x58, 0x58, 0x58, 0x58, 0x58, 0x58, 0x58, 0x58, 0x52, 0x46, 0x35, 0x21,
    0x21, 0x35, 0x46, 0x52, 0x58, 0x56, 0x4E, 0x40, 0x2D, 0x18, 0x02, 0x00, 0x00, 0x02, 0x18, 0x2D, 0x40, 0x4E, 0x56, 0x58, 0x52, 0x46, 0x35, 0x21,
    0x00, 0x00, 0x00, 0x00, 0x00, 0x00, 0x00, 0x00, 0x00, 0x00, 0x00, 0x00, 0x00, 0x00, 0x00, 0x00, 0x00, 0x00, 0x00, 0x00, 0x00, 0x00, 0x00, 0x00,
    0x00, 0x00, 0x00, 0x00, 0x00, 0x00, 0x00, 0x00, 0x00, 0x00, 0x00, 0x00, 0x00, 0x00, 0x00, 0x00, 0x00, 0x00, 0x00, 0x00, 0x00, 0x00, 0x00, 0x00,
    0x00, 0x00, 0x00, 0x00, 0x00, 0x00, 0x00, 0x00, 0x00, 0x00, 0x00, 0x00, 0x00, 0x00, 0x00, 0x00, 0x00, 0x00, 0x00, 0x00, 0x00, 0x00, 0x00, 0x00,
    0x00, 0x00, 0x00, 0x00, 0x00, 0x00, 0x00, 0x00, 0x00, 0x00, 0x00, 0x00, 0x00, 0x00, 0x00, 0x00, 0x00, 0x00, 0x00, 0x00, 0x00, 0x00, 0x00, 0x00,
    0x0D, 0x1F, 0x2D, 0x37, 0x3C, 0x3C, 0x3C, 0x3C, 0x3C, 0x3C, 0x3C, 0x3C, 0x3C, 0x3C, 0x3C, 0x3C, 0x3C, 0x3C, 0x3C, 0x3C, 0x37, 0x2D, 0x1F, 0x0D,
    0x00, 0x00, 0x00, 0x00, 0x00, 0x00, 0x00, 0x0A, 0x1C, 0x2B, 0x36, 0x3B, 0x3B, 0x36, 0x2B, 0x1C, 0x0A, 0x00, 0x00, 0x00, 0x00, 0x00, 0x00, 0x00,
    0x0D, 0x1F, 0x2D, 0x37, 0x3C, 0x3C, 0x3C, 0x3C, 0x3C, 0x3C, 0x3C, 0x3C, 0x3C, 0x3C, 0x3C, 0x3C, 0x3C, 0x3C, 0x3C, 0x3C, 0x37, 0x2D, 0x1F, 0x0D,
    0x0D, 0x1F, 0x2D, 0x37, 0x3C, 0x3B, 0x34, 0x28, 0x18, 0x06, 0x00, 0x00, 0x00, 0x00, 0x06, 0x18, 0x28, 0x34, 0x3B, 0x3C, 0x37, 0x2D, 0x1F, 0x0D,
    0x00, 0x00, 0x00, 0x00, 0x00, 0x00, 0x00, 0x00, 0x00, 0x00, 0x00, 0x00, 0x00, 0x00, 0x00, 0x00, 0x00, 0x00, 0x00, 0x00, 0x00, 0x00, 0x00, 0x00,
    0x00, 0x00, 0x00, 0x00, 0x00, 0x00, 0x00, 0x00, 0x00, 0x00, 0x00, 0x00, 0x00, 0x00, 0x00, 0x00, 0x00, 0x00, 0x00, 0x00, 0x00, 0x00, 0x00, 0x00,
    0x00, 0x00, 0x00, 0x00, 0x00, 0x00, 0x00, 0x00, 0x00, 0x00, 0x00, 0x00, 0x00, 0x00, 0x00, 0x00, 0x00, 0x00, 0x00, 0x00, 0x00, 0x00, 0x00, 0x00,
    0x00, 0x00, 0x00, 0x00, 0x00, 0x00, 0x00, 0x00, 0x00, 0x00, 0x00, 0x00, 0x00, 0x00, 0x00, 0x00, 0x00, 0x00, 0x00, 0x00, 0x00, 0x00, 0x00, 0x00,
    0x00, 0x07, 0x14, 0x1C, 0x20, 0x20, 0x20, 0x20, 0x20, 0x20, 0x20, 0x20, 0x20, 0x20, 0x20, 0x20, 0x20, 0x20, 0x20, 0x20, 0x1C, 0x14, 0x07, 0x00,
    0x00, 0x00, 0x00, 0x00, 0x00, 0x00, 0x00, 0x00, 0x05, 0x12, 0x1B, 0x20, 0x20, 0x1B, 0x12, 0x05, 0x00, 0x00, 0x00, 0x00, 0x00, 0x00, 0x00, 0x00,
    0x00, 0x07, 0x14, 0x1C, 0x20, 0x20, 0x20, 0x20, 0x20, 0x20, 0x20, 0x20, 0x20, 0x20, 0x20, 0x20, 0x20, 0x20, 0x20, 0x20, 0x1C, 0x14, 0x07, 0x00,
    0x00, 0x07, 0x14, 0x1C, 0x20, 0x1F, 0x19, 0x0F, 0x02, 0x00, 0x00, 0x00, 0x00, 0x00, 0x00, 0x02, 0x0F, 0x19, 0x1F, 0x20, 0x1C, 0x14, 0x07, 0x00,
    0x00, 0x00, 0x00, 0x00, 0x00, 0x00, 0x00, 0x00, 0x00, 0x00, 0x00, 0x00, 0x00, 0x00, 0x00, 0x00, 0x00, 0x00, 0x00, 0x00, 0x00, 0x00, 0x00, 0x00,
    0x00, 0x00, 0x00, 0x00, 0x00, 0x00, 0x00, 0x00, 0x00, 0x00, 0x00, 0x00, 0x00, 0x00, 0x00, 0x00, 0x00, 0x00, 0x00, 0x00, 0x00, 0x00, 0x00, 0x00,
    0x00, 0x00, 0x00, 0x00, 0x00, 0x00, 0x00, 0x00, 0x00, 0x00, 0x00, 0x00, 0x00, 0x00, 0x00, 0x00, 0x00, 0x00, 0x00, 0x00, 0x00, 0x00, 0x00, 0x00,
    0x00, 0x00, 0x00, 0x00, 0x00, 0x00, 0x00, 0x00, 0x00, 0x00, 0x00, 0x00, 0x00, 0x00, 0x00, 0x00, 0x00, 0x00, 0x00, 0x00, 0x00, 0x00, 0x00, 0x00,
    0x00, 0x00, 0x00, 0x01, 0x04, 0x04, 0x04, 0x04, 0x04, 0x04, 0x04, 0x04, 0x04, 0x04, 0x04, 0x04, 0x04, 0x04, 0x04, 0x04, 0x01, 0x00, 0x00, 0x00,
    0x00, 0x00, 0x00, 0x00, 0x00, 0x00, 0x00, 0x00, 0x00, 0x00, 0x00, 0x04, 0x04, 0x00, 0x00, 0x00, 0x00, 0x00, 0x00, 0x00, 0x00, 0x00, 0x00, 0x00,
    0x00, 0x00, 0x00, 0x01, 0x04, 0x04, 0x04, 0x04, 0x04, 0x04, 0x04, 0x04, 0x04, 0x04, 0x04, 0x04, 0x04, 0x04, 0x04, 0x04, 0x01, 0x00, 0x00, 0x00,
    0x00, 0x00, 0x00, 0x01, 0x04, 0x03, 0x00, 0x00, 0x00, 0x00, 0x00, 0x00, 0x00, 0x00, 0x00, 0x00, 0x00, 0x00, 0x03, 0x04, 0x01, 0x00, 0x00, 0x00,
    0x00, 0x00, 0x00, 0x00, 0x00, 0x00, 0x00, 0x00, 0x00, 0x00, 0x00, 0x00, 0x00, 0x00, 0x00, 0x00, 0x00, 0x00, 0x00, 0x00, 0x00, 0x00, 0x00, 0x00,
    0x00, 0x00, 0x00, 0x00, 0x00, 0x00, 0x00, 0x00, 0x00, 0x00, 0x00, 0x00, 0x00, 0x00, 0x00, 0x00, 0x00, 0x00, 0x00, 0x00, 0x00, 0x00, 0x00, 0x00,
    0x00, 0x00, 0x00, 0x00, 0x00, 0x00, 0x00, 0x00, 0x00, 0x00, 0x00, 0x00, 0x00, 0x00, 0x00, 0x00, 0x00, 0x00, 0x00, 0x00, 0x00, 0x00, 0x00, 0x00,
    0x00, 0x00, 0x00, 0x00, 0x00, 0x00, 0x00, 0x00, 0x00, 0x00, 0x00, 0x00, 0x00, 0x00, 0x00, 0x00, 0x00, 0x00, 0x00, 0x00, 0x00, 0x00, 0x00, 0x00
};
// clang-format on
